longitude	latitude	speed
-122.659593	45.506203	4.3914988814
-122.68108	45.51449	5.4085263242
-122.680895	45.51474	6
-122.680838	45.514825	2
-122.680703	45.515207	1.4666666667
-122.680567	45.515458	6
-122.680457	45.515667	4.8
-122.680332	45.515913	5.8
-122.680187	45.516198	6.8
-122.680025	45.516495	6.8
-122.679667	45.517027	6.4
-122.67949	45.51726	6
-122.679353	45.517478	5.2
-122.67922	45.517818	0.347826087
-122.679048	45.518122	7
-122.678935	45.518315	4.6
-122.678792	45.518602	6.8
-122.678638	45.518913	7.2
-122.678483	45.519225	7.2
-122.678332	45.519495	6.4
-122.678178	45.51978	6.8
-122.678007	45.52009	7.2
-122.677932	45.520223	2.8
-122.677895	45.520295	2
-122.677695	45.520582	7.2
-122.677557	45.520813	5.2
-122.677328	45.521418	1.0142857143
-122.677177	45.521735	7.2
-122.67703	45.522035	7
-122.67691	45.52222	4
-122.6769	45.52223	0.0666666667
-122.676882	45.522353	3
-122.677133	45.522475	4.4
-122.677295	45.522512	2.2
-122.677395	45.522587	2.6
-122.677298	45.522758	4
-122.677288	45.52281	0.3333333333
-122.677112	45.522915	3.4
-122.67681	45.52292	4.8
-122.676643	45.522912	2.2
-122.676103	45.522948	2.4
-122.67579	45.522948	4.6
-122.675687	45.522947	1.2
-122.675637	45.522948	0.1333333333
-122.675288	45.52295	5.8
-122.674775	45.522938	8.2
-122.67419	45.522963	9.4
-122.67357	45.52298	9.6
-122.673037	45.522985	8
-122.672718	45.522983	4.4
-122.672687	45.522987	0.25
-122.672687	45.522987	0
-122.672647	45.522987	0.8
-122.671897	45.52302	1.1636363636
-122.671252	45.523025	10
-122.670523	45.523027	11.4
-122.669755	45.523017	12
-122.668953	45.523007	12.4
-122.668132	45.522995	12.8
-122.667297	45.522985	12.8
-122.666412	45.52297	13.8
-122.665488	45.522955	14.4
-122.664522	45.522937	15
-122.663555	45.522915	14.8
-122.662638	45.522897	14
-122.661887	45.522903	11.2
-122.661257	45.52291	9.8
-122.660602	45.52291	9.8
-122.660015	45.522908	9.2
-122.659407	45.52291	9.4
-122.65877	45.522908	9.8
-122.658212	45.522902	8.4
-122.657893	45.522888	4
-122.65707	45.522902	1.2545454545
-122.65651	45.5229	8.8
-122.655995	45.522898	7.4
-122.655623	45.522897	6
-122.655102	45.522895	8.2
-122.654593	45.522885	8
-122.65407	45.522857	7.6
-122.653835	45.522845	2.8
-122.65339	45.522865	2.05
-122.652792	45.522865	7.4
-122.652152	45.522857	10
-122.651492	45.52287	10.2
-122.650835	45.52289	10.2
-122.65022	45.522885	9.6
-122.649752	45.522867	7.4
-122.64955	45.522902	3.8
-122.649477	45.523118	5.2222744729
-122.64949	45.523508	8.6
-122.649493	45.52392	9
-122.64949	45.524205	6.4
-122.649488	45.524257	1.75
-122.649488	45.524257	0
-122.649488	45.524257	0
-122.649482	45.524345	1.6
-122.649273	45.524497	4.4
-122.64883	45.524647	7.6
-122.64831	45.524832	9
-122.647763	45.52503	9.6
-122.647175	45.52524	10.2
-122.646628	45.525433	9.4
-122.64632	45.525535	5.4
-122.645888	45.525717	1.56
-122.645388	45.525905	8.8
-122.644807	45.526118	10
-122.644205	45.526343	10.6
-122.643578	45.526598	11.2
-122.642927	45.526863	11.6
-122.642273	45.527123	11.6
-122.641665	45.527365	10.8
-122.641222	45.527533	8
-122.640942	45.527638	0.6
-122.640687	45.52774	4.6
-122.640262	45.527912	7.6
-122.639733	45.528118	9.2
-122.639173	45.528328	9.8
-122.638602	45.52856	6.375
-122.638007	45.52877	10.4
-122.63754	45.528948	8.2
-122.637362	45.529017	3.2
-122.6373	45.529042	0.25
-122.63695	45.529178	6.2
-122.636448	45.529373	9
-122.635877	45.529613	10.2
-122.635267	45.529858	10.8
-122.634647	45.530112	11.2
-122.634052	45.530362	10.8
-122.633452	45.530597	10.6
-122.632927	45.53078	9
-122.632435	45.53098	8.8
-122.631867	45.53121	10.2
-122.63131	45.531403	9.6
-122.630928	45.531537	6.4
-122.63068	45.531635	0.6571428571
-122.630413	45.531743	4.6
-122.630317	45.53178	1.8
-122.629715	45.53205	2.2
-122.62916	45.532275	10
-122.628657	45.532475	8.8
-122.628197	45.532657	8.2
-122.627638	45.532892	10.2
-122.62702	45.53314	11
-122.626402	45.533373	10.8
-122.625815	45.533623	10.6
-122.625317	45.533832	8.8
-122.625	45.533958	5.6
-122.624918	45.53399	0.35
-122.624462	45.534173	7
-122.623875	45.534425	8.6666666667
-122.623497	45.534582	6.8
-122.623155	45.534717	1.5789473684
-122.622882	45.53483	4.1666666667
-122.622425	45.53502	10.25
-122.621935	45.535223	8.8
-122.621432	45.535428	9
-122.620933	45.535633	9
-122.620438	45.535837	8.8
-122.620098	45.53598	6
-122.620005	45.536027	0.2857142857
-122.619723	45.536148	5
-122.61965	45.53618	1.2
-122.619095	45.536437	2.04
-122.619053	45.536455	0.1
-122.61876	45.536588	5.8
-122.618283	45.53681	9
-122.617728	45.537062	10.2
-122.616513	45.53762	11.2
-122.615903	45.5379	11.2
-122.615332	45.53817	10.6
-122.614857	45.538357	8.2
-122.614683	45.538423	2.8
-122.613573	45.538872	4.12
-122.612877	45.539102	11.8
-122.61221	45.539325	11.4
-122.611698	45.539483	8.4
-122.611437	45.539562	4
-122.610547	45.539882	5.0863650498
-122.609867	45.540115	11.8
-122.609215	45.540335	11.2
-122.608573	45.540598	11.6
-122.607927	45.540863	11.6
-122.607257	45.541147	12.2
-122.606557	45.541417	12.4
-122.605902	45.541665	11.4
-122.605318	45.541892	10.2
-122.6049	45.542048	7
-122.604808	45.542083	1.2
-122.604603	45.542168	0.88
-122.603552	45.542595	9.6
-122.602887	45.542855	11.8
-122.602197	45.543123	12.2
-122.601488	45.5434	12.6
-122.600772	45.54368	12.6
-122.600055	45.543957	12.8
-122.599343	45.544237	12.6
-122.597828	45.544817	13.3
-122.597187	45.545068	11.2
-122.596533	45.545325	11.8
-122.595828	45.545602	12.4
-122.595153	45.545865	11.8
-122.594678	45.54605	7.8
-122.594488	45.546122	3
-122.594443	45.546138	0.25
-122.593568	45.546482	8.1
-122.592943	45.546725	11.2
-122.59234	45.54696	10.4
-122.591793	45.547177	9.8
-122.591308	45.547362	8.2
-122.591032	45.547442	4
-122.590613	45.547623	0.6307692308
-122.590298	45.547743	5.2
-122.590165	45.547797	2.4
-122.589875	45.547912	5.6
-122.58945	45.548077	7.6
-122.5889	45.548295	10
-122.588272	45.54854	11.2
-122.587705	45.548767	10
-122.587095	45.548995	10.8
-122.586432	45.549258	12
-122.585723	45.549542	12.6
-122.585003	45.549822	12.8
-122.584268	45.55011	13
-122.583545	45.550408	12.8
-122.58282	45.550705	13.2
-122.582073	45.551005	13.2
-122.581322	45.551305	13.4
-122.58059	45.551603	13
-122.579913	45.551877	11.8
-122.579393	45.552085	8.6
-122.579068	45.552213	5.2
-122.578992	45.552243	1
-122.578988	45.552247	0.0222222222
-122.578772	45.552337	4.4
-122.578437	45.552473	6
-122.578148	45.552593	5.4
-122.577625	45.552807	10
-122.57698	45.553073	11.6
-122.576387	45.553317	10.2
-122.576082	45.553433	4.2
-122.575452	45.553678	1.7714285714
-122.574852	45.553938	11.2
-122.574167	45.554218	12.4
-122.573445	45.554512	12.8
-122.571965	45.555125	13.2
-122.571318	45.55539	11.2
-122.5709	45.555563	6.6
-122.570803	45.555602	1
-122.570737	45.555627	0.6666666667
-122.570308	45.555802	8.4
-122.569643	45.556068	12.4
-122.568878	45.556375	13.6
-122.56808	45.556723	14.8
-122.567245	45.557075	14.8
-122.566498	45.557387	13.2
-122.565808	45.557658	11.8
-122.565343	45.557848	7.4
-122.565193	45.558078	5.6
-122.565117	45.558273	4.2
-122.565033	45.55835	1.6
-122.564767	45.55864	0.296
-122.564582	45.55879	4.4
-122.564377	45.558862	3.4
-122.564203	45.558773	3
-122.564155	45.558613	3.6
-122.564123	45.558533	1.8
-122.769245	45.43055	0.0657414171
-122.769607	45.430812	8
-122.769912	45.431038	6.6
-122.770028	45.431128	2.6
-122.770082	45.431235	3
-122.769898	45.431377	3.2
-122.769623	45.431535	5.6
-122.769327	45.431715	6
-122.769045	45.431888	5.6
-122.768783	45.432042	5.2
-122.768592	45.432157	3.8
-122.768528	45.432197	1.2
-122.768367	45.432297	3.4
-122.768048	45.432457	6
-122.767578	45.432563	7.8
-122.767187	45.43264	6.2
-122.767067	45.432703	2.2
-122.766685	45.433262	0.8
-122.766083	45.433478	10.6
-122.765408	45.43372	11.8
-122.764825	45.433933	10
-122.764423	45.434048	6.6
-122.764088	45.434197	0.64
-122.763583	45.434418	9.4
-122.762898	45.434677	12.2
-122.762145	45.434953	13
-122.761463	45.4352	11.8
-122.760967	45.43538	8.2
-122.760857	45.435418	1.6
-122.76065	45.435495	4.2
-122.760087	45.435695	10
-122.759377	45.435958	12.4
-122.758718	45.436227	11.8
-122.758137	45.436475	10.4
-122.757658	45.436682	8.6
-122.757372	45.436807	4.8
-122.757253	45.436857	0.44
-122.756868	45.437027	7.6
-122.756258	45.437302	11.4
-122.75556	45.437633	13
-122.754842	45.437995	13.8
-122.754148	45.43835	13.2
-122.75351	45.438687	12.2
-122.752917	45.43899	11.6
-122.75172	45.439565	11.2
-122.751202	45.439845	9.8
-122.75094	45.439977	4.6
-122.750492	45.440253	2
-122.74998	45.440515	10
-122.749377	45.440828	11.8
-122.748757	45.441152	12
-122.74811	45.441483	12.6
-122.747407	45.441825	13.2
-122.746683	45.442133	13.2
-122.745893	45.4424	13.6
-122.74507	45.442618	13.8
-122.744207	45.442793	14
-122.74336	45.442932	13.4
-122.742658	45.443028	11
-122.741863	45.443137	12.8
-122.741042	45.44325	13
-122.740285	45.443377	12
-122.739638	45.443498	10
-122.739202	45.443587	6.8
-122.739057	45.443617	1.8
-122.739057	45.443617	0
-122.739057	45.443617	0
-122.739042	45.443618	0.6666666667
-122.738742	45.443685	5.6
-122.738152	45.443828	10
-122.737425	45.444017	12.2
-122.736793	45.444155	9.8
-122.736553	45.444222	3.2
-122.735532	45.444522	3.68
-122.734792	45.4447	12.6
-122.733948	45.444878	13.6
-122.732217	45.445268	14.1
-122.731518	45.445517	12.2
-122.730825	45.445883	5.3713701431
-122.730183	45.446348	14.4
-122.729617	45.446922	15.6
-122.72918	45.447592	16.4
-122.728842	45.448323	17
-122.72852	45.449037	16.4
-122.728202	45.449703	15.4
-122.727805	45.450303	14.4
-122.727343	45.45079	13.2
-122.726695	45.451262	14.6
-122.725867	45.451675	15.8
-122.724947	45.45204	16.4
-122.724052	45.452388	15.8
-122.723217	45.4527	14.6
-122.722488	45.452978	12.6
-122.721933	45.453193	9.4
-122.721435	45.453385	9
-122.720862	45.453603	10.4
-122.720208	45.453857	11.6
-122.719507	45.45412	12.4
-122.71892	45.454348	9.8
-122.718555	45.454403	5.4
-122.718047	45.454448	7
-122.717647	45.454557	6.4
-122.717452	45.454597	2.4
-122.717265	45.454855	0.5833333333
-122.71726	45.454908	0.2
-122.717177	45.455027	3.3333333333
-122.716635	45.455253	8.4
-122.71594	45.455525	12.4
-122.71518	45.455828	13.4
-122.714408	45.456153	14
-122.71363	45.456508	14.2
-122.712863	45.456887	14.6
-122.712127	45.457307	14.6
-122.711387	45.457737	14.8
-122.710638	45.458163	14.8
-122.709885	45.458588	15
-122.709137	45.45902	15
-122.7084	45.45944	14.6
-122.708002	45.45967	8.2
-122.707932	45.459707	0.35
-122.707587	45.459903	6.6
-122.707002	45.460242	11.6
-122.70631	45.46064	13.8
-122.705583	45.461075	14.8
-122.704798	45.46153	15.8
-122.704017	45.461978	15.6
-122.703315	45.462372	13.8
-122.702793	45.462665	10.4
-122.702412	45.462888	7.8
-122.701952	45.463155	9.2
-122.701402	45.463478	11
-122.700828	45.463808	11.6
-122.700252	45.464137	11.4
-122.69904	45.464863	12.4
-122.69845	45.465205	11.8
-122.697932	45.465453	9.6
-122.697663	45.465583	5
-122.69693	45.466053	1.3
-122.696297	45.466432	13
-122.695573	45.466853	14.6
-122.694818	45.467287	15
-122.694063	45.467715	15
-122.693325	45.468123	14.6
-122.692698	45.468475	12.2
-122.692295	45.468677	7.4
-122.692195	45.468727	1.8
-122.69169	45.46907	1.8666666667
-122.691098	45.469412	12
-122.690377	45.469808	14.2
-122.689645	45.470213	14.2
-122.689058	45.47051	11.2
-122.688687	45.470655	6.2
-122.688528	45.470707	0.35
-122.687358	45.47096	9.7
-122.6866	45.471013	11.8
-122.685828	45.471005	12
-122.685113	45.470995	11
-122.684283	45.47099	13
-122.683377	45.470993	14
-122.68244	45.471002	14.6
-122.681525	45.471155	14.6
-122.68069	45.471488	14.8
-122.67943	45.47264	16.3
-122.67919	45.473382	16.8
-122.679243	45.474157	17.2
-122.679387	45.47495	17.6
-122.67952	45.475727	17.2
-122.679607	45.476503	5.6176446651
-122.679722	45.477267	16.8
-122.679843	45.47805	17.4
-122.679967	45.47883	17.4
-122.680087	45.47959	16.8
-122.680188	45.480332	16.2
-122.680298	45.481063	16.2
-122.680415	45.481828	17
-122.680513	45.482622	17.6
-122.680623	45.483423	17.6
-122.680943	45.484162	17
-122.681497	45.484823	17
-122.681973	45.485483	16.2
-122.682218	45.486162	15.4
-122.682442	45.4868	14.2
-122.682582	45.487303	10.8
-122.682632	45.487608	6.4
-122.682668	45.487883	0.9142857143
-122.682685	45.488302	9.4
-122.682628	45.488808	11.2
-122.682315	45.489322	12.4
-122.681745	45.489788	13.6
-122.680978	45.490135	14
-122.680122	45.490343	14
-122.679352	45.4905	12.2
-122.678835	45.490643	7.8
-122.678692	45.490697	1.8
-122.67848	45.490792	0.96
-122.67801	45.491055	9.4
-122.677555	45.49141	10.6
-122.677163	45.49186	11.8
-122.67691	45.492417	13
-122.676822	45.493048	14.2
-122.676948	45.493717	14.8
-122.677112	45.494398	15.2
-122.677398	45.495037	14.8
-122.677845	45.495615	14.2
-122.678287	45.496173	14.2
-122.678637	45.496777	14.4
-122.678975	45.49739	14.2
-122.679305	45.497992	14.2
-122.679633	45.49859	14.2
-122.679958	45.499182	13.8
-122.680283	45.49978	14.2
-122.68062	45.500383	14.2
-122.681273	45.50156	13.7
-122.681452	45.501938	8
-122.681513	45.502063	2
-122.681822	45.502555	1.0307692308
-122.682013	45.503045	11.4
-122.682018	45.503605	12.4
-122.681992	45.504153	12
-122.681983	45.504632	10.4
-122.681983	45.505095	10
-122.681983	45.505527	9.6
-122.681998	45.50595	9.2
-122.68199	45.506378	9.6
-122.681977	45.506815	7.6
-122.681965	45.507217	8.8
-122.681962	45.507565	7.8
-122.681967	45.50781	5.4
-122.681942	45.508103	6.4
-122.68188	45.508457	7.8
-122.68176	45.508832	8.4
-122.681598	45.509172	7.8
-122.681442	45.509412	6
-122.681378	45.509493	2.2
-122.681225	45.509852	1.3333333333
-122.681105	45.510125	6.4
-122.68097	45.510353	5.4
-122.680825	45.510592	5.6
-122.680642	45.510908	7.6
-122.680477	45.511258	8
-122.680315	45.51158	7.6
-122.680192	45.51183	4.8333333333
-122.680403	45.51196	2.8333333333
-122.68072	45.51205	5
-122.680982	45.512113	3.5
-122.681115	45.512145	2
-122.68145	45.512227	5.4
-122.681803	45.512307	7.25
-122.682085	45.512378	4.6
-122.682203	45.51248	2.8
-122.682107	45.512672	4
-122.681982	45.512862	4.6
-122.681818	45.513215	0.2216216216
-122.681623	45.513548	8
-122.681453	45.513887	8
-122.681273	45.514197	7.2
-122.67544	45.527727	3.6492542515
-122.67544	45.527727	0
-122.67544	45.527727	0
-122.67544	45.527727	0
-122.67544	45.527727	0
-122.67544	45.527727	0
-122.67544	45.527727	0
-122.67544	45.527727	0
-122.67544	45.527727	0
-122.67544	45.527727	0
-122.67544	45.527727	0
-122.67544	45.527727	0
-122.67544	45.527727	0
-122.67544	45.527727	0
-122.67544	45.527727	0
-122.67544	45.527727	0
-122.67544	45.527727	0
-122.67544	45.527727	0
-122.67544	45.527727	0
-122.67544	45.527727	0
-122.67544	45.527727	0
-122.67544	45.527727	0
-122.67544	45.527727	0
-122.67544	45.527727	0
-122.67544	45.527727	0
-122.67544	45.527727	0
-122.67544	45.527727	0
-122.67544	45.527727	0
-122.67544	45.527727	0
-122.67544	45.527727	0
-122.67544	45.527727	0
-122.67544	45.527727	0
-122.67544	45.527727	0
-122.67544	45.527727	0
-122.67544	45.527727	0
-122.67544	45.527727	0
-122.67544	45.527727	0
-122.67544	45.527727	0
-122.67544	45.527727	0
-122.675567	45.526575	0.1205035971
-122.67558	45.526253	7
-122.675578	45.526077	3.2
-122.675558	45.52596	0.5
-122.675523	45.525688	6.2
-122.675487	45.525455	5
-122.675472	45.525208	5.6
-122.675455	45.524933	6
-122.67544	45.524773	3
-122.675445	45.524767	0
-122.675445	45.524767	0
-122.675445	45.524767	0
-122.675455	45.524747	1
-122.675427	45.524593	3.8
-122.67543	45.524282	7.4
-122.675423	45.523937	7.4
-122.675418	45.523618	5.6
-122.6754	45.523368	5.6
-122.67539	45.52328	2
-122.675392	45.523275	0.0666666667
-122.675375	45.523085	4
-122.675438	45.522793	6.4
-122.675572	45.522508	6.4
-122.675682	45.522295	5.2
-122.67573	45.522212	0.6
-122.675847	45.521962	5.8
-122.675982	45.5217	6.2
-122.676047	45.521573	3
-122.676172	45.521422	3.6
-122.676325	45.521178	6
-122.676405	45.520982	4.4
-122.676415	45.520958	1
-122.676415	45.520958	0
-122.676415	45.520958	0.3333333333
-122.676427	45.520937	1
-122.67651	45.52073	4.6
-122.676867	45.520062	8
-122.677043	45.519722	8
-122.677213	45.519402	7.6
-122.67735	45.519117	6.6
-122.677527	45.518833	6.6
-122.677688	45.518533	7
-122.677807	45.518307	5.2
-122.677842	45.518252	1.2
-122.677842	45.518252	0.25
-122.677845	45.51825	0
-122.677988	45.518087	4.4
-122.678175	45.51783	6.4
-122.67827	45.517655	3.8
-122.678727	45.51672	4.6824203295
-122.678898	45.516393	7.4
-122.678977	45.516238	3
-122.679053	45.516112	3.8
-122.679195	45.515818	6.8
-122.679322	45.515558	6
-122.679468	45.51528	6.8
-122.679593	45.515027	5.6
-122.679685	45.514882	3.2
-122.67987	45.514667	5.6
-122.68	45.514482	4.4
-122.680072	45.514352	3
-122.680127	45.514203	3.6
-122.680258	45.513903	7.2
-122.680423	45.513592	7.4
-122.680587	45.513282	6
-122.680698	45.51306	5.2
-122.68082	45.512827	5.4
-122.680978	45.512518	7.2
-122.68115	45.512182	7.6
-122.681318	45.511857	7.6
-122.681405	45.511708	3.8
-122.681448	45.511662	1
-122.681628	45.511395	6.4
-122.681827	45.511098	7.4
-122.681915	45.51094	3.8
-122.681917	45.510937	0
-122.681917	45.510937	1
-122.681925	45.510922	0.5
-122.681983	45.510747	3.8
-122.682113	45.510478	6.4
-122.68226	45.510217	6.2
-122.682433	45.509915	7
-122.682602	45.509582	7.8
-122.682792	45.509217	8.6
-122.682948	45.50884	8.6
-122.683038	45.508477	8
-122.683052	45.508177	6.6
-122.682913	45.507978	5
-122.682475	45.507953	6.8
-122.681975	45.50795	7.8
-122.681497	45.507867	7.6
-122.681017	45.507835	7.4
-122.680533	45.5078	7.4
-122.680212	45.50779	5
-122.680133	45.507792	1.2
-122.679787	45.507817	5.2
-122.679327	45.507857	7.4
-122.679032	45.507868	4.4
-122.678672	45.507907	5.6
-122.678157	45.507917	8
-122.677782	45.507913	5.6
-122.677702	45.507915	0.2
-122.677375	45.507945	5.2
-122.676872	45.507945	7.8
-122.676347	45.507907	8.2
-122.675883	45.507723	8.2
-122.675602	45.5074	8.4
-122.675485	45.507012	8.8
-122.67534	45.506618	9
-122.675158	45.50623	9
-122.674925	45.505843	9.2
-122.674575	45.505488	9.6
-122.674223	45.505152	9.2
-122.673968	45.504802	8.6
-122.67374	45.504447	8.6
-122.673537	45.504055	9.2
-122.673362	45.503682	8.6
-122.673197	45.50333	8
-122.67303	45.502992	7.8
-122.672857	45.502683	7.2
-122.672617	45.502488	5.4
-122.672565	45.502463	1
-122.672565	45.502463	0
-122.672565	45.502463	0
-122.672565	45.502462	0
-122.672358	45.502423	3.6
-122.671982	45.502502	6.2
-122.671577	45.502628	7.2
-122.671175	45.502753	6.6
-122.670952	45.502825	3.6
-122.67072	45.502893	4.4
-122.67024	45.503007	7.8
-122.669385	45.50339	8
-122.668967	45.503667	9
-122.668555	45.503937	8.8
-122.668158	45.504197	8.4
-122.667748	45.504458	8.6
-122.666923	45.504997	4.4792153966
-122.666555	45.505238	7.6
-122.666168	45.505488	8.2
-122.665758	45.505752	8.6
-122.665368	45.506005	8.4
-122.664953	45.506272	8.6
-122.664573	45.506485	7.4
-122.664085	45.506555	7.6
-122.663677	45.506548	6
-122.663528	45.506545	1.8
-122.663522	45.506545	0.3333333333
-122.663522	45.506545	0
-122.663522	45.506545	0
-122.663468	45.506545	3
-122.663147	45.506545	5.2
-122.662777	45.506537	5.8
-122.66243	45.506527	5
-122.662335	45.506523	1
-122.662335	45.506523	0
-122.662335	45.506523	0
-122.661598	45.506525	2.0666666667
-122.661073	45.506523	8.2
-122.660538	45.50648	8.4
-122.65999	45.506367	8.8
-122.65947	45.506168	9.2
-122.659023	45.505932	8.6
-122.658765	45.505658	7
-122.65877	45.505312	8
-122.658788	45.505027	5.6
-122.65879	45.504987	0.5
-122.65879	45.504987	1
-122.65874	45.504875	3
-122.658397	45.50481	5.4
-122.658187	45.504815	2.4
-122.657185	45.504743	2.2
-122.656827	45.504558	7
-122.656468	45.504447	6
-122.656082	45.504238	7.6
-122.65568	45.504015	8
-122.655278	45.503783	8
-122.654955	45.503575	6.8
-122.654887	45.503537	1.4
-122.654887	45.503537	0
-122.654887	45.503537	1
-122.654767	45.503468	2.75
-122.65449	45.503193	7.4
-122.654362	45.50281	8.6
-122.654305	45.501782	11.4
-122.654297	45.50145	7.4
-122.654257	45.501157	6.4
-122.653897	45.500972	7
-122.65348	45.500865	7
-122.65333	45.500825	2.4
-122.652795	45.500708	0.9555555556
-122.652153	45.500582	10.4
-122.651388	45.500403	12.4
-122.65054	45.500198	13.8
-122.64961	45.500005	15
-122.648598	45.499838	16.2
-122.647575	45.499765	15.8
-122.646618	45.49966	15
-122.645752	45.499523	13.8
-122.644995	45.499368	12.2
-122.64433	45.499193	10.8
-122.643725	45.49902	10.2
-122.643148	45.498855	9.8
-122.642523	45.498675	10.4
-122.641898	45.498492	10.4
-122.641263	45.498307	10.8
-122.640622	45.49812	11
-122.639965	45.497948	10.8
-122.638595	45.497802	10.8
-122.637913	45.497742	10.6
-122.637243	45.497683	10.4
-122.636557	45.497527	11.2
-122.63589	45.497345	11.2
-122.635217	45.497167	11
-122.63453	45.497028	11.2
-122.633827	45.496945	11
-122.633155	45.496862	10.6
-122.632495	45.496783	10.4
-122.631962	45.49674	8
-122.631725	45.496735	3.2
-122.630533	45.496718	3.88
-122.62977	45.496738	12
-122.628997	45.496788	12
-122.628193	45.496845	12.6
-122.6274	45.496897	12.4
-122.626067	45.496992	4.5227020814
-122.625645	45.497023	6.6
-122.625153	45.49706	7.8
-122.624567	45.497102	9.2
-122.623962	45.497147	9.4
-122.623418	45.497185	8.4
-122.623057	45.497212	5
-122.622897	45.497223	2.6
-122.62256	45.497247	5.6
-122.62223	45.497265	4.8
-122.621062	45.497373	0.712
-122.620457	45.497415	9.6
-122.619857	45.49745	9.2
-122.619257	45.497482	9.4
-122.618657	45.497495	9.4
-122.618028	45.497495	9.8
-122.617327	45.497493	10.8
-122.61656	45.497495	12
-122.615757	45.497495	12.4
-122.614962	45.497492	12.4
-122.614285	45.497485	10.4
-122.613977	45.497482	4.4
-122.61369	45.497487	0.8
-122.613183	45.497483	8
-122.61258	45.497482	9.2
-122.612035	45.497478	8.4
-122.611658	45.497472	5.6
-122.611555	45.497468	1.4
-122.611467	45.497463	0.225
-122.610983	45.497438	7.8
-122.609803	45.497432	9.1
-122.609445	45.497432	5.2
-122.609358	45.497432	1
-122.609233	45.497432	0.65
-122.608812	45.497405	6.6
-122.608577	45.497398	3
-122.607818	45.49743	2.1666666667
-122.607042	45.497427	12.4
-122.606092	45.497425	15
-122.605107	45.497423	15.2
-122.604113	45.49742	15.6
-122.603122	45.497417	15.4
-122.602165	45.497413	14.6
-122.601208	45.497412	15
-122.600267	45.497408	14.4
-122.599363	45.497407	14
-122.597615	45.497403	12.3
-122.596817	45.497395	12.4
-122.59635	45.497363	7.4
-122.595458	45.497383	2
-122.594748	45.497387	11
-122.593137	45.497378	12.5
-122.592297	45.497378	13
-122.591435	45.497375	13.4
-122.59059	45.497373	13.2
-122.589768	45.497372	12.6
-122.588938	45.49737	13
-122.588072	45.497367	13.4
-122.587215	45.497367	13.2
-122.586393	45.497363	12.8
-122.58572	45.497363	10.2
-122.584733	45.49736	3.12
-122.58401	45.497362	11.2
-122.583258	45.497358	11.6
-122.582553	45.497357	11
-122.581962	45.497345	9
-122.58158	45.497322	5.6
-122.580597	45.497352	2.2285714286
-122.579982	45.497352	9.6
-122.579368	45.49735	9.4
-122.578847	45.497342	8
-122.578398	45.497322	7
-122.578182	45.497318	3
-122.577595	45.497343	0.4260869565
-122.577062	45.497342	8.4
-122.576492	45.497342	8.8
-122.575867	45.49734	9.8
-122.57521	45.497337	10.2
-122.574627	45.497335	8.6
-122.574317	45.497335	4.4
-122.574127	45.497335	0.68
-122.573665	45.497333	7.6
-122.573095	45.49733	8.8
-122.572483	45.49733	9.6
-122.571857	45.497332	9.8
-122.571222	45.49733	9.8
-122.57058	45.49733	10
-122.569958	45.497327	6.8571428571
-122.568782	45.497317	4.5842066023
-122.568313	45.497303	7.4
-122.567485	45.497325	1.0833333333
-122.566877	45.49732	9.4
-122.566175	45.49732	11
-122.565503	45.497288	10.4
-122.565023	45.497248	7.4
-122.564777	45.497202	3.8
-122.564757	45.4972	0.6666666667
-122.564757	45.4972	0
-122.564755	45.4972	0
-122.564512	45.49715	4
-122.563955	45.497032	9
-122.56329	45.496855	11.2
-122.562588	45.496658	11.6
-122.56189	45.49646	11.8
-122.560447	45.49606	12.1
-122.559693	45.49587	12.6
-122.558937	45.495723	12
-122.558308	45.495733	9.6
-122.55802	45.495743	4
-122.557408	45.495823	0.8833333333
-122.556737	45.495868	10.6
-122.55596	45.49592	12.2
-122.55513	45.495987	13
-122.554255	45.496062	13.6
-122.553368	45.49614	13.8
-122.552468	45.49621	14.2
-122.551568	45.496278	14
-122.549807	45.49641	13.8
-122.548977	45.496467	12.8
-122.54818	45.496527	12.4
-122.547417	45.496588	11.8
-122.546648	45.496648	12
-122.545898	45.496715	11.8
-122.545145	45.496777	11.6
-122.544392	45.496837	11.8
-122.543652	45.496887	11.4
-122.542247	45.496932	10.8
-122.54156	45.496952	10.8
-122.540855	45.496972	13.75
-122.54014	45.496988	9.1666666667
-122.539427	45.497008	11
-122.538747	45.497023	10.4
-122.538208	45.497033	7.8
-122.53797	45.497037	3
-122.537917	45.497035	0.24
-122.537537	45.497042	6.6
-122.536972	45.497055	9
-122.536315	45.497088	10.2
-122.535622	45.497127	10.8
-122.534918	45.497163	11
-122.534217	45.497192	11
-122.533505	45.497217	11
-122.532773	45.49724	11.4
-122.532042	45.497267	9
-122.531328	45.497295	11
-122.530637	45.49732	13.5
-122.530027	45.497335	8
-122.529782	45.49733	4
-122.528995	45.49738	1.1296296296
-122.528215	45.49741	12.2
-122.52732	45.497452	13.8
-122.526438	45.497478	11.5
-122.525893	45.497482	10.25
-122.525787	45.497483	1.6
-122.525787	45.497483	0
-122.525107	45.497567	2.2916666667
-122.524362	45.497685	10
-122.523627	45.497803	11.6
-122.523172	45.497855	8.5
-122.522	45.498113	3.2333333333
-122.52126	45.498235	11.8
-122.519705	45.498512	11.3636363636
-122.518903	45.498652	16
-122.518105	45.498797	12.8
-122.517292	45.498937	13.2
-122.516492	45.499082	12.6
-122.515725	45.499208	12.2
-122.514968	45.49918	11.8
-122.514198	45.498992	12.8
-122.513405	45.498783	13
-122.512628	45.498573	12.8
-122.511873	45.498368	12.6
-122.511237	45.4982	10.2
-122.510922	45.498117	4.6
-122.510773	45.498077	0.9333333333
-122.51035	45.497958	7.2
-122.509772	45.49781	5.4040138031
-122.509085	45.49764	11.4
-122.508353	45.49745	12.2
-122.507585	45.497253	12.6
-122.506805	45.49705	12.8
-122.506018	45.496842	13
-122.505245	45.496637	12.8
-122.504483	45.496437	12.6
-122.503723	45.496243	12.6
-122.50296	45.496058	12.8
-122.502188	45.495898	12.4
-122.501447	45.495742	12
-122.500698	45.495585	12
-122.499945	45.495433	12.2
-122.49927	45.495287	10.6
-122.498822	45.495175	6.8
-122.497727	45.494977	1.6727272727
-122.497105	45.494847	8.2
-122.496875	45.4948	3.8
-122.496705	45.494763	0.325
-122.496172	45.494653	8.6
-122.495463	45.494512	11.4
-122.494687	45.494355	12.6
-122.493893	45.4942	12.8
-122.493065	45.49403	13.4
-122.492227	45.49386	13.4
-122.49141	45.493692	13.2
-122.490653	45.493522	12.4
-122.490003	45.49337	10.6
-122.48965	45.493292	5.6
-122.488672	45.493103	2.2857142857
-122.487897	45.492947	12.6
-122.487057	45.492782	13.4
-122.486212	45.49261	14
-122.485493	45.492463	11.2
-122.485085	45.492382	6.4
-122.48498	45.492362	1.4
-122.484975	45.49236	0.02
-122.48474	45.492313	4.4
-122.484183	45.492203	9.2
-122.483452	45.492057	12
-122.482613	45.491862	14
-122.481733	45.491658	14.4
-122.480837	45.491478	14.4
-122.479915	45.491288	14.8
-122.478968	45.4911	15.4
-122.478013	45.490905	15.4
-122.477102	45.49072	14.4
-122.476362	45.49055	11.8
-122.475928	45.49042	6.4
-122.475843	45.490392	1
-122.475642	45.490327	0.7333333333
-122.475203	45.490183	7.4
-122.475003	45.490122	2.6
-122.474083	45.489868	3.4
-122.473258	45.489672	14
-122.472308	45.48955	15
-122.471285	45.489555	16
-122.470243	45.48968	16.4
-122.469235	45.489952	16.8
-122.468307	45.490355	13.8
-122.467443	45.490847	17.2
-122.466587	45.491365	21
-122.46573	45.491887	14.2
-122.464872	45.492407	17.6
-122.464007	45.492935	17.6
-122.463182	45.493433	17
-122.462408	45.493902	15.8
-122.461648	45.494363	15.6
-122.460902	45.49482	15.4
-122.46018	45.49526	14.8
-122.459455	45.495697	14.8
-122.45871	45.496153	15.4
-122.457938	45.4966	15.4
-122.457057	45.496913	15.4
-122.456137	45.497017	14.6
-122.455247	45.497027	14
-122.454357	45.497028	13.8
-122.453472	45.497028	13.6
-122.452587	45.497033	13.8
-122.451688	45.497037	14
-122.45083	45.497043	13.2
-122.449972	45.497047	13.4
-122.449123	45.49705	13.2
-122.448337	45.497058	12
-122.447817	45.497062	8
-122.447535	45.497065	4.4
-122.44701	45.49707	8.2
-122.446242	45.497073	12
-122.445318	45.497077	5.3344645887
-122.444387	45.497075	14.4
-122.44249	45.497082	14.7
-122.441495	45.497083	15.4
-122.43942	45.497083	16
-122.438502	45.497087	14.2
-122.43793	45.497073	8.6
-122.437828	45.497075	1.4
-122.43738	45.497087	2.4666666667
-122.436668	45.497095	11.4
-122.435757	45.497102	14.2
-122.43481	45.497125	14.4
-122.434158	45.49719	10
-122.433537	45.497327	10.2
-122.432768	45.497552	13
-122.431955	45.497762	13.4
-122.431363	45.497898	9.2
-122.431162	45.497925	2.8
-122.431162	45.497925	0
-122.431162	45.497925	0
-122.431003	45.497982	3.2
-122.430937	45.49824	6
-122.430985	45.498537	6.6
-122.431008	45.498788	5.4
-122.431023	45.499532	2.5
-122.431022	45.499633	2.6
-122.43102	45.499917	6.4
-122.43102	45.500238	7
-122.431022	45.500618	8.4
-122.43102	45.500885	5.4
-122.431013	45.501063	4.4
-122.431007	45.501568	9.5
-122.431003	45.502102	11.8
-122.431	45.502658	12.2
-122.431	45.503193	11.8
-122.430997	45.503627	7.3333333333
-122.430872	45.503758	3.2
-122.430533	45.503678	6.2
-122.429957	45.503498	7.8333333333
-122.429808	45.503453	2.75
-122.42933	45.50331	7.1666666667
-122.428872	45.503165	7.4
-122.428702	45.503113	2.2
-122.441605	45.504553	6.0559131345
-122.442368	45.504555	12
-122.443187	45.504557	12.8
-122.444048	45.50456	13.6
-122.444947	45.504562	14
-122.44587	45.50456	14.4
-122.446813	45.504548	14.6
-122.447758	45.504542	14.6
-122.448663	45.504533	14
-122.449573	45.504523	14
-122.450513	45.50451	14.8
-122.451475	45.504505	15
-122.452452	45.504497	15
-122.453393	45.504493	11.6
-122.454315	45.50449	17
-122.455168	45.504488	13.2
-122.456085	45.504498	14.4
-122.457068	45.504508	15.4
-122.45803	45.504505	11.8
-122.458953	45.504503	14.4
-122.459882	45.5045	14.2
-122.460833	45.504498	17.8
-122.461725	45.504503	13.6
-122.462588	45.50451	10.6
-122.464413	45.504528	14.2
-122.465335	45.504537	14.2
-122.466248	45.504545	14.2
-122.467183	45.504553	14.4
-122.468103	45.504563	14.4
-122.469032	45.504565	14.2
-122.46996	45.50457	14.4
-122.470872	45.504578	14.2
-122.471787	45.504587	14.2
-122.472695	45.504593	14
-122.473577	45.5046	13.8
-122.474398	45.50461	12.8
-122.474988	45.504615	9.2
-122.47548	45.50462	7.6
-122.475957	45.50464	7.4
-122.476407	45.504632	7
-122.477023	45.504623	9.4
-122.478705	45.504623	13
-122.479563	45.504625	13.4
-122.480395	45.504625	12.8
-122.481262	45.50463	13.4
-122.482145	45.504633	13.8
-122.483017	45.504637	13.4
-122.483827	45.50464	12.6
-122.484552	45.504642	11.2
-122.48606	45.504642	11.7
-122.486872	45.50464	12.6
-122.487677	45.504637	12.4
-122.488468	45.504637	12.4
-122.489215	45.504633	11.4
-122.489712	45.504633	7.8
-122.49005	45.504635	5.2
-122.490523	45.504625	0.3894736842
-122.491107	45.504612	9
-122.491822	45.504608	11
-122.492597	45.504607	12.2
-122.493408	45.504612	12.4
-122.494225	45.504612	12.8
-122.495017	45.50462	12.2
-122.495637	45.504632	9.6
-122.496067	45.504637	6.6
-122.496872	45.504613	1.575
-122.497555	45.504593	10.6
-122.498347	45.50457	12.2
-122.499183	45.504537	13
-122.500043	45.50451	13.4
-122.500873	45.504485	12.8
-122.501575	45.50447	10.8
-122.501997	45.504457	6.4
-122.502785	45.504437	2.44
-122.503547	45.504415	12
-122.504432	45.50439	13.8
-122.505273	45.504365	13
-122.506028	45.504343	11.6
-122.50678	45.504328	11.6
-122.507518	45.504322	11.4
-122.508297	45.50431	12.2
-122.509068	45.504297	12
-122.509737	45.504292	10.2
-122.510135	45.504293	6
-122.5111	45.504268	2.5333333333
-122.511858	45.504257	11.8
-122.512688	45.504243	12.8
-122.51353	45.50423	13
-122.514372	45.504218	5.5965274196
-122.515228	45.504202	13.2
-122.516055	45.504192	12.8
-122.516868	45.504182	12.6
-122.517723	45.504168	13.2
-122.518613	45.504153	14
-122.519492	45.504135	13.6
-122.52036	45.504128	13.4
-122.521222	45.50413	13.4
-122.522077	45.504127	13.2
-122.522927	45.504125	13.2
-122.523727	45.504123	12.4
-122.524422	45.504112	10.6
-122.525037	45.504105	9.6
-122.525707	45.504107	10.4
-122.526487	45.504107	12.2
-122.527297	45.504093	12.6
-122.5281	45.504103	12.4
-122.528838	45.504108	11.4
-122.529393	45.504107	8.4
-122.52969	45.504103	4.4
-122.530927	45.504108	3.2666666667
-122.531725	45.50411	12.4
-122.532587	45.504117	13.4
-122.533458	45.504118	13.6
-122.534318	45.504125	13.2
-122.535148	45.504123	12.8
-122.535947	45.50413	12.4
-122.536622	45.50415	10.4
-122.537063	45.504165	6.6
-122.537313	45.50417	3.6
-122.537338	45.504172	0.5
-122.537338	45.504172	0
-122.537338	45.504172	0
-122.537343	45.504172	0
-122.537423	45.504172	1.6
-122.53786	45.504182	6.8
-122.538258	45.504185	6
-122.538412	45.504183	0.12
-122.538715	45.504168	5
-122.53931	45.504172	9.4
-122.540053	45.504182	11.6
-122.540817	45.50419	11.8
-122.54158	45.5042	11.8
-122.54236	45.504208	12.2
-122.543138	45.504217	12
-122.543833	45.504218	10.6
-122.544195	45.50422	5
-122.544727	45.504222	2.2
-122.545355	45.504227	9.8
-122.545987	45.504232	9.8
-122.546497	45.504238	7.6
-122.546847	45.504243	5.2
-122.54704	45.504247	2.8
-122.547048	45.504247	0
-122.54719	45.50425	2.6
-122.547548	45.504257	5.6
-122.54799	45.504262	7
-122.54858	45.504263	9.4
-122.549278	45.50427	11
-122.550077	45.504278	12.4
-122.550907	45.504283	12.8
-122.551782	45.50429	13.6
-122.552685	45.504297	14
-122.553578	45.50429	13.8
-122.554457	45.504303	13.6
-122.555337	45.504312	13.6
-122.556207	45.504313	13.4
-122.557052	45.504325	13.2
-122.557912	45.504332	13.2
-122.558773	45.504347	13.4
-122.559488	45.504363	10.6
-122.559913	45.50437	6.2
-122.560938	45.504393	3.28
-122.561517	45.504402	8.6
-122.561905	45.504408	5.6
-122.562008	45.50441	1.6
-122.562308	45.50442	5.2
-122.562887	45.504435	9
-122.563497	45.504452	9.4
-122.56415	45.50446	10.4
-122.564958	45.504472	12.8
-122.566025	45.504487	13.6666666667
-122.566843	45.5045	12.4
-122.567442	45.504512	7
-122.568087	45.504515	1.962962963
-122.56876	45.504528	10.8
-122.569565	45.50454	12.6
-122.570415	45.504553	13.2
-122.571295	45.504572	5.354636379
-122.57218	45.504578	13.8
-122.57308	45.50459	13.8
-122.573953	45.504617	13.6
-122.574763	45.504633	12.4
-122.575513	45.504647	11.4
-122.57685	45.504677	11.5555555556
-122.577797	45.504755	12.3333333333
-122.578467	45.50484	10.2
-122.578842	45.504938	5.8
-122.579132	45.504997	4.4
-122.58005	45.505122	0.4239130435
-122.580765	45.505243	11.6
-122.58151	45.505363	11.8
-122.582288	45.505417	12.2
-122.583093	45.505418	12.4
-122.583927	45.505413	13
-122.584765	45.505408	13
-122.585532	45.505412	11.4
-122.58601	45.505422	6.8
-122.586167	45.505427	1.6
-122.586693	45.50541	1.5666666667
-122.58731	45.505407	10
-122.58809	45.505405	12.2
-122.58893	45.505403	13
-122.589802	45.5054	13.8
-122.590723	45.505402	14.2
-122.591635	45.505398	14
-122.592528	45.505397	13.8
-122.593417	45.505393	13.8
-122.594323	45.505393	14.2
-122.5952	45.50539	13.2
-122.59602	45.505388	12.6
-122.596805	45.505388	12.2
-122.597577	45.505385	11.8
-122.59835	45.505382	12
-122.599132	45.50538	12.2
-122.599913	45.505373	12
-122.60069	45.505362	12
-122.601405	45.50536	10.8
-122.60198	45.505368	8.4
-122.602383	45.505372	5
-122.602545	45.505373	2.6
-122.60306	45.50536	1.9
-122.603722	45.505348	10.2
-122.604497	45.505345	12
-122.60523	45.505338	11.4
-122.605985	45.50534	11.6
-122.606728	45.50534	11.4
-122.607483	45.505337	11.8
-122.608245	45.505335	11.8
-122.608948	45.505337	10.8
-122.609573	45.50533	9.8
-122.610092	45.50533	8
-122.610358	45.505332	4.4
-122.611172	45.505333	1.7714285714
-122.611658	45.505328	7.4
-122.612182	45.505312	8.2
-122.61266	45.50531	7.4
-122.613162	45.505312	7.6
-122.613677	45.505305	8
-122.614232	45.505303	8.6
-122.614837	45.505293	9.2
-122.615463	45.505293	9.8
-122.616095	45.50529	9.8
-122.616718	45.505282	9.6
-122.617325	45.505278	9.4
-122.617903	45.50528	9
-122.618343	45.505283	6.8
-122.619065	45.505077	2.48
-122.619382	45.504838	7.4
-122.619742	45.504752	6
-122.620263	45.504747	7.8
-122.62086	45.504745	9.2
-122.621467	45.504753	9.4
-122.621968	45.504772	7.6
-122.622312	45.504778	5.4
-122.622468	45.50479	2.4
-122.622808	45.504795	5.2
-122.62304	45.504798	3.6
-122.623742	45.504793	1.8
-122.624247	45.50479	7.6
-122.62483	45.504792	9
-122.625422	45.504795	9.2
-122.625987	45.504795	8.8
-122.626585	45.504797	9.2
-122.627177	45.504797	9.2
-122.627778	45.504803	9.2
-122.628405	45.504803	9.8
-122.629018	45.504802	5.4042999916
-122.629538	45.504798	8
-122.629907	45.504793	5.8
-122.630062	45.504792	2.4
-122.630245	45.504792	0.7
-122.630652	45.5048	6.4
-122.63123	45.504797	9
-122.631857	45.504797	9.6
-122.632462	45.5048	9.4
-122.633043	45.504792	9
-122.633628	45.504793	9
-122.634133	45.504795	7.8
-122.634467	45.504803	5
-122.634983	45.504798	2.05
-122.635588	45.5048	9.4
-122.636293	45.504802	10.8
-122.636998	45.5048	11
-122.637698	45.5048	10.8
-122.638387	45.504803	10.6
-122.639067	45.504812	10.4
-122.639733	45.504817	10.4
-122.640408	45.504812	10.4
-122.64108	45.504812	10.4
-122.641767	45.504812	10.6
-122.642475	45.504817	11
-122.64317	45.504822	10.6
-122.643738	45.504828	8.8
-122.644135	45.504828	6
-122.644363	45.504833	3.4
-122.644697	45.504838	5.4
-122.645288	45.504848	9.2
-122.64579	45.504862	7.6
-122.645985	45.504863	2.8
-122.646617	45.504843	2.5
-122.647267	45.504847	10
-122.64793	45.504852	10.4
-122.648612	45.504857	10.6
-122.649355	45.50486	11.4
-122.650165	45.50486	12.6
-122.650982	45.504863	12.6
-122.651773	45.504865	12.2
-122.652477	45.504877	10.8
-122.653003	45.504887	8
-122.653358	45.504892	5.6
-122.653838	45.504893	7.6
-122.654453	45.504895	9.4
-122.655127	45.504892	10.6
-122.65579	45.504887	10.2
-122.656323	45.504997	8.6
-122.656745	45.505237	8.2
-122.657047	45.505412	6.2
-122.657377	45.505518	5.6
-122.657642	45.505327	5.4
-122.657833	45.505087	6.4
-122.658183	45.504923	7
-122.658632	45.504935	6.8
-122.658782	45.505147	5.6
-122.658725	45.505543	9
-122.658882	45.505898	8.2
-122.65941	45.50618	10.4
-122.660135	45.506418	12.6
-122.660897	45.506537	12
-122.661472	45.506548	8.6
-122.661797	45.506547	5
-122.662213	45.50655	6.6
-122.662697	45.50656	7.6
-122.663078	45.506568	5.6
-122.663225	45.506573	2
-122.663787	45.506583	1.175
-122.664315	45.506583	8
-122.664798	45.506433	8.2
-122.665237	45.506147	9.6
-122.665758	45.505793	11.4
-122.666307	45.505425	11.6
-122.666842	45.505077	11.4
-122.667412	45.504712	12
-122.667988	45.504333	12.2
-122.668563	45.503958	12.2
-122.66912	45.503598	11.6
-122.66962	45.503305	9.8
-122.670167	45.503087	9.8
-122.670685	45.502932	8.6
-122.671195	45.50278	8.6
-122.671665	45.502642	7.8
-122.671878	45.502582	0.2833333333
-122.672242	45.502515	6
-122.672738	45.502623	8.2
-122.67301	45.502987	9.2
-122.673232	45.503483	12
-122.673507	45.50402	5.2311670977
-122.673817	45.504575	13
-122.674153	45.505115	13.2
-122.674647	45.505635	13.6
-122.675033	45.506175	13.4
-122.675282	45.506713	12.4
-122.675455	45.507265	12.4
-122.675788	45.507727	11.4
-122.676322	45.507967	9.6
-122.676823	45.50801	7.6
-122.677187	45.508003	5.4
-122.677427	45.508	4
-122.677942	45.508028	8.4
-122.678565	45.508018	9.6
-122.679177	45.507995	9.4
-122.67962	45.507978	6.6
-122.679732	45.507977	1.2
-122.679732	45.507977	0
-122.679732	45.507977	0
-122.679732	45.507977	1
-122.679797	45.507975	1.75
-122.680222	45.507962	7
-122.680833	45.507963	9.4
-122.681363	45.507985	8
-122.68168	45.508015	4.6
-122.681733	45.508025	0.16
-122.68197	45.508125	4.6
-122.681985	45.508457	7
-122.681862	45.508853	9
-122.681693	45.509198	7.8
-122.681527	45.509517	7.4
-122.681387	45.509765	5.4
-122.681447	45.509923	3.8
-122.681772	45.510013	5.4
-122.682042	45.510087	4
-122.68216	45.510117	0.7333333333
-122.682492	45.510193	5.6
-122.682873	45.510285	6.2
-122.683113	45.510345	3.4
-122.683183	45.51036	0.3
-122.683292	45.51051	4
-122.683163	45.510773	6
-122.683088	45.51091	2.6
-122.683068	45.510942	0.3333333333
-122.682938	45.511187	6.2
-122.682758	45.511513	6.1666666667
-122.682708	45.511598	1.75
-122.682705	45.5116	0
-122.682705	45.5116	0
-122.6827	45.511607	1
-122.682572	45.511815	5.4
-122.68233	45.51224	8.6666666667
-122.682128	45.512607	8.4
-122.681982	45.512883	5.8
-122.681953	45.512938	1
-122.681953	45.512938	0
-122.681915	45.513007	2.2
-122.681753	45.513307	7.4
-122.681618	45.513557	5.4
-122.681482	45.513765	5.4
-122.681277	45.514055	7
-122.681	45.514663	3.6
-122.680808	45.51504	8.8
-122.680402	45.515795	8.9
-122.680213	45.516162	8.6
-122.679983	45.516562	9.4
-122.67983	45.516845	6.2
-122.679792	45.516915	1
-122.679792	45.516915	0
-122.679792	45.516915	0
-122.679705	45.517062	4.6
-122.679505	45.517353	8.75
-122.679408	45.517518	2.6666666667
-122.679405	45.517525	0
-122.679267	45.51785	0.7
-122.679173	45.518058	4.2
-122.679147	45.518107	0.8
-122.679118	45.518148	0.8
-122.678982	45.51838	6.6
-122.678847	45.518635	6
-122.678692	45.518938	7.4
-122.678502	45.519292	8.4
-122.6783	45.519658	8.6
-122.678115	45.519993	6.2
-122.678003	45.520195	5
-122.677955	45.520262	2.4
-122.677782	45.520502	5
-122.677612	45.520762	5.0884210526
-122.677353	45.521388	1.0142857143
-122.677165	45.521748	8.4
-122.67703	45.52202	6.6
-122.676992	45.522102	2
-122.676917	45.522243	1
-122.676722	45.522577	8
-122.676597	45.522802	5.4
-122.676547	45.52284	1
-122.676435	45.523107	6
-122.67645	45.523455	7.8
-122.67646	45.523585	3
-122.676458	45.523588	0.5
-122.676458	45.523588	0
-122.676455	45.523598	0
-122.676458	45.523802	4.4
-122.676467	45.524117	7
-122.67647	45.524282	3.8
-122.676478	45.524395	0.8
-122.676505	45.524712	6.8
-122.676523	45.524953	5.6
-122.67653	45.525067	2.4
-122.676525	45.52537	6.6
-122.676537	45.52558	4.8
-122.676608	45.526	2.25
-122.67662	45.526208	4.8
-122.676622	45.526297	0.6
-122.676628	45.526602	6.6
-122.676635	45.526922	7.2
-122.676635	45.526988	1.6
-122.676633	45.527007	0.05
-122.676597	45.527258	5.4
-122.676585	45.527538	6
-122.676587	45.527595	1.2
-122.676587	45.527595	0
-122.676585	45.527648	1.6666666667
-122.676573	45.52787	4.6
-122.676355	45.528027	4.6
-122.676107	45.528013	4
-122.676075	45.528015	1
-122.67561	45.52748	0.1106094808
-122.675612	45.527335	3.6
-122.67557	45.527043	6.4
-122.675565	45.52685	3.8
-122.675553	45.526803	1.2
-122.675557	45.526562	5.8
-122.675563	45.526177	8.6
-122.67554	45.525712	10.4
-122.67552	45.525297	8.8
-122.675532	45.525005	6.2
-122.675523	45.524815	4
-122.675522	45.524743	0.1764705882
-122.675487	45.524607	3.6
-122.675452	45.524265	8
-122.675423	45.523997	5.2
-122.675413	45.523945	0.8
-122.675413	45.523945	0
-122.675413	45.523945	0.3333333333
-122.675413	45.523935	1
-122.675407	45.523783	3.8
-122.675387	45.523572	4.6
-122.675378	45.52345	2.2
-122.675393	45.523372	0.1666666667
-122.67537	45.523105	6.4
-122.67541	45.522738	8.2
-122.675577	45.522393	7.6
-122.675737	45.522082	7.6
-122.675922	45.521763	7.2
-122.676042	45.521607	3
-122.676058	45.521582	0.8
-122.676188	45.521375	5.6
-122.676347	45.52107	7
-122.676538	45.520762	7.8
-122.676737	45.520442	7.4
-122.67681	45.520313	2.2
-122.676965	45.519913	3.3333333333
-122.677118	45.519638	6.8
-122.677323	45.519273	8.8
-122.677552	45.518878	9.2
-122.677743	45.51853	8
-122.677847	45.518328	4.2
-122.677862	45.51828	0.6
-122.677907	45.518182	1.0666666667
-122.67807	45.517868	7.6
-122.678278	45.51749	9.2
-122.678497	45.51715	7.6
-122.678598	45.516992	3.2
-122.678858	45.516375	1.6888888889
-122.67906	45.516022	4.4906425452
-122.679233	45.515682	7.6
-122.679387	45.5154	6.8
-122.679548	45.515137	6
-122.679683	45.514977	3.6
-122.6797	45.514937	0.1333333333
-122.679833	45.514733	5.6
-122.680052	45.514438	6
-122.680087	45.514312	3.2
-122.680328	45.513755	1.3191489362
-122.680428	45.513573	4.4
-122.680578	45.513298	6.4
-122.680757	45.512948	8.2
-122.680943	45.512567	8.8
-122.681153	45.512183	9
-122.681322	45.511838	8.2
-122.681427	45.511642	4.8
-122.681448	45.511608	1
-122.681523	45.511475	2.8
-122.68172	45.511102	8.8
-122.681983	45.510678	10
-122.682173	45.51037	7.6
-122.682487	45.509722	1.3818181818
-122.682633	45.509443	6.6
-122.682798	45.509105	7.8
-122.682895	45.508912	4.6
-122.68294	45.508797	0.8
-122.683027	45.508542	5.8
-122.683035	45.508242	6.6
-122.682972	45.508025	4.8
-122.682585	45.50797	6
-122.682033	45.50797	8.6
-122.68149	45.507868	8.6
-122.68097	45.507827	8
-122.680468	45.50779	7.8
-122.680207	45.507783	4
-122.67931	45.507848	1.38
-122.679008	45.507863	4.6
-122.678697	45.507895	5
-122.678245	45.507922	7
-122.67788	45.507918	5.6
-122.677663	45.50792	3.2
-122.677223	45.507943	7
-122.676618	45.507935	9.2
-122.675988	45.507768	10.6
-122.675588	45.507345	11.4
-122.675435	45.50682	11.8
-122.675213	45.506283	12.4
-122.674878	45.505753	12.8
-122.674392	45.505273	12.8
-122.674022	45.5048	12
-122.673713	45.504298	12
-122.673437	45.503755	12.6
-122.673182	45.50324	12
-122.672958	45.502785	10.6
-122.672712	45.502513	7
-122.6726	45.50245	2.2
-122.6726	45.50245	0
-122.6726	45.50245	0
-122.6726	45.50245	0
-122.672523	45.50242	1.5
-122.672173	45.502413	5.4
-122.671737	45.50255	7.6
-122.671278	45.50269	7.8
-122.670988	45.50278	4.8
-122.670232	45.502973	2.1
-122.669663	45.50319	10
-122.669153	45.503518	10.8
-122.668607	45.503883	11.6
-122.668025	45.504272	12.4
-122.667447	45.504652	12.2
-122.66686	45.505028	12.4
-122.666295	45.505395	11.8
-122.665737	45.505762	11.8
-122.665185	45.506118	11.6
-122.664745	45.506403	9.2
-122.664277	45.506542	7.6
-122.663818	45.506542	7
-122.663567	45.506533	3.8
-122.663537	45.506532	0.5
-122.663537	45.506532	0
-122.663537	45.506532	0.25
-122.564123	45.558442	4.882312457
-122.5643	45.558357	3.2
-122.564483	45.55834	3.2
-122.564523	45.558798	0.1301427372
-122.56432	45.558837	3.2
-122.56418	45.55872	3
-122.564153	45.558577	3.4
-122.564135	45.558517	1.4
-122.564135	45.558517	0
-122.564135	45.558517	0
-122.564128	45.558495	0.6666666667
-122.56419	45.558362	3
-122.564472	45.558267	5.4
-122.56492	45.558108	8
-122.565482	45.55788	10
-122.566108	45.557633	11
-122.566787	45.557363	12
-122.56749	45.557082	12.4
-122.568155	45.556807	12
-122.56878	45.556542	11.2
-122.569405	45.556278	11.2
-122.570043	45.556015	11.6
-122.57049	45.555828	7.8
-122.570585	45.555788	0.32
-122.570852	45.555678	4.8
-122.57112	45.555583	4.6
-122.57185	45.555273	1.7
-122.572415	45.555053	9.8
-122.572697	45.554955	4.6
-122.573382	45.554658	1.3
-122.574048	45.55438	12
-122.574753	45.55409	12.6
-122.575472	45.553818	12.8
-122.576222	45.553507	13.4
-122.576992	45.553195	13.8
-122.577675	45.552913	12
-122.57817	45.552717	8.6
-122.57841	45.552623	4
-122.578958	45.5524	0.8947368421
-122.579463	45.552188	9.4
-122.580215	45.551858	11.6666666667
-122.581008	45.551538	11.8333333333
-122.58158	45.55131	9.8
-122.581905	45.551185	6.75
-122.582538	45.550912	1.3260869565
-122.583145	45.550662	11
-122.583785	45.550398	11.6
-122.584452	45.55013	11.8
-122.585127	45.549863	12
-122.585765	45.549615	11.4
-122.586493	45.549335	13
-122.587275	45.549028	13.8
-122.587962	45.548752	12
-122.58845	45.548562	8.2
-122.588695	45.548467	3.8
-122.588793	45.548428	0.1375
-122.589257	45.548248	8.8
-122.589875	45.548008	11.2
-122.590555	45.547755	11.8
-122.590985	45.54759	6.6
-122.59106	45.54756	0.3
-122.591378	45.547438	6.6
-122.591907	45.547245	8.8
-122.592072	45.547185	2.2
-122.59263	45.546948	2.85
-122.59331	45.54668	12.2
-122.594045	45.546392	13.2
-122.59481	45.546097	13.6
-122.595643	45.545763	15
-122.596482	45.54544	15
-122.59734	45.545107	15
-122.598103	45.544805	13.2
-122.598697	45.544572	10
-122.599245	45.544363	10
-122.599952	45.544087	13
-122.600772	45.543767	14.6
-122.601582	45.54345	14.2
-122.602372	45.543138	14
-122.603132	45.542847	13.2
-122.603818	45.54259	11.6
-122.60424	45.542433	6.6
-122.604357	45.542388	1.4
-122.60459	45.542295	0.4307692308
-122.605167	45.542067	10.8
-122.605872	45.54179	12.6
-122.606617	45.541493	10.8
-122.60736	45.541198	13.2
-122.607998	45.540933	11.6
-122.60844	45.540752	7.8
-122.608808	45.540605	4.5061909759
-122.609078	45.54049	5
-122.609578	45.54031	8.6
-122.610153	45.540143	9.6
-122.610417	45.540065	4.6
-122.611248	45.539765	1.775
-122.612008	45.539508	13
-122.612837	45.539235	14.2
-122.613673	45.538957	14.2
-122.61435	45.538723	11.6
-122.614668	45.5386	5.8
-122.615248	45.538323	2.16
-122.615795	45.538062	10.2
-122.616432	45.537783	11.6
-122.616733	45.537655	5.4
-122.61676	45.537643	0.4
-122.617052	45.537507	5.4
-122.617555	45.537257	9.6
-122.618173	45.536995	11.2
-122.618558	45.536833	6.8
-122.61879	45.536728	4.2
-122.619205	45.536538	7.8
-122.619715	45.53629	9.6
-122.620108	45.53611	7.2
-122.620905	45.535762	1.6
-122.621367	45.535568	8.4
-122.621858	45.535368	8.8
-122.622345	45.535172	8.6
-122.62267	45.535068	5.4
-122.623443	45.534722	1.2
-122.624053	45.534467	11
-122.624515	45.534265	8.2
-122.624708	45.534187	3.2
-122.624725	45.53418	0.3333333333
-122.624725	45.53418	0
-122.624725	45.53418	0
-122.624732	45.534175	0.5
-122.625018	45.534065	5.4
-122.625575	45.533838	10
-122.626257	45.533563	8.7142857143
-122.626992	45.533255	13.2
-122.627743	45.532947	13.6
-122.628458	45.53266	12.6
-122.629183	45.53237	13
-122.629873	45.532092	12
-122.630413	45.531877	9.6
-122.63095	45.531662	9.6
-122.631567	45.531408	11.2
-122.632177	45.53116	10.8
-122.632785	45.530928	10.6
-122.633415	45.530683	11.4
-122.634053	45.53043	11.2
-122.634673	45.530192	11
-122.63531	45.52994	11.2
-122.635953	45.529697	11.4
-122.636515	45.529498	9.4
-122.636967	45.529322	8.2
-122.637537	45.529097	10.2
-122.638163	45.528852	11
-122.638783	45.528607	11
-122.639413	45.528365	11.2
-122.640047	45.528107	11.2
-122.640682	45.527863	11.2
-122.641283	45.527642	10.6
-122.641862	45.527403	10.2
-122.642443	45.527158	10.6
-122.643027	45.526933	10.2
-122.643597	45.526722	10
-122.64415	45.526497	9.8
-122.644703	45.52627	10
-122.645307	45.526045	10.6
-122.645918	45.525822	10.6
-122.646523	45.525595	10.6
-122.647138	45.525382	10.6
-122.647633	45.525198	8.4
-122.6479	45.525103	4.2
-122.648535	45.524865	2.32
-122.648992	45.524695	7.8
-122.64932	45.524578	5.4
-122.649375	45.524558	1
-122.649375	45.524558	0
-122.649375	45.524558	0
-122.649398	45.524548	1
-122.649727	45.52442	6.2
-122.65025	45.524212	9.4
-122.650772	45.524003	9.2
-122.651202	45.523853	7.2
-122.651373	45.523797	2.4
-122.652252	45.523623	2.4516129032
-122.652672	45.52363	4.5212803131
-122.653153	45.523638	7.2
-122.653377	45.52364	3
-122.654122	45.52364	0.9677419355
-122.654465	45.523643	5.2
-122.654822	45.523643	5.6
-122.655272	45.523643	7.2
-122.655795	45.523647	8
-122.656332	45.523648	8.4
-122.65689	45.523652	8.6
-122.65744	45.523653	8.6
-122.657982	45.523653	8.2
-122.658508	45.523657	8.2
-122.659018	45.523658	7.8
-122.65957	45.523662	8.6
-122.660123	45.523662	8.6
-122.660715	45.523667	9
-122.661217	45.523668	7.6
-122.66151	45.523685	3.8
-122.662223	45.523663	1.18
-122.662418	45.523402	6.6
-122.66247	45.523143	5.6
-122.662808	45.523023	6.4
-122.663367	45.523022	9
-122.664102	45.523033	11.8
-122.664943	45.52305	13.2
-122.665842	45.523065	14
-122.666745	45.523088	14
-122.667628	45.523105	13.8
-122.668523	45.523125	13.8
-122.669462	45.523147	14.6
-122.670327	45.523167	13.2
-122.67113	45.523163	12.4
-122.67191	45.52317	11.8
-122.672595	45.523183	10.4
-122.67323	45.523177	9.8
-122.673797	45.52316	6.8
-122.674167	45.52315	6
-122.67436	45.523145	0.375
-122.674702	45.523133	5.2
-122.67501	45.523105	4.8
-122.675162	45.523098	2.6
-122.675228	45.523095	0.0533333333
-122.675477	45.522998	4.6
-122.675618	45.522735	6.2
-122.675758	45.522467	6.2
-122.675845	45.522305	3.8
-122.675958	45.521902	0.6571428571
-122.676135	45.52157	7.8
-122.676305	45.521235	7.8
-122.676472	45.520902	7.8
-122.67666	45.520535	8.4
-122.676827	45.520208	7.6
-122.676987	45.519883	7.6
-122.67711	45.519637	5.8
-122.677153	45.519552	2
-122.677332	45.519313	5.8
-122.677465	45.51909	5.4
-122.677745	45.518447	0.8333333333
-122.677828	45.518278	3.6
-122.67783	45.518267	0.04
-122.677922	45.518095	4.2
-122.6781	45.517747	8.2
-122.678203	45.517553	4.4
-122.678368	45.517245	7.4
-122.678572	45.51686	9
-122.67874	45.51654	7.4
-122.678908	45.516225	7.4
-122.679088	45.515912	7.6
-122.679193	45.5157	4.6
-122.679365	45.5152	1.18
-122.679478	45.514973	5
-122.679542	45.514907	1.6
-122.679582	45.514873	0.3
-122.679752	45.51464	5.8
-122.679905	45.514368	6.4
-122.680063	45.5141	6.4
-122.680197	45.513855	5.8
-122.680342	45.513587	6.2
-122.68053	45.513305	6.8
-122.680688	45.513038	6.4
-122.680718	45.512947	0.9
-122.680785	45.512742	5
-122.680947	45.512428	7.4
-122.681125	45.5121	7.6
-122.681297	45.511777	7.6
-122.681458	45.511478	7
-122.681642	45.511123	8.4
-122.681847	45.510765	8.6
-122.682075	45.510428	4.3892464189
-122.682173	45.510262	3.6
-122.682187	45.510242	0.075
-122.682278	45.510033	5.2
-122.682653	45.509332	8.4
-122.682882	45.508897	10.2
-122.683125	45.508478	10
-122.6834	45.5081	9.4
-122.683628	45.507703	9.6
-122.683793	45.507327	8.4
-122.683813	45.507135	3.8
-122.683808	45.507112	0.12
-122.683778	45.506855	6.2
-122.683573	45.506473	9.4
-122.68326	45.506157	8.2
-122.683195	45.506027	2.4
-122.683195	45.506027	0
-122.683195	45.506027	0
-122.683195	45.506027	0
-122.683192	45.506005	1.3333333333
-122.683188	45.505742	6.2
-122.683202	45.5054	7.2
-122.683208	45.505308	1.75
-122.683208	45.505308	0
-122.683208	45.50524	2
-122.683033	45.505105	4.4
-122.682177	45.504983	6.9
-122.682078	45.504688	7
-122.682092	45.504275	9.4
-122.682103	45.503745	12
-122.682123	45.503183	12.4
-122.682012	45.502623	12.6
-122.68137	45.50145	13.9
-122.68105	45.50087	13.6
-122.680722	45.500288	13.8
-122.680385	45.499678	14.4
-122.680045	45.499087	14
-122.679702	45.498482	14.6
-122.679352	45.497843	15.2
-122.678628	45.496555	15.2
-122.677808	45.495413	14.1
-122.67738	45.494852	14.2
-122.67715	45.494218	14.6
-122.676992	45.493542	15.2
-122.676905	45.492887	14.2
-122.677053	45.492338	12.4
-122.67744	45.49181	13.2
-122.677902	45.491383	11.4
-122.678338	45.491093	9
-122.678545	45.490997	2.8
-122.679105	45.49076	1.0357142857
-122.679788	45.490588	11.6
-122.680627	45.490393	14
-122.681508	45.490092	19.25
-122.682283	45.489592	16.4
-122.6828	45.488925	16.8
-122.682902	45.488175	16.6
-122.682817	45.487425	16.6
-122.682272	45.485883	17.6
-122.681925	45.48512	17.6
-122.681347	45.484452	17.2
-122.680827	45.483767	17.2
-122.680612	45.482998	17.2
-122.680513	45.48217	18.4
-122.680367	45.481315	18.8
-122.680245	45.480487	18.2
-122.680123	45.479692	17.6
-122.680012	45.478897	17.4
-122.679898	45.478107	17.6
-122.679787	45.477328	17
-122.67967	45.476585	16.4
-122.679563	45.475855	16.2
-122.679457	45.475133	15.8
-122.679353	45.474435	15.6
-122.679268	45.47375	15
-122.679342	45.473097	14.4
-122.679655	45.472475	14.6
-122.680178	45.47194	11.4
-122.680662	45.471623	11.8
-122.680847	45.471543	2.2
-122.680947	45.471492	2.4
-122.68107	45.471433	1.6
-122.681087	45.471432	0.3333333333
-122.681087	45.471432	0
-122.681087	45.471432	0
-122.681228	45.47138	2.75
-122.68175	45.471237	10.6
-122.682468	45.471127	11.6
-122.6833	45.471118	10.4
-122.684083	45.471133	4.9073636017
-122.684702	45.47114	11.2
-122.685098	45.471143	4.8
-122.68524	45.471145	2.2
-122.68524	45.471145	0
-122.68524	45.471145	0
-122.68524	45.471145	0
-122.685308	45.471145	1.6666666667
-122.685722	45.471148	6.2
-122.686378	45.471153	10
-122.687142	45.471123	11.8
-122.68767	45.471097	8.4
-122.687855	45.471085	3
-122.688098	45.471025	0.3454545455
-122.688328	45.470943	3.8
-122.688912	45.470733	10.2
-122.689585	45.470423	12.4
-122.690272	45.470032	13.6
-122.690998	45.46962	14.6
-122.691645	45.469258	12.8
-122.69215	45.468985	9.8
-122.692425	45.468848	5.4
-122.692737	45.468627	1.36
-122.693213	45.468348	9.6
-122.693812	45.468005	12
-122.694497	45.467603	13.8
-122.695258	45.467167	15.2
-122.695952	45.466765	14
-122.696567	45.466418	12.2
-122.69719	45.466065	12.4
-122.69764	45.465845	8.4
-122.69786	45.46574	4.2
-122.69808	45.465547	0.2947368421
-122.69851	45.465282	9
-122.699118	45.464928	12.2
-122.69982	45.464537	14
-122.70051	45.464142	13.6
-122.701072	45.463817	11.2
-122.701985	45.463283	9.2
-122.702563	45.46295	11.6
-122.703265	45.462545	14.2
-122.704778	45.461663	15.2
-122.705507	45.461243	14.6
-122.706057	45.460933	10.6
-122.706598	45.460638	10.8
-122.70725	45.460262	13
-122.707872	45.459912	12.4
-122.708325	45.459683	8.4
-122.708783	45.45938	1.6333333333
-122.709157	45.45916	7.8
-122.709605	45.458903	9
-122.710108	45.458612	10.2
-122.710672	45.458268	11.6
-122.711297	45.457905	12.6
-122.711987	45.457513	13.8
-122.712752	45.457102	15
-122.71359	45.456683	16
-122.714498	45.456238	17.4
-122.715442	45.455822	17.2
-122.716367	45.455458	16.4
-122.717153	45.455147	14
-122.717833	45.45486	12.2
-122.718353	45.454637	9.2
-122.718597	45.454543	4
-122.718623	45.454532	0.0666666667
-122.718715	45.454397	3.6
-122.718435	45.454322	5
-122.718045	45.454435	6.2
-122.717425	45.454815	1.3
-122.717488	45.454918	2.2
-122.717795	45.454915	5.4
-122.718213	45.45471	8.2
-122.7185	45.454588	4.8
-122.718677	45.454522	0.85
-122.719137	45.454342	8.4
-122.719798	45.454115	11.6
-122.72035	45.453917	9.2
-122.720677	45.453795	5.6
-122.720863	45.453732	0.4
-122.721338	45.453557	8.8
-122.722048	45.45328	13
-122.722883	45.452953	14.8
-122.723805	45.452598	16.6
-122.724763	45.452228	16.8
-122.725713	45.45185	17
-122.726607	45.451447	16.4
-122.727375	45.450943	16.2
-122.727992	45.45032	17
-122.728452	45.449593	17.6
-122.72881	45.448803	4.8632651532
-122.729168	45.447987	18.8
-122.72956	45.44722	17.8
-122.730078	45.446593	15.6
-122.730695	45.446097	14.6
-122.7315	45.445652	16.2
-122.732518	45.445297	17.6
-122.733668	45.445038	18.8
-122.734862	45.444798	19.4
-122.736035	45.444552	18.8
-122.737093	45.444257	17.4
-122.738162	45.443955	17.8
-122.739183	45.443717	16.4
-122.740173	45.443518	15.8
-122.741035	45.443373	13.4
-122.741742	45.443273	11
-122.74248	45.443178	11.6
-122.74324	45.44311	11.8
-122.74398	45.442985	11.6
-122.744573	45.442872	9
-122.744778	45.442833	2.6
-122.744778	45.442833	0
-122.74584	45.442542	1.0217391304
-122.746393	45.442372	9
-122.746893	45.442188	9
-122.748272	45.441547	13
-122.749025	45.441167	14.2
-122.749717	45.440842	12.8
-122.750322	45.440538	11
-122.750748	45.440318	7.6
-122.750912	45.440235	2.4
-122.751075	45.440153	0.6666666667
-122.751603	45.439883	10.6
-122.752245	45.439557	12.4
-122.752928	45.439193	13.4
-122.753607	45.438843	12.8
-122.754362	45.438457	14.4
-122.755155	45.438053	15.2
-122.755925	45.437677	14
-122.756485	45.437423	9.4
-122.756683	45.437338	2.6
-122.757028	45.437163	1.95
-122.757612	45.436903	11
-122.75828	45.436613	12.2
-122.758882	45.43636	10
-122.759177	45.436237	4.6
-122.759297	45.436187	2
-122.75948	45.436107	3.8
-122.759897	45.435922	8.2
-122.760487	45.4357	10.4
-122.761123	45.435472	11.2
-122.761778	45.435237	11.2
-122.76223	45.435077	6.8
-122.762352	45.43503	0.4761904762
-122.762693	45.434917	6.4
-122.76308	45.434812	5.8
-122.763725	45.434498	0.9538461538
-122.764212	45.434313	9.4
-122.764943	45.434047	13
-122.76568	45.433783	12.6
-122.766285	45.433542	10
-122.766645	45.43339	5
-122.76689	45.433302	0.2470588235
-122.767147	45.433195	5.6
-122.767218	45.432932	5
-122.767452	45.432778	4.4
-122.767908	45.4327	7.2
-122.76822	45.432578	5.6
-122.768322	45.432522	1.8
-122.768445	45.432448	2.4
-122.7687	45.432283	5.2
-122.76897	45.432085	6
-122.76926	45.431882	6.4
-122.769555	45.431677	6.2
-122.769867	45.43148	6.6
-122.770088	45.431345	4.1666666667
-122.770052	45.431153	3.6
-122.769782	45.430957	5.6
-122.7695	45.430755	6.2
-122.76949	45.430572	3.8
-122.76956	45.430395	4
-122.769462	45.430248	3.6
-122.769315	45.430132	3.4
-122.769195	45.430043	2.6
-122.769077	45.430425	0.0629685157
-122.769322	45.430598	5.4
-122.769635	45.43083	6.8
-122.769907	45.431047	6.4
-122.770032	45.431142	2.8
-122.770065	45.43122	1.4
-122.769893	45.431383	4.6
-122.769543	45.431575	7
-122.769137	45.431817	8.2
-122.768772	45.432037	7.2
-122.768562	45.432167	4.2
-122.768503	45.432203	1.2
-122.768217	45.43237	5.8
-122.767708	45.432533	8.6
-122.76725	45.43261	7.4
-122.767072	45.4327	3.4
-122.766963	45.432842	3.2
-122.766945	45.433018	3.6
-122.766962	45.433058	0.8
-122.766538	45.433318	4.7
-122.765883	45.433553	11.2
-122.765197	45.4338	12
-122.764452	45.434073	13
-122.763712	45.43437	13.2
-122.763075	45.434615	11
-122.762777	45.434722	5.2
-122.762565	45.434797	0.45
-122.762102	45.434967	8.2
-122.761588	45.435153	9
-122.761203	45.435292	6.6
-122.761023	45.435357	3
-122.760958	45.435382	1
-122.760687	45.43548	5
-122.76024	45.435647	7.8
-122.759738	45.435832	8.8
-122.759228	45.436025	9
-122.758627	45.436267	10.8
-122.757958	45.436548	12
-122.757518	45.436738	7.8
-122.757338	45.436818	3.2
-122.757278	45.436842	1.2
-122.756288	45.43729	4.5837473849
-122.755625	45.437605	12.4
-122.754933	45.43795	13.2
-122.754228	45.438313	13.6
-122.753532	45.438672	13.4
-122.752827	45.439037	13.4
-122.752107	45.439408	14
-122.751355	45.439798	14.6
-122.749748	45.44063	15.5
-122.748935	45.441053	15.8
-122.748153	45.441455	15
-122.747338	45.441848	15.4
-122.745605	45.442475	15.2
-122.744668	45.442698	15.4
-122.743903	45.442845	12.2
-122.74321	45.442953	11
-122.74276	45.443	6.8
-122.741957	45.443115	2.1666666667
-122.741277	45.443203	10.8
-122.740545	45.44332	11.8
-122.7398	45.443457	12
-122.739183	45.443583	9.8
-122.738895	45.443647	4.4
-122.738752	45.44368	0.52
-122.73827	45.443797	8.2
-122.737597	45.443975	11.2
-122.736805	45.444193	13.4
-122.735955	45.44442	14.2
-122.735043	45.444645	15
-122.734072	45.444853	15.8
-122.732042	45.445317	16.7
-122.731343	45.445582	11.6
-122.730932	45.4458	8.2
-122.730435	45.44613	10.6
-122.729455	45.447115	13.4
-122.729098	45.447738	15
-122.728797	45.44842	15.8
-122.728477	45.449125	16.4
-122.728128	45.449835	16.6
-122.727667	45.450452	15
-122.727295	45.450792	9.2
-122.727137	45.450922	3.4
-122.72665	45.451273	1.9333333333
-122.725972	45.451615	13.2
-122.72514	45.45195	14.8
-122.724408	45.45223	12.8
-122.723828	45.452403	9.6
-122.723528	45.452515	6.25
-122.722642	45.4529	3.1923076923
-122.722052	45.453118	10.2
-122.721657	45.45325	8
-122.720575	45.453692	1.9607843137
-122.719807	45.453992	17
-122.719148	45.454243	11.4
-122.718737	45.454393	6.8
-122.718362	45.454393	6
-122.71797	45.454472	6.2
-122.717645	45.454552	5.2
-122.717453	45.454587	2.3333333333
-122.717145	45.45505	1.3863636364
-122.716682	45.455238	8.6
-122.716038	45.45549	11.4
-122.715315	45.455775	13
-122.714547	45.456097	14
-122.713747	45.456457	14.8
-122.712933	45.456852	15.2
-122.712142	45.457297	15.8
-122.711357	45.457747	15.6
-122.710568	45.458197	15.8
-122.709778	45.458643	15.6
-122.708552	45.45934	11.9
-122.708202	45.459535	6.6
-122.708013	45.459643	3.4
-122.707978	45.459665	0.6
-122.707755	45.459795	5
-122.707283	45.460065	9.6
-122.706668	45.46042	12.4
-122.706005	45.460808	13.4
-122.705302	45.461223	14.2
-122.704562	45.461647	15
-122.703808	45.46208	15
-122.703067	45.462495	14.6
-122.701737	45.463268	13.3
-122.701065	45.463657	13.4
-122.700465	45.463985	11.4
-122.700113	45.46415	6.2
-122.700023	45.464198	1.4
-122.699518	45.464547	2.95
-122.69838	45.46521	4.0087425923
-122.69793	45.465427	8
-122.697672	45.465558	4.6
-122.697102	45.465935	1.4444444444
-122.696512	45.466282	12.2
-122.695792	45.466702	14.6
-122.69504	45.467135	15
-122.694285	45.467568	15
-122.693522	45.467992	15
-122.692783	45.468413	14.6
-122.692278	45.468703	9.4
-122.692032	45.468833	4.4
-122.691958	45.468872	1.2
-122.691633	45.469083	1.52
-122.691135	45.469368	10.2
-122.690517	45.46971	12.2
-122.689865	45.470065	12.8
-122.689283	45.470378	11
-122.688842	45.470565	7.6
-122.688652	45.470632	2.6
-122.687918	45.470853	1.5111111111
-122.68719	45.470968	11.6
-122.68649	45.471003	10.6
-122.686025	45.471	6.8
-122.685855	45.470998	2.2
-122.685618	45.470995	4.2
-122.685052	45.470988	9.2
-122.683453	45.470988	12.5
-122.682652	45.47099	12.2
-122.682032	45.471043	9.4
-122.681592	45.471135	6.8
-122.681155	45.471273	7.8
-122.680603	45.471537	10.6
-122.679515	45.472498	13.8
-122.679232	45.473152	15
-122.67919	45.473852	15.6
-122.67931	45.474568	16.2
-122.679437	45.475297	16.2
-122.679543	45.476025	16.2
-122.67964	45.476743	16
-122.679753	45.477462	15.8
-122.679865	45.478175	15.8
-122.67998	45.478878	15.6
-122.680088	45.479588	15.8
-122.680185	45.480305	15.8
-122.680292	45.48102	15.8
-122.680402	45.481735	15.8
-122.68052	45.482488	16.8
-122.680613	45.483265	17.2
-122.68087	45.484018	17
-122.681402	45.484688	17
-122.68192	45.48536	16.8
-122.682195	45.48608	16.4
-122.682422	45.486755	14.8
-122.682593	45.48735	13.4
-122.682677	45.487963	13.6
-122.682658	45.4886	14
-122.682382	45.489217	14.2
-122.681785	45.489743	14.6
-122.680982	45.490123	15
-122.68009	45.490352	14.8
-122.67929	45.490515	12.2
-122.678857	45.490638	6.6
-122.678675	45.490707	2.6
-122.678468	45.490802	0.6857142857
-122.678022	45.491045	8.8
-122.677603	45.491367	9.8
-122.677215	45.491785	11.2
-122.676933	45.49232	12.8
-122.676815	45.492938	13.8
-122.676908	45.493572	14.2
-122.67706	45.494205	14
-122.677263	45.494813	13.8
-122.677635	45.495358	10.6
-122.678052	45.495862	12.8
-122.678402	45.496367	12.4
-122.678697	45.496898	12.6
-122.678992	45.497433	12.6
-122.679285	45.497962	12.6
-122.679573	45.498487	12.4
-122.679858	45.498998	12
-122.680137	45.499505	12
-122.680422	45.500018	12.2
-122.680712	45.500537	12.2
-122.680997	45.501053	12.2
-122.681268	45.501543	11.6
-122.681428	45.501868	7.6
-122.681795	45.502483	3.909576941
-122.68198	45.50288	9.2
-122.68204	45.503345	10.4
-122.68201	45.503825	10.6
-122.682003	45.504318	10.8
-122.681995	45.504793	10.4
-122.681985	45.50517	8.4
-122.681943	45.505442	6.2
-122.681987	45.506092	1.0142857143
-122.681982	45.506483	8.6
-122.681967	45.506913	9.4
-122.681957	45.50735	9.6
-122.68196	45.507777	9.4
-122.681955	45.508168	8.6
-122.681748	45.508877	8
-122.681585	45.509182	7.2
-122.68144	45.509387	5
-122.6814	45.50945	1.6
-122.681207	45.509865	1.0444444444
-122.681092	45.510127	6
-122.680898	45.510463	8
-122.680712	45.510782	7.6
-122.680538	45.511118	7.8
-122.68037	45.511447	7.6
-122.680237	45.511682	5.8
-122.680245	45.511828	2.8
-122.680432	45.511937	2.8
-122.680735	45.51202	5.2
-122.680972	45.512073	3.8
-122.681028	45.512087	1
-122.681268	45.512152	4
-122.681697	45.51226	7
-122.682023	45.512332	5.2
-122.68216	45.5124	2.6
-122.682172	45.512528	2.6
-122.682082	45.512667	3.4
-122.682032	45.512745	1.8
-122.681788	45.51325	0.6823529412
-122.681637	45.513523	6.4
-122.681458	45.513827	7.2
-122.681303	45.514105	6.4
-122.681148	45.514357	5
-122.680928	45.514643	6
-122.680837	45.51478	3.2
-122.680673	45.515227	1.6451612903
-122.680542	45.515453	5.4
-122.68045	45.515568	2.3333333333
-122.680388	45.51567	0.4615384615
-122.680267	45.51592	5.8
-122.680137	45.516157	5.6
-122.680053	45.51631	3.6
-122.67988	45.51661	6
-122.679733	45.516848	4.6666666667
-122.679672	45.516948	2.4
-122.679522	45.517177	5.8
-122.67935	45.51742	5
-122.679308	45.517488	1.4
-122.679047	45.51805	0.6320754717
-122.678873	45.518348	5.8333333333
-122.67875	45.518595	5.6
-122.678663	45.5188	4.6
-122.678632	45.518863	1.4
-122.678607	45.518918	0.2333333333
-122.678463	45.519177	6.2
-122.678302	45.519465	6.8
-122.678153	45.519755	6.8
-122.678	45.520033	6.4
-122.677848	45.520317	6.8
-122.677677	45.52058	6.2
-122.677538	45.520787	5
-122.67752	45.520817	0.75
-122.677375	45.521197	1.0975609756
-122.677248	45.521448	5.6
-122.67722	45.521517	1.4
-122.677195	45.521592	1.8
-122.677133	45.521675	2.2
-122.677015	45.521947	6.4
-122.67692	45.522128	4
-122.676903	45.52215	0.4
-122.67689	45.522178	0.16
-122.676878	45.52236	4.2
-122.67713	45.522468	4.6
-122.677208	45.522488	1
-122.677232	45.522583	3.4
-122.677133	45.522777	4.4
-122.676992	45.522883	3.2
-122.67676	45.52289	3.8
-122.675973	45.522878	4.0085841957
-122.67542	45.52287	8.6
-122.674865	45.522835	9
-122.674285	45.522827	9
-122.6737	45.522832	9.2
-122.673175	45.522868	8.4
-122.672683	45.522855	7.6
-122.672323	45.522878	5.6
-122.671963	45.522907	5.6
-122.671493	45.522923	7.6
-122.670952	45.522945	8.6
-122.670305	45.522957	10
-122.669563	45.52295	11.6
-122.668808	45.522947	11.8
-122.668067	45.522943	11.6
-122.667313	45.522938	11.6
-122.666575	45.52293	11.4
-122.665845	45.522922	11.4
-122.665113	45.522912	11.4
-122.664385	45.522902	11.2
-122.663687	45.52289	10.8
-122.663033	45.522877	10
-122.662487	45.52287	8.4
-122.662097	45.522872	5.8
-122.661993	45.522867	1.4
-122.661955	45.522868	0.1142857143
-122.66166	45.522873	4.8
-122.661202	45.522897	7.4
-122.660715	45.522897	7.4
-122.660227	45.522903	7.8
-122.659695	45.522905	8.2
-122.659152	45.522902	8.4
-122.658618	45.522902	8.2
-122.65814	45.522898	7.2
-122.657877	45.522885	3.8
-122.657572	45.522895	0.4166666667
-122.657148	45.522905	6.6
-122.65665	45.522905	7.8
-122.656178	45.522898	7.2
-122.655787	45.522895	6.2
-122.655218	45.522895	9
-122.654625	45.522883	9
-122.654158	45.522852	7
-122.653907	45.522837	3.6
-122.653833	45.522832	1
-122.653385	45.522848	0.4588235294
-122.652757	45.52287	9.8
-122.652072	45.522873	10.6
-122.651392	45.522872	10.6
-122.650735	45.522883	10.2
-122.650105	45.522875	9.4
-122.649665	45.522863	6.4
-122.649482	45.522983	4
-122.64949	45.523288	7
-122.649492	45.523677	8.8
-122.649485	45.524035	7.4
-122.649488	45.524228	3.8
-122.649492	45.524247	0.4
-122.649473	45.524335	2.2
-122.648595	45.52472	8.5
-122.647968	45.524947	11
-122.647333	45.525177	11
-122.646707	45.525407	10.6
-122.646295	45.525542	6.4
-122.645398	45.525895	3.36
-122.644797	45.52612	10.6
-122.644232	45.526328	9.4
-122.643903	45.526465	5.6
-122.643573	45.526602	6.2
-122.643063	45.526803	9.4
-122.64251	45.527023	9.6
-122.642233	45.527135	4
-122.642067	45.527207	3.8
-122.641587	45.527402	8.6
-122.641245	45.52753	5.4
-122.640297	45.527913	3.56
-122.639702	45.528137	10.4
-122.639102	45.528367	10.6
-122.63847	45.528613	11.4
-122.63783	45.528845	11
-122.637228	45.529082	10.6
-122.63662	45.529317	10.8
-122.636013	45.529563	10.8
-122.635372	45.529822	11.6
-122.634725	45.530073	11.2
-122.63412	45.530315	10.8
-122.633543	45.530567	10.6
-122.632945	45.530778	10.2
-122.631778	45.53125	3.9114761711
-122.6313	45.531412	7.6
-122.631065	45.531487	3.4
-122.630867	45.531567	1.05
-122.630493	45.531723	6.8
-122.630093	45.531897	7.2
-122.62967	45.532077	8
-122.629093	45.532308	10.6
-122.628497	45.53255	10.6
-122.627907	45.532783	10.4
-122.626695	45.53327	10.8
-122.626057	45.533535	11.6
-122.625432	45.533793	11
-122.62487	45.534018	9.8
-122.624315	45.53424	10
-122.623797	45.534465	9.2
-122.623325	45.534655	8.4
-122.622837	45.534855	8.8
-122.622457	45.535013	6.4
-122.622167	45.535133	5.2
-122.62187	45.535257	5.2
-122.6216	45.535368	4.8
-122.621382	45.535458	3.8
-122.621215	45.535528	2.8
-122.621113	45.535568	1.6
-122.620993	45.535615	0.45
-122.620755	45.535713	4.2
-122.620502	45.535815	4.4
-122.620217	45.535937	5.2
-122.619942	45.536057	5
-122.619722	45.536148	4
-122.619625	45.536192	2
-122.6192	45.53639	0.3391304348
-122.619172	45.5364	0.2
-122.618852	45.536543	5.8
-122.61835	45.536772	9.2
-122.617915	45.536955	7.8
-122.61769	45.537053	4.2
-122.616947	45.537418	2.8
-122.616465	45.537635	8.8
-122.615978	45.537857	9
-122.615588	45.538032	7.2
-122.615413	45.538108	3.2
-122.6154	45.538113	0.0666666667
-122.61518	45.53821	4
-122.614822	45.538347	6.2
-122.613712	45.538808	3.3333333333
-122.613002	45.539047	12.2
-122.612288	45.53929	12.2
-122.611577	45.539533	12.2
-122.610843	45.539782	12.6
-122.61011	45.540027	12.6
-122.609413	45.540268	12
-122.608235	45.540733	10.5
-122.607803	45.540912	7.8
-122.607567	45.540992	4
-122.606898	45.541282	2.44
-122.606327	45.541507	10.2
-122.60578	45.541705	9.6
-122.605245	45.54191	9.4
-122.604758	45.5421	8.6
-122.603683	45.542532	9.6
-122.60304	45.54279	11.4
-122.602382	45.543043	11.6
-122.601737	45.543297	11.4
-122.601127	45.543535	10.8
-122.600002	45.543977	10
-122.59942	45.544203	10.2
-122.598808	45.544443	10.8
-122.598178	45.544692	11.2
-122.59756	45.544932	11
-122.596933	45.545177	11
-122.5963	45.545425	11.2
-122.595675	45.545668	11
-122.595057	45.54591	11
-122.594458	45.546143	10.6
-122.593872	45.546372	10.4
-122.593277	45.546603	10.4
-122.592705	45.546825	10.2
-122.59216	45.547037	9.6
-122.59163	45.547252	9.4
-122.591133	45.54742	8.6
-122.590955	45.547475	2.8
-122.590488	45.547673	2.15
-122.589912	45.547895	10.2
-122.589635	45.547997	4.6
-122.589258	45.54815	0.393258427
-122.588697	45.548373	10
-122.587348	45.548902	4.020066694
-122.586677	45.549155	11.8
-122.586007	45.549425	11.8
-122.585333	45.549688	12
-122.584675	45.549945	11.6
-122.584032	45.550202	11.4
-122.582767	45.55072	11.3
-122.582157	45.550965	10.8
-122.581658	45.551158	8.8
-122.581138	45.551375	9.4
-122.580547	45.551613	10.6
-122.579947	45.551853	10.6
-122.579483	45.55204	8
-122.57917	45.552167	5.4
-122.579022	45.552227	2.6
-122.57892	45.552267	0.6666666667
-122.578567	45.55241	6.2
-122.578272	45.552532	5.2
-122.578183	45.552567	1.4
-122.577167	45.55298	3.72
-122.576477	45.553262	12.4
-122.575747	45.553552	13
-122.575018	45.553862	13.2
-122.57429	45.554162	13
-122.573575	45.55445	12.8
-122.572863	45.554737	12.6
-122.572157	45.555027	12.6
-122.571502	45.555295	11.6
-122.571042	45.555483	8
-122.570835	45.555565	3.2
-122.57082	45.555572	0.2
-122.57082	45.555572	0.2
-122.570567	45.555673	4.8
-122.57002	45.555903	10
-122.569328	45.556207	12.8
-122.56858	45.556497	13.2
-122.567838	45.556813	13.4
-122.567077	45.557132	13.6
-122.566327	45.55743	13.2
-122.565708	45.557673	10.8
-122.565277	45.557867	7.6
-122.565197	45.558072	4.6
-122.5651	45.55824	4.2
-122.565038	45.558302	1.4
-122.564687	45.558678	0.9090909091
-122.564462	45.55882	4.6
-122.56422	45.558782	3.8
-122.564138	45.558617	3.8
-122.564112	45.558535	1.6
-122.564118	45.558432	2.4
-122.564348	45.558338	4.4
-122.564623	45.558282	4.6
-122.564727	45.558252	1.6
-122.623797	45.497307	0.4206896552
-122.624393	45.497248	9.2
-122.625047	45.497182	10.2
-122.625743	45.497132	10.8
-122.626362	45.497088	9.8
-122.626633	45.497075	4.2
-122.626637	45.497075	0.5
-122.627913	45.496977	3.5357142857
-122.629678	45.496852	4.2169241475
-122.630607	45.496823	14.4
-122.6314	45.496843	12.2
-122.631888	45.496857	7.2
-122.632105	45.496858	0.85
-122.63255	45.496893	7.2
-122.633143	45.496965	9.4
-122.633858	45.497052	11.4
-122.634642	45.497148	12.4
-122.635412	45.497325	12.6
-122.636163	45.497527	12.4
-122.63681	45.497702	10.6
-122.637298	45.497805	7.4
-122.637877	45.497862	1.92
-122.63855	45.497922	10.4
-122.6391	45.497968	8.4
-122.639387	45.497988	3.8
-122.639602	45.498007	0.5714285714
-122.640163	45.498113	9.6
-122.640957	45.49834	13.4
-122.641828	45.498592	14.6
-122.642733	45.498855	15.2
-122.643603	45.499108	14.2
-122.644373	45.499325	12.8
-122.645922	45.499668	12.6
-122.646828	45.499807	14.6
-122.64789	45.499907	16.8
-122.648788	45.49999	13.4
-122.649517	45.5001	11.6
-122.650248	45.500248	11.6
-122.651035	45.500438	13.2
-122.65196	45.500668	15.4
-122.652945	45.500912	16.2
-122.653702	45.50114	11.8
-122.65408	45.501233	5.2
-122.654108	45.50124	0.25
-122.654108	45.50124	0
-122.654108	45.50124	0
-122.654113	45.501242	1
-122.654403	45.501302	5.4
-122.654657	45.501357	3.2
-122.65561	45.50153	0.75
-122.65618	45.501603	9
-122.65665	45.501625	7.4
-122.656863	45.501783	5
-122.65685	45.501992	4.4
-122.656852	45.502168	3.8
-122.656858	45.502557	8.4
-122.656852	45.503027	10.2
-122.656837	45.503498	10.2
-122.65682	45.503928	9.4
-122.656788	45.504342	9.2
-122.65697	45.504715	8.6
-122.657487	45.504877	9
-122.658093	45.504898	9.6
-122.658605	45.50491	8
-122.65881	45.505118	6.2
-122.658783	45.505507	8.4
-122.659427	45.506165	9.4
-122.660032	45.506372	10.6
-122.660687	45.506503	10.4
-122.66132	45.506532	10
-122.661727	45.506533	6.2
-122.66197	45.506533	3.8
-122.662475	45.506542	8
-122.662963	45.506555	7.6
-122.663188	45.506562	3.4
-122.663628	45.506568	1.75
-122.66413	45.506583	7.8
-122.664615	45.506512	7.6
-122.665023	45.506277	8.4
-122.665458	45.50599	9.4
-122.665915	45.505683	9.8
-122.666363	45.505383	9.4
-122.666805	45.50509	9.4
-122.667228	45.504825	9
-122.667633	45.504565	8.4
-122.668032	45.504307	8.4
-122.668448	45.504033	8.8
-122.668883	45.503752	9.2
-122.669337	45.503462	9.6
-122.669788	45.503227	8.6
-122.670293	45.503045	8.8
-122.670775	45.502893	8
-122.671215	45.502763	7.4
-122.671607	45.502645	6.4
-122.671792	45.50259	2.8
-122.671913	45.502552	0.4
-122.672725	45.502622	4.0683857919
-122.672962	45.502902	7.2
-122.673113	45.503262	8.4
-122.673295	45.503655	9.2
-122.673497	45.504063	9.6
-122.673723	45.504473	9.6
-122.67399	45.504893	10.2
-122.674283	45.5053	10
-122.674675	45.505683	10.4
-122.67499	45.506117	10.8
-122.675223	45.506602	11.4
-122.675397	45.507062	10.4
-122.675557	45.507508	10
-122.675927	45.507832	9
-122.676402	45.50799	8
-122.676885	45.508012	7.6
-122.677225	45.508008	4.8
-122.677463	45.508017	4.2
-122.677952	45.508045	7.6
-122.678332	45.508043	5.6
-122.678557	45.508037	3.6
-122.678998	45.508015	7.2
-122.679462	45.508	7
-122.679718	45.507993	3.4
-122.679755	45.507992	0.6
-122.680062	45.507983	5.4
-122.680562	45.507983	7.8
-122.681485	45.508017	7
-122.681792	45.508067	0.6857142857
-122.681977	45.508212	4.6
-122.681937	45.508537	7.4
-122.681703	45.50925	8.1
-122.68155	45.509575	7.2
-122.681452	45.509778	4.4
-122.681555	45.509938	4.2
-122.681918	45.510037	6.2
-122.682115	45.510088	2.6
-122.682227	45.510118	0.4333333333
-122.682577	45.510213	6
-122.682923	45.510302	5.4
-122.683137	45.510357	2.8
-122.683245	45.510393	0.2666666667
-122.683313	45.51054	3.6
-122.683197	45.51079	5.6
-122.683118	45.51093	3.4
-122.68304	45.511072	1
-122.682882	45.511372	7
-122.682777	45.511553	4.4
-122.682753	45.511595	1
-122.682753	45.511595	0
-122.682753	45.511595	0
-122.682708	45.511643	1.6666666667
-122.682513	45.511897	6.2
-122.682363	45.512128	5.6
-122.68232	45.512192	1.6
-122.68227	45.51235	3.4
-122.682115	45.512648	6.8
-122.681985	45.512883	5.6
-122.681835	45.513113	5.4
-122.681645	45.513403	7.2
-122.681562	45.513557	3.6
-122.681527	45.513635	1.8
-122.681405	45.513927	6.8
-122.681255	45.514225	6.8
-122.681085	45.514527	7
-122.680668	45.515342	6.3333333333
-122.680497	45.515665	7.6
-122.680308	45.515962	7
-122.680207	45.516102	3.4
-122.680207	45.516107	0.5
-122.680207	45.516107	0
-122.680158	45.516168	1.4
-122.680143	45.516227	1.1666666667
-122.68013	45.516308	2.25
-122.679942	45.516835	6
-122.679792	45.517112	6.4
-122.679653	45.517395	6.6
-122.679498	45.51771	7.4
-122.67935	45.518007	7
-122.679243	45.51823	5.2
-122.67906	45.518472	5.8
-122.678853	45.518727	6.2
-122.678692	45.519002	6.6
-122.67851	45.519228	5.6
-122.6784	45.519413	4.4
-122.678195	45.519888	4.1100634936
-122.678023	45.520218	7.8
-122.677838	45.520557	8
-122.677688	45.520837	6.2
-122.677503	45.521112	6.8
-122.677328	45.521418	7.2
-122.677222	45.521603	4.2
-122.677122	45.521862	6
-122.676973	45.522145	6.4
-122.676907	45.52227	2.6
-122.67683	45.522377	1
-122.67666	45.52255	4.4
-122.676492	45.522893	1.4
-122.676472	45.523157	5.6
-122.67648	45.523317	3
-122.676503	45.523417	0.4333333333
-122.676512	45.523677	6
-122.676503	45.523948	5.8
-122.676497	45.524053	2.25
-122.676497	45.524053	0
-122.676497	45.524053	0
-122.676497	45.524053	0.5
-122.676493	45.524087	1.3333333333
-122.676492	45.524287	4.8
-122.676507	45.524565	6.2
-122.676518	45.524775	4.2
-122.676538	45.52495	4
-122.676535	45.525193	7
-122.676517	45.525425	3.8333333333
-122.676518	45.525462	0.6666666667
-122.676518	45.525462	0
-122.67655	45.525562	0.4827586207
-122.676555	45.525673	2.4
-122.676548	45.525777	1.8
-122.676552	45.525787	0.3
-122.676558	45.526018	4.8333333333
-122.676597	45.526353	8.75
-122.676602	45.526535	3.8
-122.676613	45.526818	5.6666666667
-122.676632	45.527203	8.6
-122.676643	45.527603	8.8
-122.676633	45.527923	8.25
-122.67625	45.528047	4.8
-122.675887	45.528057	6.8
-122.675725	45.528055	2
-122.675685	45.528055	0.8
-122.675567	45.52803	1.8
-122.675435	45.527955	2.1666666667
-122.67542	45.527817	3
-122.67544	45.527727	2.2
-122.67544	45.527727	0
-122.67544	45.527727	0
-122.67544	45.527727	0
-122.67544	45.527727	0
-122.67544	45.527727	0
-122.67544	45.527727	0
-122.67544	45.527727	0
-122.67544	45.527727	0
-122.67544	45.527727	0
-122.67544	45.527727	0
-122.67544	45.527727	0
-122.67544	45.527727	0
-122.67544	45.527727	0
-122.67544	45.527727	0
-122.67544	45.527727	0
-122.67544	45.527727	0
-122.67544	45.527727	0
-122.67544	45.527727	0
-122.67544	45.527727	0
-122.67544	45.527727	0
-122.67544	45.527727	0
-122.67544	45.527727	0
-122.67544	45.527727	0
-122.67544	45.527727	0
-122.67544	45.527727	0
-122.67544	45.527727	0
-122.67544	45.527727	0
-122.67544	45.527727	0
-122.67544	45.527727	0
-122.67544	45.527727	0
-122.67544	45.527727	0
-122.67544	45.527727	0
-122.67544	45.527727	0
-122.67544	45.527727	0
-122.67544	45.527727	0
-122.67544	45.527727	0
-122.67544	45.527727	0
-122.67544	45.527727	0
-122.692623	45.517468	0.0864864865
-122.692212	45.517417	6.8
-122.691758	45.517322	7.2
-122.691312	45.51719	7.2
-122.69089	45.517068	7
-122.690477	45.516938	6.8
-122.69006	45.516818	7
-122.689623	45.516695	7.2
-122.689185	45.516562	7.4
-122.688725	45.51645	7.6
-122.68827	45.51634	7.2
-122.6879	45.516237	4.8
-122.687525	45.516127	6.4
-122.687178	45.51601	7
-122.686917	45.515908	3.6
-122.686298	45.51574	0.78125
-122.6859	45.51562	6.8
-122.685533	45.515508	6.2
-122.685143	45.515385	6.6
-122.684692	45.515257	7.4
-122.684252	45.51513	7.4
-122.683833	45.515003	7
-122.683415	45.51487	7.2
-122.683	45.514757	6.8
-122.68263	45.514652	6.2
-122.682423	45.514615	3.2
-122.682243	45.514643	0.3666666667
-122.681935	45.514557	5.2
-122.681585	45.514455	5.8
-122.681213	45.514367	6
-122.680875	45.514255	5.8
-122.680603	45.514175	4.6
-122.680187	45.514048	0.5
-122.679415	45.513853	4.4775385054
-122.663533	45.506532	0
-122.663295	45.506528	3.8
-122.66278	45.506515	8
-122.662395	45.506505	5.8
-122.661665	45.506497	2.85
-122.660982	45.50649	10.6
-122.660277	45.506405	11.2
-122.767855	45.472878	5.2207678217
-122.767157	45.473057	11.4
-122.766527	45.473363	12
-122.765958	45.473742	12.2
-122.765428	45.474158	12.4
-122.76495	45.474622	12.6
-122.764485	45.475147	13.8
-122.76404	45.475685	13.6
-122.763733	45.476248	11.1666666667
-122.763587	45.476817	12.8
-122.763563	45.477372	12.4
-122.763577	45.477947	12.8
-122.763535	45.478472	14.25
-122.763198	45.478957	12
-122.762723	45.479462	13.4
-122.762138	45.479902	11
-122.761497	45.480237	12.4
-122.760852	45.480545	12
-122.76017	45.480872	16
-122.759478	45.481208	11
-122.758817	45.481538	12.6
-122.758155	45.481863	12.4
-122.757497	45.482182	12.4
-122.756793	45.482507	13.2
-122.756093	45.48282	12.8
-122.755398	45.483147	16.25
-122.754693	45.483482	11.1666666667
-122.753987	45.483815	13.2
-122.753313	45.484108	12.2
-122.752638	45.484417	12.4
-122.751998	45.484715	12
-122.751377	45.485003	11.6
-122.750795	45.485273	13.25
-122.75029	45.485518	9.2
-122.749905	45.485702	5.6666666667
-122.749685	45.485805	3.8
-122.749607	45.485843	0.109375
-122.74939	45.485948	4.4
-122.74919	45.486045	3
-122.748958	45.486088	4.75
-122.748673	45.486137	4.4
-122.748527	45.486168	2
-122.748462	45.486182	1.4
-122.748102	45.48627	5
-122.747552	45.48641	9.3333333333
-122.746873	45.486582	11.5
-122.746112	45.486767	12.4
-122.74531	45.486922	13
-122.744515	45.487012	12.4
-122.743738	45.48704	12.2
-122.742993	45.487038	11.6
-122.74223	45.487033	9.8333333333
-122.74146	45.487028	14.75
-122.74069	45.487022	12
-122.739917	45.487018	12
-122.739128	45.487017	12.2
-122.738347	45.487012	12
-122.73791	45.486995	6.8
-122.737062	45.486993	1.1
-122.736383	45.486988	10.6
-122.73569	45.486985	10.6
-122.734998	45.486982	10.8
-122.734288	45.486985	11
-122.7336	45.486982	10.8
-122.732958	45.48698	9.8
-122.732475	45.486975	7.2
-122.732237	45.486965	3.6
-122.730917	45.486977	3.5
-122.730157	45.486975	11.8
-122.729368	45.486983	12.2
-122.728553	45.48698	12.6
-122.726908	45.486592	13.8
-122.72615	45.486237	14.2
-122.725338	45.485977	13.8
-122.724515	45.485867	13
-122.723712	45.485787	12.6
-122.72292	45.485713	12.4
-122.722123	45.485648	12.4
-122.721312	45.485578	12.6
-122.720538	45.485508	11.8
-122.720125	45.48545	6.2
-122.719963	45.485417	2.2
-122.719462	45.48536	1.72
-122.718947	45.485248	8.8
-122.718252	45.485073	11.6
-122.717578	45.484863	11.4
-122.716867	45.48458	13.2
-122.716097	45.48424	14.2
-122.714523	45.483528	5.1645996019
-122.713665	45.48315	15.8
-122.712817	45.482768	15.6
-122.711983	45.482395	15.4
-122.711128	45.482023	15.6
-122.7102	45.481753	15.6
-122.709265	45.481655	14.4
-122.708483	45.48162	11.6
-122.70803	45.481543	6.2
-122.707605	45.481462	0.6333333333
-122.707105	45.481298	8.8
-122.706535	45.481063	10.6
-122.70588	45.480802	11.8
-122.705225	45.480573	9
-122.704592	45.480388	12.8
-122.703882	45.48023	9.4
-122.703008	45.480062	14.2
-122.702128	45.479905	14
-122.701365	45.479592	13.8
-122.700733	45.479143	14
-122.700093	45.478743	13.4
-122.699422	45.478455	12.2
-122.698787	45.478248	11
-122.698163	45.478112	10.2
-122.697615	45.478055	8.6
-122.697133	45.478018	7.6
-122.696803	45.478013	5
-122.696525	45.478063	4.6
-122.69639	45.478088	2.2
-122.695697	45.47824	1.14
-122.69507	45.478363	10.2
-122.694412	45.478488	10.6
-122.693868	45.478588	8.6
-122.693695	45.478622	2.6
-122.693608	45.478642	0.2666666667
-122.693213	45.478755	6.8
-122.692755	45.478925	8.2
-122.692218	45.479153	9.8
-122.691558	45.479405	11.6
-122.690858	45.479668	12.4
-122.690182	45.47992	11.8
-122.68951	45.480163	11.8
-122.68877	45.480263	11.6
-122.688085	45.480222	10.6
-122.68763	45.480175	6.8
-122.687447	45.480158	2.6
-122.687198	45.480157	4.2
-122.686648	45.48025	9
-122.685852	45.480348	12.8
-122.685015	45.480278	13
-122.684232	45.480095	12.8
-122.683423	45.479967	13
-122.682563	45.48001	13.4
-122.68166	45.480125	14.4
-122.680792	45.480232	13.4
-122.680193	45.480483	10.6
-122.680068	45.48097	10.4
-122.680283	45.481543	14.2
-122.680463	45.482255	16.6
-122.680598	45.483018	17.2
-122.680785	45.483767	17
-122.681242	45.48445	16.8
-122.68179	45.485082	16.2
-122.682153	45.48572	15.2
-122.682353	45.486372	14.8
-122.682567	45.487048	15.2
-122.6827	45.487692	14.4
-122.682565	45.489003	14.5
-122.682082	45.489568	14.6
-122.681287	45.490032	16
-122.68029	45.49032	16.8
-122.679303	45.490518	15.8
-122.678495	45.490788	13.6
-122.677877	45.491172	12.8
-122.677328	45.49167	13.8
-122.676947	45.49229	15
-122.676802	45.492998	15.8
-122.67693	45.493742	16.8
-122.677132	45.494458	16
-122.677503	45.495152	16.2
-122.677843	45.495778	14.6
-122.677907	45.496463	15.6
-122.677858	45.497253	17.4
-122.677808	45.498082	18.4
-122.677763	45.498907	18.2
-122.677748	45.499695	17.2
-122.677767	45.500478	17.2
-122.677768	45.501262	17.2
-122.67772	45.503742	5.0067011879
-122.677667	45.504528	17.4
-122.677605	45.505282	16.2
-122.67757	45.50595	14.4
-122.677552	45.506513	12.2
-122.677535	45.507027	11.4
-122.677513	45.507578	12.2
-122.677468	45.508065	10.4
-122.67741	45.508482	9
-122.677285	45.50887	8.6
-122.677135	45.509163	6.2
-122.677095	45.509237	1
-122.677025	45.509365	0.75
-122.676987	45.509558	5
-122.67724	45.50968	4
-122.677712	45.509788	7.6
-122.67821	45.509905	8.2
-122.678717	45.510017	8.2
-122.67927	45.510145	9.2
-122.679797	45.510262	8.6
-122.680245	45.510357	7.2
-122.680523	45.510402	4.4
-122.680665	45.510438	0.8
-122.680992	45.510512	5.4
-122.681332	45.510582	5.4
-122.681542	45.510628	0.5142857143
-122.681958	45.510735	7
-122.68241	45.510855	7.2
-122.682632	45.510925	3.6
-122.682823	45.511413	1.2166666667
-122.682577	45.51182	8.8
-122.682368	45.512172	8
-122.682167	45.512523	8.2
-122.681945	45.51292	9.4
-122.681723	45.51332	9.4
-122.68149	45.513705	9
-122.681288	45.514012	7.2
-122.681177	45.51418	3.6
-122.680898	45.514822	0.9625
-122.680722	45.515175	8.2
-122.680557	45.515502	7.2
-122.680503	45.515595	1.6
-122.680428	45.515747	0.6857142857
-122.680278	45.516072	6
-122.680197	45.516243	4.4
-122.680188	45.516255	0.25
-122.680188	45.516255	0
-122.680107	45.516403	4.6
-122.679915	45.516702	7
-122.679825	45.516867	3.2
-122.679575	45.517505	2.84
-122.679388	45.517902	9.2
-122.679173	45.518252	8.4
-122.678943	45.51862	8.8
-122.678685	45.519008	9.4
-122.678505	45.519362	8.4
-122.678337	45.519675	7.2
-122.678153	45.519962	7
-122.678033	45.520177	5
-122.677782	45.520845	1.1846153846
-122.677738	45.520918	1.6
-122.677642	45.521082	4.2
-122.677478	45.5214	7.4
-122.677387	45.521568	3.8
-122.677268	45.521765	5
-122.677107	45.522072	7.2
-122.677012	45.522258	4
-122.676998	45.52228	0.2
-122.677012	45.522423	3.4
-122.67726	45.522507	4.2
-122.677378	45.522532	2
-122.677427	45.52262	2.8
-122.67734	45.522745	3
-122.677318	45.522803	1
-122.70685	45.46048	5.0664878934
-122.707165	45.460297	6
-122.707307	45.460215	2.6
-122.707347	45.460192	0.2
-122.707622	45.460035	5.8
-122.708	45.459817	7.8
-122.708485	45.459537	10
-122.70905	45.45921	11.4
-122.709698	45.45884	13.2
-122.710385	45.458432	14
-122.711102	45.458005	14.6
-122.711867	45.457565	15.6
-122.712717	45.457102	16.8
-122.713608	45.456657	17
-122.71451	45.456227	17
-122.715407	45.455825	16.4
-122.716258	45.455492	15
-122.71705	45.455182	13.8
-122.717727	45.454903	12
-122.71826	45.454667	9.4
-122.718532	45.454562	4.2
-122.718563	45.454548	0.0857142857
-122.7187	45.45445	3.2
-122.718577	45.454313	4
-122.718227	45.454357	5.8
-122.717992	45.454428	3.4
-122.717438	45.454762	0.1740506329
-122.717448	45.454843	1.6
-122.717448	45.454843	0
-122.717463	45.45487	1
-122.71774	45.454915	4.2
-122.71818	45.454715	8.6
-122.718802	45.454487	11
-122.719452	45.454257	11.2
-122.720092	45.454012	11.4
-122.720765	45.453755	12
-122.721572	45.45345	14.2
-122.722398	45.453128	14.8
-122.72324	45.4528	15
-122.72415	45.452452	16
-122.725063	45.452103	16.2
-122.72597	45.451748	16.2
-122.726783	45.451358	15.2
-122.727242	45.451083	9.2
-122.727522	45.450853	1.7
-122.727892	45.450472	10.2
-122.728285	45.44992	13.8
-122.728648	45.449208	16.8
-122.728963	45.448475	16.8
-122.729278	45.44777	16.4
-122.729675	45.447077	16.4
-122.730237	45.446455	16.4
-122.730923	45.445952	15.2
-122.731765	45.445528	16.2
-122.732827	45.445205	18
-122.73505	45.444745	17.9
-122.736087	45.444517	16.8
-122.73707	45.444247	16.4
-122.738063	45.443972	16.4
-122.739037	45.443738	16
-122.740038	45.443528	16.2
-122.741043	45.443357	15.8
-122.741735	45.443255	10.6
-122.742143	45.443198	6.2
-122.742295	45.443175	2.2
-122.742337	45.443168	0.0470588235
-122.742777	45.443113	7.4
-122.743497	45.443013	11.4
-122.744213	45.442893	11.4
-122.744693	45.442812	7.2
-122.745955	45.442482	3.5666666667
-122.746708	45.44223	13
-122.747432	45.44193	13.2
-122.748193	45.441563	14.4
-122.748988	45.441173	18.75
-122.749763	45.4408	14.6
-122.75053	45.440413	12
-122.751275	45.440028	14.4
-122.752062	45.439623	15
-122.752803	45.439238	14.4
-122.753558	45.438843	18.25
-122.754323	45.438452	14.6
-122.755058	45.438073	14.2
-122.755867	45.437677	15.2
-122.756488	45.43739	10.8
-122.756712	45.437292	3.2
-122.757387	45.436977	0.7
-122.758057	45.436682	12.6
-122.758782	45.436377	13
-122.75943	45.436118	5.0081152825
-122.760087	45.435867	11.6
-122.760657	45.435632	10.2
-122.761207	45.435418	9.4
-122.761595	45.435258	6.4
-122.761822	45.435177	3.8
-122.761917	45.435143	1.2
-122.761917	45.435143	0
-122.761917	45.435143	0
-122.762062	45.435093	3.4
-122.762597	45.434895	10.2
-122.763357	45.434613	13.6
-122.764143	45.434327	13.6
-122.76484	45.434075	11.8
-122.765573	45.43381	13.2
-122.766285	45.433538	12
-122.766773	45.43334	8.2
-122.766998	45.433255	3
-122.767023	45.433243	0.1142857143
-122.767198	45.433122	4
-122.767222	45.432872	5.8
-122.767482	45.432687	6.2
-122.76793	45.432608	5.8
-122.76828	45.43248	7
-122.768397	45.43242	1.4
-122.768655	45.43226	5.2
-122.768997	45.43202	7.4
-122.769407	45.431733	9
-122.769802	45.431472	8.4
-122.770067	45.431312	5.4
-122.770173	45.431175	2.75
-122.770028	45.431008	3
-122.769823	45.430883	4
-122.769592	45.430742	4.6
-122.769482	45.430603	3.6
-122.769528	45.430483	2.6
-122.769568	45.430362	2.8
-122.769508	45.430247	2.3333333333
-122.769403	45.430153	2.6
-122.769312	45.430068	2.2
-122.769237	45.430017	1.6
-122.769153	45.429982	1.6
-122.769097	45.430437	0.0689972401
-122.769438	45.43069	7.6
-122.769787	45.430938	7.6
-122.769953	45.431065	3.2
-122.769953	45.431065	0
-122.769953	45.431065	0
-122.769958	45.43107	0.5
-122.770033	45.43113	1.6
-122.770007	45.431303	4
-122.76965	45.431508	7.2
-122.769273	45.431718	7.4
-122.768928	45.431923	7
-122.76862	45.432108	6
-122.768528	45.432173	1.8
-122.768268	45.432338	5.6
-122.767805	45.432515	8.2
-122.76733	45.4326	7.6
-122.767048	45.432765	5.6
-122.766972	45.433033	6
-122.766698	45.433238	6.8
-122.766108	45.43346	10.4
-122.765607	45.433642	8.4
-122.765347	45.433738	4.4
-122.765268	45.43377	0.2
-122.764962	45.433882	5.6
-122.76458	45.434023	6.8
-122.764158	45.434183	7.4
-122.763697	45.434382	8.6
-122.76315	45.434595	9.6
-122.762658	45.434772	8.6
-122.76222	45.434935	7.4
-122.761873	45.435065	6.2
-122.76145	45.435217	7.4
-122.760897	45.435417	9.8
-122.760325	45.435623	10
-122.759798	45.435818	9.2
-122.759308	45.436003	8.6
-122.75885	45.436183	8
-122.758462	45.436345	6.8
-122.758188	45.436462	4.6
-122.758127	45.436488	0.8
-122.758127	45.436488	0
-122.758087	45.436507	1.5
-122.757753	45.436652	6.4
-122.75735	45.436827	7.4
-122.75689	45.437028	8.6
-122.75638	45.43726	9.4
-122.755832	45.437522	4.6753293242
-122.755278	45.43779	10.2
-122.754743	45.438063	10.4
-122.754208	45.43834	10.2
-122.753672	45.438615	10.4
-122.753168	45.438873	9.4
-122.75282	45.439055	6.4
-122.752595	45.439173	4
-122.752505	45.439218	1.4
-122.752493	45.439225	0.0181818182
-122.752465	45.43924	0.8
-122.75222	45.439365	5.4
-122.7518	45.43958	8.2
-122.751397	45.439793	7.8
-122.750985	45.440007	8
-122.750477	45.440267	10
-122.749955	45.440535	10
-122.749448	45.440795	9.6
-122.749112	45.44097	6
-122.748942	45.441058	2.8
-122.748848	45.441107	1.8
-122.748778	45.441143	1.4
-122.748578	45.441248	4.4
-122.748238	45.441422	6.8
-122.747832	45.441623	7.8
-122.747407	45.441827	8
-122.747018	45.441948	6.2
-122.746838	45.442007	2.4
-122.746493	45.442192	1.56
-122.746045	45.44235	10
-122.745522	45.4425	8.8
-122.744948	45.442638	9.6
-122.744287	45.442772	11
-122.743545	45.442898	11.6
-122.742995	45.442972	8
-122.742767	45.442992	2.8
-122.741882	45.44312	0.9714285714
-122.741128	45.44323	12
-122.740323	45.443363	12.8
-122.739482	45.443523	13.6
-122.738628	45.443717	13.8
-122.737695	45.443955	15.4
-122.7367	45.44423	16.8
-122.735668	45.444507	17
-122.734688	45.44474	16.2
-122.733665	45.444947	16.6
-122.732613	45.445172	17
-122.731723	45.445442	15.2
-122.730945	45.445823	14.8
-122.730232	45.446322	15.6
-122.729628	45.446937	16.4
-122.729173	45.447648	17.4
-122.728825	45.448425	18
-122.728483	45.449228	18.4
-122.728092	45.449982	12.7142857143
-122.727617	45.45058	15.2
-122.727002	45.451093	14.8
-122.726152	45.451578	17.2
-122.725213	45.451963	16.8
-122.724327	45.452302	15.6
-122.723493	45.452607	14.6
-122.72207	45.45312	12.4
-122.72167	45.453265	7
-122.720568	45.45371	0.9428571429
-122.7199	45.45397	12
-122.719242	45.45422	11.6
-122.718805	45.454392	7.6
-122.718518	45.454402	4.4
-122.718147	45.454425	5.8
-122.717785	45.454515	6
-122.7175	45.454587	4.6
-122.71719	45.45501	2.1923076923
-122.716618	45.455253	10.4
-122.715767	45.455592	15.4
-122.714862	45.455958	16.2
-122.713985	45.45634	16
-122.713133	45.45674	15.8
-122.712483	45.457092	16
-122.711532	45.457648	16
-122.71073	45.458107	16
-122.70993	45.458563	15.8
-122.708607	45.459322	13.1
-122.708212	45.45955	7.8
-122.708002	45.459672	4
-122.707622	45.459888	8
-122.707027	45.460232	11.8
-122.706413	45.460583	12.4
-122.705745	45.46098	13.6
-122.705035	45.461395	14.2
-122.704317	45.461808	4.6165806771
-122.703633	45.462198	13.6
-122.703075	45.462487	10.4
-122.70287	45.46258	3.4
-122.702447	45.462862	2.4
-122.701985	45.463128	9.2
-122.701463	45.463428	10.6
-122.700892	45.463757	11.4
-122.70033	45.464078	11.2
-122.699793	45.464395	10.8
-122.699287	45.464713	10.6
-122.698767	45.465018	10.4
-122.698292	45.465285	9.4
-122.697858	45.465495	8
-122.69765	45.465588	3.4
-122.69687	45.466088	0.9555555556
-122.696173	45.466507	14.6
-122.695367	45.466972	16.2
-122.694553	45.467438	16.2
-122.693753	45.467883	15.8
-122.692977	45.468327	15.6
-122.69221	45.468773	15.4
-122.69144	45.469223	15.4
-122.690625	45.469678	16.2
-122.689873	45.470088	14.4
-122.689323	45.470388	10.4
-122.688982	45.470547	5.8
-122.68889	45.47058	1.2
-122.68889	45.47058	0.3333333333
-122.688878	45.470582	0.5
-122.688575	45.47069	5.8
-122.687178	45.47098	11.5
-122.686463	45.47101	10.6
-122.68608	45.471003	5.4
-122.685968	45.471	1.4
-122.68594	45.471	0.2666666667
-122.685512	45.470993	7.2
-122.684758	45.470985	12
-122.683832	45.470982	14.6
-122.6829	45.470977	14.2
-122.682067	45.471028	12.8
-122.681548	45.471135	7.6
-122.681418	45.471173	1.6
-122.681418	45.471173	0.25
-122.681415	45.471177	0
-122.681128	45.471277	5.8
-122.680553	45.471555	11.2
-122.67991	45.47203	14.8
-122.679418	45.472663	16
-122.6792	45.473373	16
-122.679252	45.47415	17.4
-122.679402	45.474987	18.8
-122.679522	45.475813	18.2
-122.679625	45.47662	17.8
-122.679743	45.477398	17.2
-122.679863	45.478178	17.2
-122.679987	45.478957	17.4
-122.680107	45.479727	16.8
-122.680197	45.480368	14
-122.680295	45.481055	15.6
-122.680427	45.481877	18.6
-122.680537	45.482772	19.6
-122.68068	45.483612	18.4
-122.681082	45.484327	17
-122.681637	45.484975	16.6
-122.682045	45.48566	16.4
-122.682277	45.486362	15.8
-122.682465	45.486958	12.6
-122.682563	45.487343	8.2
-122.682577	45.487502	2.6
-122.682582	45.487502	0
-122.682582	45.487502	0
-122.682582	45.487502	0
-122.682613	45.487638	4
-122.682663	45.488017	8.8
-122.68266	45.488548	12
-122.682458	45.489118	13
-122.681968	45.489625	13.6
-122.681225	45.490043	15
-122.680347	45.490303	14.6
-122.67949	45.49048	13.6
-122.678738	45.4907	15.25
-122.678212	45.490943	7.5
-122.678043	45.491045	3
-122.678042	45.491043	0
-122.678042	45.491043	0
-122.678037	45.491047	0.5
-122.677852	45.49118	6.5
-122.677457	45.49152	10
-122.676863	45.492625	4.6339482869
-122.676858	45.49331	12.2
-122.677023	45.494005	18.6
-122.677215	45.494678	15
-122.677585	45.495272	11.4
-122.677875	45.49564	9.6
-122.677958	45.495748	3
-122.677958	45.495748	0
-122.677957	45.49575	0
-122.678065	45.495863	2.8
-122.678315	45.496183	8
-122.678578	45.496635	10.6
-122.678843	45.497113	11.4
-122.679127	45.497628	12
-122.679742	45.498738	13.1
-122.680372	45.499887	13.6
-122.680697	45.500475	13.8
-122.681348	45.50166	14
-122.68164	45.502192	12.6
-122.681943	45.502745	13
-122.682055	45.503363	13.8
-122.682017	45.503993	13.8
-122.682007	45.504457	10.4
-122.682002	45.504707	5.6
-122.681998	45.504877	3.6
-122.681997	45.505155	6.2
-122.681997	45.505453	6.6
-122.682002	45.505885	9.4
-122.681995	45.506375	10.8
-122.681978	45.506863	10.6
-122.681965	45.507343	10.6
-122.681968	45.507775	9.6
-122.681965	45.508192	9
-122.681872	45.508627	9.8
-122.681703	45.509037	9.4
-122.681512	45.509358	7.6
-122.681082	45.510217	3.3333333333
-122.680835	45.510642	10.2
-122.68064	45.510982	8.2
-122.6806	45.511057	1.6
-122.6806	45.511057	0
-122.680562	45.511143	2
-122.68042	45.511443	7
-122.680268	45.511718	6.6
-122.680222	45.51183	2.4
-122.680313	45.51191	1.8
-122.680557	45.511993	4
-122.680958	45.512093	6.6
-122.681055	45.512117	0.175
-122.681418	45.512207	6
-122.681813	45.5123	6.4
-122.682038	45.512355	3.4
-122.682043	45.512357	0.5
-122.682043	45.512357	0
-122.682053	45.51236	0
-122.682182	45.51247	3.2
-122.682087	45.512708	5.2
-122.681965	45.512892	4.2
-122.68168	45.513495	2.2903225806
-122.681578	45.513668	5.25
-122.681348	45.51408	8
-122.681237	45.514275	4.4
-122.681128	45.514445	4.2
-122.680932	45.514718	6.8
-122.68086	45.514825	2.2
-122.680708	45.515225	0.4
-122.680562	45.515472	5.8
-122.680503	45.515577	2.2
-122.680483	45.515588	0.4
-122.68036	45.515812	5.8
-122.680202	45.516112	7
-122.680053	45.516377	6.2
-122.679905	45.51664	6.2
-122.679715	45.516955	3.8
-122.679483	45.517263	7.8
-122.67935	45.517487	5
-122.679093	45.518058	1.34
-122.678962	45.518288	5.4
-122.67885	45.518512	5.2
-122.678748	45.518733	5.2
-122.678692	45.518867	2.6
-122.678655	45.51894	0.55
-122.678523	45.519183	5.8
-122.678372	45.519472	6.8
-122.678223	45.519752	6.6
-122.678073	45.52003	6.6
-122.677905	45.520328	7.2
-122.677713	45.520628	7
-122.677612	45.520835	5.0990318997
-122.677427	45.52132	0.48
-122.677243	45.52167	8
-122.677115	45.52201	7.6
-122.677017	45.522208	3.8
-122.676998	45.52224	1.2
-122.676983	45.522408	4
-122.677238	45.522513	4.4
-122.677348	45.522542	1.8
-122.67736	45.522665	4
-122.677257	45.522802	2.8
-122.677155	45.522893	2
-122.676812	45.522932	5.4
-122.676615	45.522927	3.6
-122.676133	45.522935	0.7037037037
-122.675745	45.522955	6.2
-122.675387	45.52296	4.6666666667
-122.674875	45.522978	5.5714285714
-122.674307	45.523002	8.8
-122.673705	45.523045	9.4
-122.673025	45.523028	13.25
-122.672427	45.523028	9.2
-122.67173	45.523032	10.8
-122.670908	45.523033	10.6666666667
-122.669988	45.523023	18
-122.66897	45.523003	13.1666666667
-122.667902	45.522983	20.75
-122.666892	45.522963	15.8
-122.665888	45.522945	15.4
-122.664888	45.522925	15.6
-122.663947	45.522908	14.6
-122.6631	45.522885	13
-122.662433	45.522878	10.4
-122.662065	45.522883	5.8
-122.66191	45.52289	0.3428571429
-122.661435	45.5229	7.4
-122.661052	45.522898	5.8
-122.660712	45.5229	5.2
-122.660288	45.5229	6.6
-122.65965	45.522898	10
-122.658995	45.522898	10.2
-122.658375	45.522897	9.6
-122.657918	45.522883	7
-122.657858	45.522873	0.8
-122.656903	45.522887	3.75
-122.656193	45.522888	11
-122.655498	45.522888	10.8
-122.654808	45.522883	10.6
-122.654162	45.522858	10
-122.65385	45.522842	4.8
-122.652782	45.522857	0.625
-122.65215	45.52285	9.8
-122.651398	45.52285	9.6666666667
-122.650612	45.522875	10.1666666667
-122.650013	45.522873	9
-122.649658	45.522867	4.3333333333
-122.649513	45.522907	2.1666666667
-122.649477	45.52321	5.1666666667
-122.64949	45.523533	7.4
-122.649487	45.52391	8.2
-122.649465	45.524168	5.4
-122.649242	45.524492	0.6285714286
-122.648692	45.524697	10
-122.64809	45.524908	10.2
-122.647762	45.525022	5.2
-122.646715	45.525418	3.84
-122.646125	45.525638	10
-122.645768	45.525772	5.8
-122.645677	45.52581	1.4
-122.645513	45.52587	1.1333333333
-122.645002	45.526062	9.4
-122.644325	45.52631	12
-122.643632	45.526593	12.4
-122.642868	45.526903	13.8
-122.642125	45.5272	13
-122.641665	45.527378	7.4
-122.641512	45.52744	0.4333333333
-122.641292	45.527522	4
-122.641168	45.527565	1.6
-122.640342	45.527902	4
-122.639752	45.528127	10.4
-122.639233	45.528313	8.6
-122.639037	45.528385	2.6
-122.638782	45.528507	1.9333333333
-122.638232	45.528702	9.8
-122.637725	45.528887	8.4
-122.637542	45.528955	2.4
-122.63739	45.529015	1
-122.637122	45.529122	5.6
-122.636568	45.529337	4.9020796562
-122.635958	45.529583	11
-122.635312	45.529867	12
-122.634583	45.530167	13.2
-122.633883	45.53044	12.2
-122.633273	45.530672	10.4
-122.632787	45.53084	8.2
-122.632273	45.531062	9.6
-122.631688	45.531292	10.4
-122.63106	45.531512	11
-122.630458	45.531753	10.6
-122.629833	45.532023	11.6
-122.629198	45.53228	11.2
-122.628722	45.532473	7.8
-122.628313	45.53264	7.8
-122.62767	45.532908	12.2
-122.626868	45.533225	14.2
-122.626097	45.533535	13.8
-122.625443	45.533802	11
-122.625098	45.533942	5.4
-122.624962	45.534	0.52
-122.624613	45.534137	5
-122.62408	45.534362	9.6
-122.62358	45.53457	9.2
-122.623233	45.53471	6.2
-122.623142	45.534747	0.6
-122.622858	45.534865	4.8
-122.622385	45.535062	8.6
-122.621925	45.535255	8.2
-122.621432	45.535457	8.8
-122.6209	45.535675	9.6
-122.62037	45.535895	9.6
-122.620125	45.536002	4.6
-122.620027	45.536043	0.2571428571
-122.619735	45.53617	5.2
-122.619117	45.536448	2.375
-122.618867	45.53656	4.6
-122.618522	45.536718	6.2
-122.618108	45.53691	7.8
-122.617662	45.537113	8.2
-122.616662	45.537568	9.2
-122.616148	45.537797	9.4
-122.615727	45.537993	7.8
-122.615442	45.538117	5.2
-122.615397	45.538135	1
-122.61522	45.538215	1
-122.614832	45.538388	7.2
-122.614317	45.538628	9.6
-122.613657	45.538852	11.4
-122.612852	45.539125	13.8
-122.612052	45.53939	13.6
-122.611362	45.539623	11.8
-122.610702	45.539848	11.4
-122.610073	45.54006	10.8
-122.609618	45.540195	7.6
-122.608835	45.540492	2.3333333333
-122.608282	45.54072	9.8
-122.60777	45.54092	9.2
-122.607577	45.54099	3.2
-122.606892	45.541282	3.15
-122.60628	45.541518	10.8
-122.605587	45.541777	12.2
-122.605048	45.54198	9.4
-122.604833	45.542062	3.6
-122.604715	45.542122	0.48
-122.604227	45.542322	8.8
-122.603595	45.542593	11.6
-122.60288	45.542877	12.8
-122.602178	45.543152	12.4
-122.601373	45.543463	14.4
-122.5998	45.544078	13.9
-122.599038	45.54438	13.4
-122.597467	45.54499	13.9
-122.596668	45.5453	14.2
-122.595872	45.545613	14
-122.595117	45.54591	13.4
-122.594415	45.546185	12.4
-122.593045	45.54672	12.1
-122.592415	45.546963	11.2
-122.591847	45.54719	10
-122.59127	45.547403	10
-122.590967	45.5475	4.8
-122.590268	45.547788	2.56
-122.59007	45.547865	3.2
-122.590038	45.547878	0.6
-122.589942	45.547915	0.2571428571
-122.589585	45.54805	6.6
-122.58914	45.548218	7.8
-122.58864	45.548422	9
-122.58811	45.548632	4.8054961832
-122.587558	45.548852	9.8
-122.58697	45.54907	10.4
-122.58636	45.549318	11
-122.585697	45.549582	11.6
-122.58501	45.54985	12.4
-122.584105	45.55021	13.3333333333
-122.583395	45.550502	12.6
-122.582722	45.550773	12
-122.582082	45.551028	11.4
-122.581463	45.551272	11
-122.58082	45.551537	11.4
-122.580215	45.551777	10.8
-122.579713	45.551977	8.6
-122.579347	45.552125	6.4
-122.579107	45.552227	4.2
-122.579015	45.552265	1.4
-122.579002	45.552268	0.04
-122.578743	45.552373	5.2
-122.578395	45.55251	6
-122.578212	45.552583	2.8
-122.577645	45.552817	2.75
-122.577072	45.553052	10.4
-122.576425	45.553315	11.6
-122.575098	45.553853	11.9
-122.574525	45.554092	9.8
-122.574188	45.554227	5.6
-122.574017	45.554297	2.8
-122.573987	45.55431	0.1333333333
-122.573847	45.554367	2.8
-122.573612	45.554465	4.4
-122.573137	45.554658	9
-122.572425	45.554945	13
-122.571675	45.555255	13
-122.571182	45.555455	8.4
-122.570938	45.555555	3.8
-122.570912	45.555568	0.2
-122.570912	45.555568	0
-122.570912	45.555568	0.25
-122.570683	45.555663	4.8
-122.570173	45.555872	9.4
-122.569547	45.556115	11.2
-122.568883	45.556383	11.8
-122.568248	45.556665	11.8
-122.567475	45.557007	14.4
-122.566667	45.557337	14.2
-122.565957	45.557615	12.2
-122.565505	45.557793	7.2
-122.565337	45.55786	2.4
-122.565333	45.557862	0
-122.565333	45.557862	0
-122.565322	45.557865	2
-122.565192	45.558013	4.4
-122.565145	45.558243	4.8
-122.565023	45.558362	3
-122.56444	45.558852	0.2123076923
-122.564215	45.558772	4.5
-122.564187	45.558675	1.8333333333
-122.564187	45.558675	0
-122.564187	45.558675	0
-122.564187	45.558675	0
-122.564172	45.558638	2
-122.564127	45.55854	2.4
-122.564158	45.55841	2.8
-122.564412	45.558347	4.4
-122.564655	45.558287	4.2
-122.564767	45.558255	1.8
-122.564673	45.558732	0.7444444444
-122.564485	45.558832	3.6
-122.564245	45.55878	3.8
-122.564167	45.55862	4
-122.564125	45.558508	2.4
-122.564237	45.558345	4.4
-122.564657	45.558182	8.8
-122.565288	45.557923	11.6
-122.566008	45.557637	12.8
-122.56679	45.557332	13.8
-122.567572	45.557025	13.8
-122.568285	45.556733	12.6
-122.568933	45.556462	11.6
-122.569593	45.556187	11.8
-122.570228	45.555925	11.2
-122.570838	45.555672	11
-122.57133	45.555463	8.6
-122.572487	45.555007	10.1
-122.572685	45.554937	2.6
-122.57341	45.55463	3.6
-122.574035	45.554372	4.5402231785
-122.574667	45.554108	11.4
-122.575288	45.553873	10.8
-122.575922	45.55362	11.4
-122.576632	45.553328	13
-122.577327	45.55305	12
-122.577848	45.55284	8.8
-122.578193	45.5527	5.8
-122.57838	45.552627	3
-122.578403	45.552618	0.25
-122.578403	45.552618	0
-122.578403	45.552618	0
-122.578445	45.552602	3
-122.578777	45.55247	6.6
-122.579302	45.552255	9.6
-122.579892	45.551997	11
-122.580523	45.551725	11.4
-122.581132	45.551485	10.8
-122.581728	45.55125	10.4
-122.582335	45.550993	11.2
-122.582942	45.550742	10.8
-122.583548	45.550497	10.8
-122.584198	45.550235	12
-122.584905	45.549952	12.6
-122.585583	45.549688	11.8
-122.586222	45.54944	11.4
-122.586853	45.54921	11
-122.587475	45.54895	11.2
-122.588095	45.54871	10.8
-122.588565	45.548553	7.4
-122.58872	45.548493	1.8
-122.58875	45.548483	0.1428571429
-122.589082	45.548353	6.6
-122.589405	45.54823	5.2
-122.589672	45.548098	5.4
-122.589977	45.548002	4.6
-122.590065	45.547973	1
-122.590355	45.547847	1.6666666667
-122.590918	45.547623	12
-122.591488	45.547403	8
-122.591962	45.547227	8.6
-122.592392	45.547062	1.85
-122.592945	45.546832	9.8
-122.593593	45.546585	11.6
-122.594043	45.546412	8
-122.594558	45.546212	2.25
-122.595157	45.545978	10.6
-122.59582	45.545717	11.6
-122.596487	45.545457	12
-122.597135	45.545203	11.4
-122.597753	45.54496	11
-122.598387	45.544708	11.2
-122.598925	45.544498	9.6
-122.599292	45.544363	6.4
-122.60037	45.543945	7.3076923077
-122.600978	45.543707	10.8
-122.601578	45.543472	10.6
-122.60219	45.543233	10.8
-122.603387	45.54277	10.6
-122.603967	45.542557	10.2
-122.659055	45.50592	10.4
-122.658757	45.5057	6.6
-122.658758	45.50537	7.2
-122.65879	45.50502	7.8
-122.658795	45.50493	1.8
-122.658568	45.50481	4.6
-122.658157	45.504808	6.2
-122.658085	45.50481	1
-122.658085	45.50481	0.5
-122.658008	45.50482	1.6666666667
-122.657672	45.505012	6.6
-122.657418	45.505255	6.8
-122.657033	45.505263	6.2
-122.656542	45.505013	9.4
-122.656005	45.5048	9.6
-122.655497	45.504782	7.8
-122.655122	45.504777	5.6
-122.654965	45.504777	2.2
-122.654955	45.504777	0
-122.654955	45.504777	0
-122.654787	45.504768	3
-122.654302	45.50477	7.4
-122.653877	45.504767	6.4
-122.653542	45.504758	5.2
-122.652673	45.504783	2.2666666667
-122.651962	45.504783	11.2
-122.65116	45.504783	12.4
-122.650328	45.504783	12.8
-122.649565	45.504782	11.6
-122.648872	45.504782	10.8
-122.648148	45.504787	11.2
-122.647435	45.504788	11
-122.646747	45.50479	10.6
-122.646225	45.504782	7.8
-122.645903	45.50478	4.8
-122.645838	45.504782	0.2666666667
-122.64565	45.504785	3.2
-122.645117	45.50479	8.4
-122.64455	45.504793	8.8
-122.643945	45.504795	9.4
-122.64332	45.504793	9.6
-122.642663	45.504793	10.2
-122.641985	45.504795	10.6
-122.64136	45.504793	9.4
-122.640832	45.50479	8.2
-122.640358	45.504787	7.2
-122.639928	45.504782	6.8
-122.63946	45.504785	7
-122.639182	45.504783	4
-122.638698	45.504777	2
-122.638145	45.504777	8.6
-122.637467	45.504773	10.6
-122.636828	45.504775	9.8
-122.636325	45.504777	7.6
-122.635783	45.504773	8.6
-122.635218	45.504773	8.6
-122.634688	45.50477	8.2
-122.63416	45.504777	8.2
-122.633608	45.504778	8.6
-122.63301	45.504777	9.4
-122.632383	45.504765	9.8
-122.631727	45.504773	10
-122.631135	45.504775	9
-122.630645	45.504772	7.6
-122.630132	45.504765	8
-122.629593	45.504763	8.2
-122.62924	45.504763	5.2
-122.628837	45.504767	1.65
-122.628248	45.504765	9.4
-122.627543	45.50476	11
-122.626872	45.504762	10.2
-122.626263	45.504762	9.4
-122.625683	45.504763	8.8
-122.625108	45.504763	9
-122.624482	45.504763	9.8
-122.623853	45.50476	9.6
-122.623225	45.504748	9.8
-122.622687	45.504742	8.2
-122.622295	45.504737	5.6
-122.621532	45.504757	1.3555555556
-122.621037	45.504762	7.6
-122.62055	45.504762	7.6
-122.620052	45.50476	7.8
-122.619528	45.504768	8.2
-122.619055	45.50496	8.4
-122.618623	45.505187	8.6
-122.618017	45.50524	9.6
-122.617378	45.505243	9.8
-122.616842	45.505237	4.4358121179
-122.616302	45.50524	8.6
-122.615743	45.505243	8.6
-122.615162	45.505245	9
-122.614573	45.505252	9.2
-122.613982	45.505258	9.2
-122.613392	45.505263	9
-122.612825	45.505268	8.8
-122.612265	45.505273	8.6
-122.611705	45.50526	8.8
-122.611128	45.505267	9
-122.610495	45.505283	10
-122.609927	45.50529	8.2
-122.609665	45.505295	3.4
-122.60901	45.505298	2.24
-122.608335	45.505297	11
-122.607505	45.50531	13
-122.606658	45.505313	13
-122.605875	45.505315	12
-122.605127	45.505322	11.6
-122.604397	45.505325	11.2
-122.603693	45.505333	10.8
-122.603035	45.505323	10.2
-122.60239	45.505323	10
-122.601725	45.505325	10.4
-122.601015	45.505332	11
-122.600275	45.50533	11.6
-122.599492	45.50533	12.2
-122.5987	45.505335	12.2
-122.597922	45.505333	12
-122.597162	45.50534	11.8
-122.596338	45.505337	13
-122.595467	45.505338	13.4
-122.594632	45.505342	12.8
-122.593873	45.505345	11.6
-122.593338	45.505335	7.6
-122.59308	45.505328	3.4
-122.592055	45.505345	2.4571428571
-122.59139	45.505347	10.4
-122.59071	45.505348	10.4
-122.590067	45.505352	10
-122.589385	45.505348	10.6
-122.588678	45.50535	11
-122.587962	45.505353	11
-122.587217	45.505353	14.75
-122.586438	45.505353	12
-122.585657	45.505355	12
-122.585045	45.505347	7.5
-122.584722	45.505342	5.25
-122.583858	45.505357	2.92
-122.583128	45.505358	11.6
-122.582323	45.505335	12.6
-122.581458	45.505237	13.6
-122.580578	45.505087	14
-122.579843	45.504963	11
-122.579365	45.504888	7.4
-122.578857	45.504802	8.2
-122.578427	45.504695	6.6
-122.578225	45.504662	2.4
-122.57742	45.5046	0.5083333333
-122.57673	45.504552	10.6
-122.575988	45.504533	11.6
-122.575237	45.504528	11.6
-122.574565	45.504513	10.4
-122.5741	45.504502	7.4
-122.573933	45.504497	2.8
-122.417842	45.502062	0.0282885431
-122.417928	45.502385	7.8
-122.417978	45.502732	7.4
-122.418003	45.502908	3.4
-122.418077	45.503005	2.6
-122.418302	45.50302	4.8
-122.418728	45.502993	7.6
-122.419238	45.503003	8.4
-122.419807	45.502998	9
-122.42037	45.502995	8.6
-122.420823	45.503015	6.8
-122.420967	45.503013	1.6
-122.421077	45.503013	0.8
-122.421602	45.503007	8.6
-122.422315	45.502985	11.2
-122.42304	45.50297	11.2
-122.423763	45.502962	11.4
-122.424487	45.502957	11.2
-122.425177	45.50295	10.4
-122.425725	45.502943	8.2
-122.426003	45.50294	3.6
-122.426193	45.502962	2.6666666667
-122.426262	45.503223	8.25
-122.42621	45.503435	3.8
-122.426013	45.504122	2.7333333333
-122.425997	45.504583	9.8
-122.42606	45.504882	5
-122.426445	45.504973	8.25
-122.4271	45.504945	10.6
-122.427848	45.504922	11.6
-122.428627	45.504842	12.2
-122.429402	45.504702	12.4
-122.430125	45.504573	11.2
-122.430745	45.504512	9.6
-122.431403	45.504508	10.2
-122.432008	45.504508	9
-122.432402	45.50451	5.6
-122.432648	45.50451	4
-122.433163	45.504515	8.4
-122.433883	45.504515	11.6
-122.434712	45.504518	12.8
-122.435515	45.504527	12.2
-122.436165	45.504537	9.6
-122.436512	45.504545	4.6
-122.437482	45.504542	1.4
-122.437993	45.504548	8.4
-122.438645	45.504545	10.4
-122.43937	45.504547	11.2
-122.440132	45.504548	11.8
-122.76955	45.430365	4.298227464
-122.679103	45.513812	4.8
-122.678875	45.513972	5.2
-122.678745	45.51417	4.8
-122.678682	45.514277	0.8
-122.678557	45.514485	5
-122.678415	45.51472	5.6
-122.678312	45.514895	4
-122.678217	45.514992	2.6
-122.67802	45.514962	3.4
-122.677698	45.514865	4.5
-122.677595	45.514835	1.6
-122.677505	45.514808	0.4
-122.677193	45.514717	5.2
-122.676837	45.514615	6
-122.676467	45.514508	6.2
-122.676088	45.514402	6.4
-122.675865	45.514342	3.4
-122.675467	45.51425	1.7
-122.674977	45.514137	8
-122.67445	45.513977	9
-122.673878	45.51384	9.4
-122.67323	45.513682	10.8
-122.672562	45.513517	10.8
-122.671905	45.513345	10.8
-122.67123	45.513175	11.2
-122.67055	45.51301	11
-122.669882	45.512852	11
-122.669227	45.51269	10.6
-122.668588	45.512535	10.6
-122.667945	45.512382	10.4
-122.667233	45.512262	11.4
-122.666488	45.512205	11.6
-122.665808	45.512208	10.4
-122.665307	45.512185	7.6
-122.665015	45.51217	4.4
-122.664713	45.51221	1.2
-122.66422	45.512265	7.8
-122.663602	45.512287	9.6
-122.662937	45.512297	10.2
-122.662297	45.512293	10
-122.661748	45.51229	8.2
-122.661338	45.512287	6.2
-122.660963	45.512283	5.8
-122.660678	45.512373	5
-122.660627	45.5126	5
-122.660625	45.512767	3.2
-122.660635	45.51291	0.85
-122.660643	45.513185	6
-122.660652	45.513382	4
-122.660725	45.513795	1.3142857143
-122.660742	45.514105	7
-122.660748	45.514418	4.8571428571
-122.660755	45.514713	6.2
-122.660758	45.514905	3.8
-122.66077	45.515467	2.64
-122.660737	45.515817	7.6
-122.660727	45.516123	6.6
-122.660725	45.516397	6
-122.660722	45.516655	5.6
-122.660723	45.516927	6
-122.660728	45.517225	6.6
-122.660738	45.51753	6.8
-122.660742	45.517852	7
-122.660733	45.518173	7.2
-122.66073	45.518493	7
-122.660728	45.5188	6.6
-122.660718	45.51908	6
-122.660713	45.519225	2.8
-122.660713	45.519257	0.1
-122.66071	45.519463	4.8
-122.660698	45.519592	2.2
-122.660675	45.520285	2.7
-122.66068	45.520617	7.4
-122.660687	45.520962	7.4
-122.660688	45.521317	7.8
-122.660687	45.521665	7.6
-122.660682	45.521963	6.2
-122.660682	45.522088	2
-122.66068	45.522118	0.2
-122.660678	45.52229	3.8
-122.660677	45.522438	3
-122.660673	45.522562	2.8
-122.660673	45.522723	3.6
-122.660673	45.522865	0.2
-122.660672	45.523103	5.2
-122.660672	45.523383	6.2
-122.66067	45.523728	7.6
-122.660695	45.52442	4.4849818385
-122.660697	45.52486	11.6
-122.660693	45.525335	10.6
-122.660698	45.525825	10.6
-122.660697	45.526288	10
-122.660693	45.526703	9.2
-122.660683	45.52713	9.4
-122.660653	45.527547	9
-122.660645	45.527958	9.2
-122.660648	45.52837	9
-122.660647	45.52878	9
-122.66064	45.5292	7.4
-122.660637	45.52956	8
-122.660633	45.529723	3.8
-122.660628	45.530287	0.8378378378
-122.660627	45.530622	7.4
-122.660627	45.530933	6.8
-122.660627	45.531193	4.8333333333
-122.660623	45.531352	4.25
-122.660623	45.531417	0.4375
-122.660625	45.531635	6
-122.660622	45.531877	5.4
-122.660623	45.531995	2.1666666667
-122.660618	45.532523	1.45
-122.660618	45.532755	6.5
-122.660618	45.532817	1.2
-122.660618	45.532817	0
-122.660618	45.532817	0
-122.660618	45.53293	3.25
-122.660613	45.533227	6.6
-122.660612	45.53355	7
-122.660608	45.533862	7
-122.660603	45.534118	5.6
-122.6606	45.53432	4.4
-122.660597	45.53459	6
-122.660595	45.534825	5
-122.660597	45.534902	0.2
-122.660597	45.535137	5.2
-122.660592	45.535383	4.3333333333
-122.660653	45.53587	2.24
-122.660937	45.536252	9.4
-122.661423	45.536533	9.8
-122.661603	45.5369	8.8
-122.661587	45.537297	8.6
-122.661575	45.537682	8.6
-122.661575	45.538128	10
-122.66157	45.53862	10.8
-122.661563	45.539105	10.6
-122.66156	45.539588	10.6
-122.66154	45.540078	10.8
-122.661525	45.541007	10.2
-122.661527	45.541417	9
-122.661505	45.541728	5.3333333333
-122.661498	45.542162	0.6172839506
-122.661488	45.54253	8.4
-122.661505	45.542958	9.4
-122.661505	45.54341	10
-122.661507	45.543893	10.6
-122.661518	45.54438	10.8
-122.661525	45.544882	11
-122.66153	45.545393	11.4
-122.661528	45.545912	11.4
-122.661532	45.546458	12
-122.661523	45.54697	11.2
-122.661517	45.547467	11
-122.66151	45.547897	9.2
-122.661503	45.548105	4
-122.661515	45.548448	0.9111111111
-122.661515	45.548875	9.6
-122.661527	45.549332	10.2
-122.661517	45.549812	10.6
-122.66151	45.550332	11.4
-122.661508	45.550738	8.6
-122.661503	45.550975	4.6
-122.661487	45.551425	2.16
-122.661477	45.55179	7.6
-122.661478	45.551965	3.2
-122.661477	45.552045	0.52
-122.66148	45.552403	8.4
-122.661482	45.55288	10.6
-122.661482	45.553382	11
-122.66148	45.553872	10.6
-122.661475	45.554272	8.4
-122.661477	45.55444	2.8
-122.661472	45.554442	0
-122.661472	45.554442	0
-122.661472	45.554442	0.3333333333
-122.661473	45.55447	2
-122.661463	45.55514	4.4485329651
-122.661457	45.555378	4.8
-122.661457	45.555677	7.2
-122.661468	45.556122	10
-122.661472	45.556612	10.8
-122.661457	45.557127	11.6
-122.661423	45.558172	11.4
-122.661417	45.558583	8.4
-122.661425	45.558802	4
-122.661427	45.558878	0.7333333333
-122.661422	45.559202	7.6
-122.661412	45.559513	6
-122.661408	45.56017	3.08
-122.661412	45.560618	10
-122.661408	45.561092	10.6
-122.66139	45.561567	10.2
-122.661363	45.562042	8.4
-122.661357	45.562455	10.6
-122.66135	45.562612	2.4
-122.66135	45.56344	1.1866666667
-122.661345	45.56393	10.8
-122.66134	45.564412	10.6
-122.661333	45.565358	10.4
-122.661332	45.565815	10
-122.661325	45.566157	7.6
-122.661323	45.56639	0.4333333333
-122.661322	45.566757	8
-122.66132	45.567228	10.4
-122.661313	45.567747	11.4
-122.661307	45.568282	11.8
-122.661303	45.5688	11.2
-122.661302	45.569302	11.2
-122.661298	45.569783	10.4
-122.661308	45.570258	10.6
-122.66131	45.570748	10.6
-122.66131	45.571237	10.8
-122.661298	45.571717	10.6
-122.661292	45.57218	10.2
-122.778835	45.45279	0.6451612903
-122.778995	45.452873	3.2
-122.7794	45.452897	6.4
-122.779837	45.452915	6.6
-122.780235	45.452957	6.2
-122.780447	45.453068	3.4
-122.780522	45.453205	3.8
-122.780442	45.453565	8.4
-122.78038	45.45397	9.2
-122.780373	45.45438	9
-122.78038	45.454778	8.6
-122.780392	45.455017	4.6
-122.780397	45.455048	0.4
-122.780402	45.45506	0.3333333333
-122.780402	45.45506	0
-122.780402	45.45506	0
-122.780407	45.455095	1.5
-122.780435	45.455307	5
-122.780452	45.455525	4.4
-122.78042	45.455617	1.4
-122.780388	45.455657	0.1666666667
-122.780312	45.455808	4.2
-122.780508	45.456012	4.6
-122.780932	45.456213	8
-122.78138	45.456413	8.2
-122.781778	45.456595	7.2
-122.782058	45.456727	5.2
-122.78226	45.457153	2.4
-122.781995	45.457615	11.2
-122.781703	45.45815	12.6
-122.78139	45.458705	13.4
-122.781083	45.459277	13.6
-122.780768	45.459828	13
-122.780475	45.460372	12.8
-122.780195	45.460888	12.2
-122.779907	45.461428	12.8
-122.77962	45.461982	13
-122.779358	45.462543	13
-122.779063	45.463108	13.4
-122.778773	45.463652	12.6
-122.77848	45.464207	13.2
-122.778167	45.464783	13.8
-122.777835	45.465375	14.2
-122.777533	45.465902	11.8
-122.777323	45.46626	8.2
-122.777133	45.466638	9.2
-122.776903	45.46709	10.4
-122.776737	45.467413	7.2
-122.776582	45.467722	7.4
-122.776403	45.468072	8.2
-122.776213	45.46846	9.4
-122.776017	45.468895	8.2
-122.77578	45.469348	12.8
-122.7755	45.469875	10
-122.7752	45.47044	13.4
-122.774927	45.47096	12.2
-122.774552	45.471455	15.5
-122.774207	45.471713	6.5
-122.77406	45.471812	3.2
-122.773948	45.471882	0.1714285714
-122.773575	45.472118	9.75
-122.773312	45.472278	4.3333333333
-122.773242	45.472317	1.4
-122.772318	45.472592	2.7
-122.771638	45.472515	11
-122.770915	45.472458	14.25
-122.770135	45.472512	12.2
-122.769373	45.47264	12.2
-122.692432	45.517455	0.1279069767
-122.691905	45.517342	8.6
-122.691288	45.517155	10.4
-122.690673	45.516982	10
-122.69007	45.51681	10
-122.689573	45.516668	8
-122.68921	45.51656	6
-122.688965	45.516492	4
-122.688898	45.51648	1
-122.688525	45.516385	6.4
-122.688133	45.516277	6.2
-122.687848	45.5162	4.6
-122.687767	45.516177	1.4
-122.687432	45.51608	5.8
-122.687102	45.515962	5.6
-122.686927	45.515905	2.6
-122.686375	45.51578	0.7230769231
-122.685985	45.515668	6.6
-122.685558	45.515548	7
-122.685145	45.515428	7
-122.684747	45.515328	6.6
-122.684348	45.515243	6.2
-122.683983	45.515158	6
-122.68363	45.51506	5.8
-122.683288	45.51497	5.6
-122.682952	45.514878	5.6
-122.682623	45.514803	5.2
-122.68239	45.514737	3.6
-122.682257	45.514697	4.6343081312
-122.681938	45.514613	5.4
-122.681592	45.514517	5.8
-122.681242	45.514417	6
-122.68086	45.514303	6.2
-122.680612	45.51423	3.8
-122.679937	45.514103	0.95
-122.67955	45.513997	6.4
-122.679232	45.513907	5
-122.678948	45.513947	5
-122.678787	45.514162	5.2
-122.678707	45.514302	2.8
-122.678673	45.514358	0.36
-122.678555	45.51457	5.2
-122.678432	45.514823	5.6
-122.678372	45.514972	3
-122.678312	45.515085	2.4
-122.678163	45.515108	2.8
-122.677898	45.515038	4.6
-122.677662	45.51498	3.4
-122.677585	45.514958	0.35
-122.677252	45.514867	6
-122.676873	45.514763	6
-122.676562	45.514682	4
-122.676218	45.514583	5.8
-122.675922	45.514503	4.8
-122.675655	45.514427	4.4
-122.67529	45.514348	5.6
-122.674692	45.51417	10
-122.673978	45.513948	11.8
-122.67314	45.513717	13.8
-122.672242	45.513488	14.8
-122.671323	45.513255	15
-122.769457	45.430205	4
-122.769292	45.430085	3.6
-122.769193	45.430023	1.8
-122.638473	45.383012	6.4265766599
-122.670345	45.513	16.2
-122.669375	45.512755	16
-122.66841	45.51251	15.8
-122.667368	45.5123	16.8
-122.666318	45.512238	16.4
-122.665325	45.512237	15.4
-122.663417	45.512258	14.8
-122.66259	45.51226	12.8
-122.661915	45.512262	10.6
-122.661442	45.512263	7.4
-122.661132	45.512263	4.8
-122.661012	45.512263	2
-122.660992	45.512268	0.0333333333
-122.660778	45.512325	3.4
-122.660672	45.51258	5.8
-122.660675	45.512762	4
-122.660678	45.512818	0.3
-122.660685	45.51306	5.2
-122.660693	45.513322	5.8
-122.660708	45.513478	3.4
-122.660712	45.513677	4.2
-122.660722	45.513985	6.8
-122.660733	45.51437	7
-122.66074	45.514697	7.2
-122.66075	45.515023	7
-122.660755	45.515377	7.8
-122.66073	45.515817	8
-122.660725	45.516157	7.6
-122.660722	45.516488	7.2
-122.660723	45.516777	6.4
-122.66072	45.516932	3.4
-122.66072	45.51704	2.4
-122.660712	45.517083	0.1333333333
-122.660723	45.517365	6.4
-122.660737	45.51773	8
-122.660738	45.518128	8.6
-122.66073	45.518523	8.8
-122.660732	45.518912	8.4
-122.660722	45.519263	7.8
-122.660723	45.519537	5.8
-122.660722	45.519588	1.2
-122.660715	45.520168	1.5238095238
-122.660708	45.52053	8
-122.6607	45.520937	9
-122.660692	45.521357	9.2
-122.660688	45.521732	8.2
-122.660685	45.521997	5.6
-122.660675	45.522068	1.6
-122.660673	45.522072	0
-122.660672	45.522175	2.4
-122.660668	45.522445	6
-122.660665	45.522675	5
-122.660678	45.52336	1.0133333333
-122.660692	45.523807	9.8
-122.66069	45.524295	10.8
-122.660687	45.52479	11
-122.66068	45.5253	4.4572892539
-122.660677	45.525837	11.8
-122.660678	45.526347	11.2
-122.660668	45.526823	10.4
-122.66064	45.527218	8.6
-122.660638	45.527555	7.4
-122.660632	45.527942	8.6
-122.660632	45.528347	8.8
-122.66063	45.528728	8.4
-122.660627	45.52913	8.8
-122.660623	45.529485	7.8
-122.660625	45.529698	4.4
-122.660632	45.530247	0.63
-122.660632	45.53071	10.2
-122.66063	45.531123	9
-122.660618	45.531357	4.8
-122.660607	45.531665	7.2
-122.660598	45.532025	8
-122.66059	45.532918	9.8
-122.660582	45.53335	9.6
-122.660582	45.533775	9.2
-122.660578	45.53415	8.2
-122.660577	45.5345	7.6
-122.660575	45.534797	6.4
-122.660575	45.535102	6.8
-122.660577	45.535457	8
-122.66063	45.535855	8.8
-122.66089	45.53625	9.6
-122.66137	45.536517	9.4
-122.661573	45.536838	8
-122.661563	45.537257	9.4
-122.66155	45.537603	7.2
-122.66154	45.537732	2.2
-122.66155	45.538483	4.45
-122.661548	45.539015	11.8
-122.661542	45.539533	11.4
-122.661527	45.54003	10.8
-122.661513	45.540488	10
-122.661515	45.540893	9
-122.661527	45.541367	10.4
-122.661527	45.541832	12.75
-122.661513	45.542308	8.8333333333
-122.661527	45.542803	13.5
-122.66153	45.5433	11
-122.66153	45.543728	9.2
-122.661525	45.544028	6
-122.66152	45.544142	2
-122.661512	45.544188	0.4666666667
-122.661518	45.54439	4.8
-122.661523	45.544712	7.2
-122.661522	45.545063	8
-122.661523	45.545468	8.8
-122.661518	45.545848	8.4
-122.661515	45.546192	7.4
-122.661505	45.547003	9.1
-122.661498	45.547468	10.2
-122.66149	45.547893	9.2
-122.66148	45.548283	8.8
-122.661478	45.548727	9.8
-122.661492	45.549155	9.2
-122.661502	45.549537	8.4
-122.661493	45.549922	8.4
-122.66149	45.55033	9
-122.66149	45.550722	8.4
-122.661487	45.550967	4.8
-122.661492	45.551235	1.32
-122.661472	45.55154	6.4
-122.661467	45.551787	5.4
-122.661468	45.552002	4.8
-122.66147	45.552338	8
-122.661477	45.552762	7.4
-122.661482	45.553172	9
-122.66148	45.553552	10.2
-122.661483	45.553945	6.8
-122.661483	45.554362	9.2
-122.661475	45.554785	9.4
-122.661465	45.555112	7.2
-122.66146	45.555315	4.6
-122.66147	45.555932	1.7
-122.66148	45.556312	8.2
-122.66148	45.556728	9.2
-122.66147	45.557133	9
-122.661453	45.557517	8.4
-122.661448	45.557893	8.2
-122.661437	45.558272	8.4
-122.661428	45.558658	8.4
-122.66142	45.559012	7.8
-122.661417	45.55934	7.2
-122.661407	45.55953	4.4
-122.661407	45.560095	4.8738016659
-122.66141	45.56053	9.4
-122.66141	45.560995	10.4
-122.661395	45.561472	10.4
-122.661372	45.561935	10.2
-122.661363	45.562297	7.8
-122.661357	45.5625	4.4
-122.661355	45.562568	0.28
-122.661355	45.562805	5.4
-122.661353	45.563512	7.8
-122.661348	45.563948	9.6
-122.661343	45.564415	10.2
-122.661342	45.564888	10.6
-122.66134	45.565358	10.2
-122.661338	45.565762	8.8
-122.661335	45.566062	6.4
-122.661335	45.566247	4.2
-122.661335	45.566558	7
-122.661332	45.567018	10.2
-122.66133	45.567542	11.6
-122.661325	45.568043	11
-122.661322	45.568545	11
-122.661318	45.569008	10
-122.661313	45.569452	9.8
-122.66131	45.569888	9.6
-122.661318	45.570348	10.2
-122.661318	45.570835	10.6
-122.661313	45.571262	9.4
-122.661303	45.571532	5.6
-122.661298	45.571602	1.4
-122.661302	45.571963	0.7166666667
-122.661297	45.57245	10.6
-122.661295	45.572832	8
-122.66129	45.572968	2.6
-122.661297	45.573412	2.6
-122.661293	45.573845	9.6
-122.66129	45.574355	11.4
-122.661287	45.57491	12.2
-122.661282	45.57542	11.2
-122.661278	45.57589	10.2
-122.661275	45.576333	9.6
-122.661275	45.576727	8.4
-122.661273	45.576957	4.8
-122.66127	45.577055	2
-122.661267	45.577087	0.8
-122.661268	45.57738	6.8
-122.661268	45.577843	10.4
-122.66129	45.578397	12.4
-122.661295	45.579017	13.6
-122.661293	45.579663	14.2
-122.661283	45.580213	12
-122.661257	45.580628	8.8
-122.66125	45.580865	4.6
-122.661242	45.581018	0.76
-122.661222	45.581323	6.4
-122.661362	45.581843	2.48
-122.661665	45.582403	13.6
-122.66208	45.583122	17.4
-122.662533	45.583917	18.8
-122.662992	45.584727	19.2
-122.663477	45.585553	19.8
-122.663972	45.586385	19.8
-122.664457	45.587218	19.8
-122.664945	45.588075	20.4
-122.665437	45.588932	20.4
-122.665875	45.589688	17.6
-122.666238	45.590322	14.4
-122.66646	45.590712	8.6
-122.666315	45.590967	6.4
-122.665603	45.590975	11.4
-122.664803	45.590747	13.4
-122.664027	45.590495	13
-122.663323	45.590282	11.6
-122.662715	45.590192	9
-122.66244	45.59019	3.4
-122.662368	45.590193	1.2
-122.662318	45.590655	6.1
-122.662543	45.59112	11.2
-122.662933	45.59166	13.6
-122.663527	45.592228	15.6
-122.66424	45.592762	16.2
-122.664978	45.593302	16.6
-122.665733	45.593848	20.75
-122.66648	45.594395	13.8333333333
-122.667168	45.594897	18.5
-122.667677	45.59528	10.8
-122.667908	45.595453	4.2
-122.668592	45.595935	4.1
-122.669168	45.596357	13
-122.669732	45.59678	4.7945302092
-122.670015	45.597045	6.2
-122.670665	45.597473	1.3636363636
-122.67125	45.597907	13.8
-122.67196	45.598415	15.8
-122.672722	45.598977	17.4
-122.673508	45.59955	17.4
-122.674308	45.600132	17.8
-122.675103	45.600712	14.2
-122.675893	45.601288	17.6
-122.67662	45.601813	16.2
-122.67726	45.60228	14.4
-122.677812	45.602643	11.8
-122.67804	45.602808	5.2
-122.678157	45.602865	2
-122.678677	45.602778	8.4
-122.679205	45.602373	12.2
-122.679637	45.60186	13.2
-122.679413	45.601328	12.6
-122.678763	45.60103	12.6
-122.678018	45.60067	14.2
-122.677285	45.600212	15
-122.67658	45.59972	15.4
-122.675865	45.599227	15.6
-122.675173	45.59872	15.4
-122.67448	45.59821	15.4
-122.673827	45.597725	14.8
-122.673358	45.597375	10.6
-122.673252	45.597138	5.4
-122.67353	45.596937	5.6
-122.674132	45.59677	9.8
-122.674723	45.596742	9
-122.675012	45.59673	4.2
-122.67605	45.596665	2.6333333333
-122.67683	45.596613	12
-122.677597	45.59646	12.2
-122.678227	45.596103	12.4
-122.678605	45.595587	12.8
-122.678688	45.595025	12.4
-122.678687	45.594633	8.8
-122.678685	45.594528	2.2
-122.678635	45.594113	0.4845360825
-122.678665	45.593617	11
-122.67895	45.59319	10.2
-122.67952	45.592947	10.4
-122.680167	45.592928	10
-122.680767	45.592873	9.2
-122.681147	45.592802	6
-122.681437	45.59276	4.6
-122.68168	45.59306	6.6666666667
-122.681883	45.593538	11.4
-122.682087	45.594012	10.8
-122.682215	45.594282	6.2
-122.682297	45.594438	3.6
-122.68249	45.594708	6.8
-122.6829	45.59485	6.8
-122.68319	45.59493	6.25
-122.683427	45.59541	9.3333333333
-122.683712	45.596012	14.2
-122.684068	45.596735	16.8
-122.6841	45.597573	18.6
-122.683945	45.598455	19.6
-122.683827	45.599388	20.8
-122.68362	45.600397	22.4
-122.68335	45.601488	24.4
-122.683018	45.602648	26.2
-122.682682	45.60382	26.4
-122.682352	45.604947	25.2
-122.681963	45.605985	23.4
-122.68151	45.606942	22.2
-122.68101	45.607862	21.6
-122.680488	45.608747	21
-122.67998	45.609585	20
-122.679492	45.610327	17.8
-122.678908	45.610813	13.8
-122.678088	45.610963	13.2
-122.677437	45.6112	11.6
-122.677245	45.611612	9
-122.67725	45.611728	2.2
-122.677248	45.611797	0.3
-122.677303	45.612183	9
-122.677673	45.612695	13
-122.67845	45.613048	14.4
-122.67921	45.613272	12.6
-122.679602	45.613322	5.6
-122.679767	45.613323	0.7
-122.680103	45.613118	7.2
-122.680377	45.612693	10.6
-122.680615	45.61226	10.2
-122.68074	45.61203	4.8739990579
-122.680772	45.611977	0.3
-122.680902	45.611757	5.6
-122.681018	45.611507	5.6
-122.681037	45.611427	1.4
-122.564173	45.558583	0.5060240964
-122.564142	45.558473	2.6
-122.564143	45.5584	1.8
-122.564352	45.55826	4.6
-122.564762	45.558107	7.6
-122.56524	45.557922	8.4
-122.565812	45.557697	10.2
-122.566413	45.557465	10.6
-122.56704	45.557218	11.2
-122.56831	45.556712	4.312440387
-122.56892	45.556457	11.2
-122.569552	45.556195	11.2
-122.570205	45.555928	11.8
-122.570508	45.555802	5.6
-122.570567	45.555782	0.1666666667
-122.570882	45.555653	5.6
-122.571308	45.555473	7.6
-122.571888	45.555242	10.4
-122.57255	45.554978	11.8
-122.573233	45.554702	12.2
-122.573907	45.55443	12
-122.574538	45.55417	11.4
-122.575088	45.553955	9.8
-122.576477	45.553402	12.3
-122.577163	45.553127	12.4
-122.577768	45.55288	10.8
-122.57819	45.55271	7.4
-122.578337	45.55265	2.8
-122.578917	45.552418	2.08
-122.579352	45.552238	7.8
-122.579862	45.552015	9.2
-122.580423	45.55178	10.2
-122.581005	45.551542	10.4
-122.581562	45.551318	10
-122.582115	45.551092	10
-122.58271	45.550847	10.6
-122.583303	45.550603	10.6
-122.583887	45.550367	10.4
-122.58447	45.550133	10.4
-122.585058	45.549902	10.6
-122.585673	45.549662	10.8
-122.586315	45.549417	11.4
-122.586907	45.54919	10.4
-122.587505	45.548943	10.8
-122.588087	45.548717	10.2
-122.588502	45.548557	7.2
-122.58863	45.548508	2.2
-122.588723	45.548475	0.2
-122.589058	45.548345	6.2
-122.589503	45.548172	7.8
-122.590038	45.547967	9.4
-122.590628	45.547742	10.6
-122.591255	45.5475	11
-122.591818	45.54729	9.8
-122.592118	45.547183	5
-122.592983	45.546822	2.6333333333
-122.593458	45.546637	8.4
-122.593932	45.546452	8.4
-122.594933	45.546062	8.8
-122.595425	45.545867	8.8
-122.59596	45.545657	9.6
-122.59659	45.545418	11
-122.597237	45.545165	11.6
-122.597892	45.544907	11.6
-122.59854	45.544648	11.4
-122.599137	45.544417	10.6
-122.599752	45.544178	10.8
-122.600408	45.543922	11.8
-122.601067	45.543665	11.6
-122.60169	45.54342	11
-122.60229	45.543187	10.6
-122.6029	45.542955	10.8
-122.603493	45.542728	10.4
-122.604027	45.542528	9.2
-122.604318	45.54242	4.6
-122.604665	45.542277	0.6
-122.605102	45.542102	8
-122.605575	45.541915	8.4
-122.606065	45.541717	8.8
-122.606583	45.54151	9.2
-122.607058	45.541323	8.2
-122.607532	45.541128	8.6
-122.608058	45.540907	9.6
-122.60861	45.540677	10
-122.609172	45.540452	9.8
-122.609705	45.54027	9.2
-122.610178	45.540133	7.6
-122.610423	45.540057	3.8
-122.610455	45.540043	0.04
-122.610695	45.539952	4.8
-122.611222	45.539762	9.4
-122.611797	45.539568	9.8
-122.612345	45.539382	9.6
-122.612968	45.53917	10.8
-122.613628	45.538947	11.2
-122.614253	45.538737	10.6
-122.6147	45.53856	7.4
-122.615985	45.537953	4.3344243292
-122.616485	45.537738	9
-122.616938	45.537535	8.2
-122.617383	45.53732	8.4
-122.617825	45.53712	8
-122.618133	45.536993	5
-122.61829	45.536933	2.6
-122.618328	45.536925	0.1333333333
-122.61851	45.53685	3.8
-122.618843	45.536703	6.4
-122.619343	45.536473	9.4
-122.619832	45.536237	9
-122.620185	45.536065	6.6
-122.620682	45.535855	9.2
-122.621148	45.535663	8
-122.621408	45.535555	4
-122.621478	45.535525	1.2
-122.621482	45.535525	0
-122.621482	45.535525	0
-122.621482	45.535525	0
-122.621482	45.535525	0
-122.621505	45.53552	0.25
-122.621505	45.53552	0
-122.621602	45.535482	2.4
-122.621935	45.535343	6.2
-122.62237	45.535172	7.8
-122.622672	45.535068	4.4
-122.623548	45.534668	1.3384615385
-122.624075	45.534442	9.4
-122.624532	45.534247	7.8
-122.624717	45.534173	2.6
-122.62502	45.534055	6.2
-122.625503	45.533857	9
-122.626092	45.533618	10.6
-122.626695	45.53337	10.8
-122.627258	45.533137	10
-122.62777	45.53293	9
-122.628265	45.532735	8.8
-122.628785	45.532522	9.4
-122.629357	45.532295	10.2
-122.629902	45.532075	9.6
-122.630365	45.531888	8.2
-122.630882	45.531682	9.4
-122.631433	45.53146	9.8
-122.63198	45.531237	7.8
-122.63249	45.531035	9
-122.633008	45.530835	9.2
-122.63355	45.530625	11.4
-122.634087	45.530415	7.6
-122.63464	45.530202	9.8
-122.635223	45.529973	10.4
-122.635792	45.529748	10
-122.636338	45.529557	9.4
-122.636742	45.529408	7.2
-122.636945	45.529333	3.6
-122.637	45.529312	1
-122.637087	45.529272	0.2333333333
-122.637422	45.529115	6.2
-122.637913	45.52894	8.6
-122.638462	45.52873	9.6
-122.63902	45.528513	9.8
-122.639592	45.528293	10.2
-122.640178	45.52806	10.4
-122.640735	45.52785	9.8
-122.641102	45.527718	6.4
-122.641603	45.52752	1.2571428571
-122.641953	45.527377	6.2
-122.642248	45.527255	5.4
-122.642665	45.527078	7.4
-122.643143	45.526895	8.4
-122.64364	45.526708	8.8
-122.644173	45.52649	9.6
-122.644683	45.526292	9
-122.645002	45.526178	5.4
-122.64565	45.525922	2.32
-122.646122	45.525743	8.2
-122.646713	45.525528	10.4
-122.647298	45.525312	10.2
-122.64783	45.525113	9.2
-122.648358	45.524913	9.2
-122.648865	45.524725	9
-122.649242	45.524585	6.4
-122.649375	45.524535	2.4
-122.649407	45.524523	0.2
-122.650205	45.52421	7.2
-122.650678	45.52402	8.4
-122.651145	45.52384	8.2
-122.651332	45.523778	3
-122.651817	45.523622	4.3983556784
-122.652233	45.523603	6.4
-122.65272	45.523612	7.6
-122.653145	45.523618	6.4
-122.65335	45.523627	3
-122.654058	45.523625	0.7857142857
-122.654362	45.523627	4.6
-122.654407	45.523627	0.0857142857
-122.65455	45.523627	2.4
-122.654805	45.523627	3.8
-122.655147	45.523628	5.4
-122.65559	45.523628	7
-122.656088	45.52363	7.8
-122.656623	45.523633	8.2
-122.657148	45.52364	8
-122.657637	45.52364	7.6
-122.658138	45.52364	7.8
-122.658455	45.523647	4.6
-122.659428	45.523647	3.12
-122.660155	45.523652	11
-122.6605	45.523653	4.8
-122.660512	45.523655	0
-122.660788	45.52366	4.8
-122.661255	45.523667	7.2
-122.661505	45.523678	3.4
-122.662348	45.523525	1.2333333333
-122.662395	45.523217	6.8
-122.663263	45.523022	8
-122.664093	45.523038	13.2
-122.665018	45.523062	14.4
-122.665988	45.52308	15
-122.666957	45.5231	15
-122.667932	45.523118	15.2
-122.668928	45.523138	15.4
-122.669867	45.523158	14.2
-122.67057	45.523208	10.4
-122.670937	45.523232	5
-122.672017	45.523183	3.4
-122.672193	45.523187	2.4
-122.672497	45.523193	5.2
-122.672973	45.523192	7.6
-122.673497	45.523182	8.2
-122.674023	45.523167	8
-122.674528	45.523153	7.8
-122.674953	45.523123	6.4
-122.67515	45.523113	2.4
-122.675302	45.523122	0.3111111111
-122.675505	45.522963	5
-122.675665	45.522655	6
-122.675768	45.522458	5.5
-122.675823	45.522342	1.5
-122.676003	45.521755	0.8783783784
-122.67612	45.521518	5.6
-122.676242	45.521263	6
-122.676312	45.521107	3.6
-122.676428	45.52086	5.8
-122.676597	45.52057	6.8
-122.676718	45.52032	5.8
-122.676853	45.520042	6.4
-122.676983	45.519767	6.6
-122.677122	45.519485	6.4
-122.677277	45.519232	6.2
-122.677372	45.51906	4
-122.677613	45.51846	1
-122.677748	45.518202	6.2
-122.677877	45.517937	6.2
-122.677953	45.517805	3
-122.677957	45.517805	0
-122.677957	45.517805	0
-122.677957	45.517805	0.3333333333
-122.67798	45.517757	2.5
-122.678118	45.517492	6.2
-122.67828	45.517158	7.8
-122.678435	45.516843	7.4
-122.67861	45.516493	8.2
-122.678807	45.516162	8
-122.678997	45.515875	7
-122.679067	45.515752	2.8
-122.679112	45.515662	2.2
-122.679188	45.51541	6
-122.679337	45.515098	7.4
-122.679572	45.514802	7.2
-122.679753	45.514505	7
-122.67992	45.514205	7
-122.6801	45.513875	7.8
-122.680253	45.51359	6.6
-122.68042	45.513305	6.8
-122.680578	45.513063	5.8
-122.681032	45.512255	4.4030470439
-122.681212	45.51193	7.6
-122.681383	45.511613	7.4
-122.681562	45.511278	8
-122.681725	45.510965	7.2
-122.68192	45.51066	7.4
-122.682093	45.510383	6.6
-122.682437	45.509717	1.4363636364
-122.682635	45.509372	8.2
-122.682845	45.508992	9
-122.683065	45.50859	9.4
-122.683375	45.508148	11
-122.683637	45.507688	10.8
-122.683738	45.507315	8
-122.683773	45.50714	3.6
-122.683765	45.507032	0.35
-122.68368	45.50669	7.8
-122.68337	45.506345	9.2
-122.683218	45.50608	5.8
-122.683205	45.506028	0.8
-122.683205	45.506028	0
-122.683205	45.506028	1
-122.683202	45.505915	3.5
-122.683212	45.505592	7.2
-122.683228	45.505352	4.8
-122.68323	45.505312	0.75
-122.68323	45.505312	0
-122.683182	45.505187	3.2
-122.682825	45.505105	6.2
-122.682373	45.505067	7.2
-122.68213	45.504767	7.8
-122.682152	45.504313	10.4
-122.682143	45.50379	11.8
-122.682165	45.503195	13
-122.682082	45.50269	11
-122.681925	45.502405	6.2
-122.681777	45.502153	0.9428571429
-122.681535	45.501725	10.6
-122.681253	45.501215	12.2
-122.68096	45.500688	12.4
-122.68065	45.500133	13.4
-122.680325	45.499548	13.8
-122.679965	45.498895	15.8
-122.679568	45.498182	16.8
-122.679205	45.497522	15.4
-122.67886	45.496907	14.6
-122.678568	45.496375	12.2
-122.678418	45.496063	6.4
-122.678085	45.495667	2.2
-122.677703	45.495237	11.6
-122.677332	45.494645	14.6
-122.677145	45.493942	15.6
-122.676997	45.493288	14.4
-122.67701	45.49266	14
-122.677297	45.492087	13.2
-122.67764	45.491637	10.8
-122.677892	45.491415	5.8
-122.677988	45.491342	1.8
-122.677993	45.491338	0
-122.677993	45.491338	0
-122.677997	45.491337	1
-122.678198	45.491197	5.4
-122.678652	45.490938	9.2
-122.67917	45.490735	9.4
-122.679868	45.490558	11.8
-122.680713	45.490365	14.2
-122.681623	45.490037	16.2
-122.682405	45.489485	17.2
-122.68288	45.488758	17.6
-122.682912	45.48803	15.8
-122.682863	45.487435	12.4
-122.682823	45.487135	5.8
-122.682573	45.486633	2.56
-122.682358	45.486082	13
-122.682107	45.485438	15
-122.68164	45.484788	16.2
-122.681018	45.484157	17.2
-122.680593	45.483438	17.4
-122.680582	45.482563	18
-122.680463	45.481733	18.2
-122.680353	45.480903	18.2
-122.680232	45.480117	17.4
-122.680107	45.479287	18.6
-122.604532	45.542338	9.8
-122.605113	45.542103	10.4
-122.605748	45.541857	11.2
-122.606377	45.541602	11.4
-122.607042	45.541338	11.8
-122.607708	45.541057	12
-122.608385	45.540763	12.4
-122.609095	45.540473	12.6
-122.609812	45.540232	12.4
-122.610533	45.539997	12.2
-122.611225	45.539765	11.8
-122.611863	45.539553	11
-122.612468	45.539353	10.4
-122.61312	45.539137	11.2
-122.613728	45.538932	10.4
-122.614268	45.538747	9.2
-122.61467	45.538592	7
-122.61528	45.538308	0.8923076923
-122.615813	45.538053	10
-122.61637	45.537812	10
-122.616902	45.53758	9.8
-122.617422	45.537323	9.8
-122.617878	45.537117	10.25
-122.618178	45.536997	5.2
-122.618763	45.536743	2.16
-122.619182	45.536553	7.8
-122.61964	45.53633	8.6
-122.619785	45.536255	2.4
-122.620003	45.53615	0.6285714286
-122.620193	45.53607	4.7726896136
-122.6207	45.535852	1.2857142857
-122.620782	45.535818	0.6
-122.62112	45.535675	6.2
-122.621557	45.535495	7.8
-122.621972	45.535327	7.4
-122.622393	45.535163	7.4
-122.622693	45.535065	5
-122.623358	45.53476	3.2
-122.623995	45.534492	11.4
-122.624575	45.53424	10.4
-122.625122	45.534022	9.6
-122.625745	45.533778	11.2
-122.626412	45.533507	12
-122.627163	45.533187	13.6
-122.627915	45.532897	13.4
-122.628603	45.532607	12.4
-122.62935	45.532308	13.2
-122.630015	45.532032	11.8
-122.630405	45.531883	6.2
-122.631255	45.531538	1.2307692308
-122.631913	45.531273	11.6
-122.632535	45.531028	11
-122.633132	45.5308	10.6
-122.633713	45.530568	10.4
-122.634292	45.53034	10.2
-122.63489	45.530108	10.6
-122.635493	45.529872	10.8
-122.636078	45.529652	10
-122.63657	45.529475	8.4
-122.636822	45.529382	3.8
-122.637458	45.52913	0.9384615385
-122.63818	45.528847	10.8333333333
-122.638772	45.528612	10.6
-122.639398	45.528375	10.8
-122.639932	45.528163	9.4
-122.641092	45.527722	10.1
-122.641278	45.527652	2.2
-122.641968	45.527368	3.5
-122.642685	45.527063	13.2
-122.643423	45.526797	12.6
-122.644158	45.526505	13.2
-122.644855	45.52622	12.4
-122.645505	45.525977	11.4
-122.64625	45.525703	13.2
-122.647	45.52543	13
-122.647667	45.525187	11.4
-122.64835	45.524933	12.2
-122.649033	45.524682	11.6
-122.650232	45.524212	10.7
-122.650823	45.523968	10.4
-122.651387	45.523765	9.6
-122.651888	45.523617	8.4
-122.652485	45.523605	9.4
-122.65304	45.523625	8.2
-122.65337	45.523627	4.2
-122.653972	45.523623	0.55
-122.654528	45.523633	8.6
-122.65493	45.523637	6.2
-122.655095	45.523637	2.6
-122.655337	45.52363	3.8
-122.655752	45.52364	6.2
-122.656252	45.52365	7.8
-122.656772	45.52365	8
-122.657278	45.523652	7.8
-122.657492	45.523658	3.4
-122.657507	45.523658	0.0285714286
-122.657762	45.52366	4
-122.65817	45.523658	6.2
-122.658617	45.52366	7
-122.659142	45.523662	8
-122.659728	45.523665	9.2
-122.660253	45.52367	8
-122.660712	45.523673	7.2
-122.661167	45.523673	7
-122.661493	45.523685	5
-122.662082	45.523673	0.8363636364
-122.662387	45.52345	7.2
-122.662445	45.523125	7
-122.662857	45.52301	7.2
-122.663567	45.523022	11
-122.664408	45.52304	13
-122.665292	45.52306	13.6
-122.666178	45.523078	13.8
-122.667067	45.5231	13.8
-122.667962	45.523118	14
-122.668825	45.523132	13.2
-122.669642	45.52315	12.8
-122.670308	45.523177	10.2
-122.670802	45.523215	4.7051869366
-122.671008	45.523223	3.2
-122.672468	45.523198	4.56
-122.672965	45.52318	7.6
-122.673148	45.523175	2.6
-122.673158	45.523175	0.04
-122.673418	45.523172	4.2
-122.673962	45.523158	8.4
-122.674477	45.523145	8
-122.674888	45.52312	6.4
-122.675143	45.5231	3.6
-122.675172	45.523105	0.1052631579
-122.675213	45.523103	0.1142857143
-122.67542	45.523047	3.6
-122.675573	45.52281	5.8
-122.67575	45.522483	7.6
-122.675845	45.522312	3.6
-122.675988	45.521847	1.8333333333
-122.6761	45.521627	4.8
-122.67622	45.521398	5.8
-122.676363	45.521118	6.4
-122.676445	45.520957	3.6
-122.676563	45.520705	6.2
-122.676702	45.520428	6.2
-122.67682	45.520195	5.6
-122.67695	45.519925	6.2
-122.677065	45.519695	5.2
-122.677153	45.519522	4.2
-122.67732	45.519253	6.4
-122.677438	45.519065	4.4
-122.677685	45.518475	0.552
-122.677817	45.518235	6.2
-122.677988	45.517895	7.8
-122.678112	45.51765	5.4
-122.678265	45.517358	7.4
-122.678418	45.517032	7
-122.678515	45.516823	5.2
-122.678702	45.516458	8.4
-122.678817	45.516275	3.8
-122.678862	45.51623	1.6
-122.679067	45.515942	7.4
-122.679178	45.515717	4.6
-122.679327	45.515283	2.7
-122.679572	45.514855	10.2
-122.679805	45.514437	9.8
-122.680052	45.514087	8.6
-122.680265	45.51371	8.6
-122.680427	45.513443	6.6
-122.680615	45.513102	7.8
-122.680668	45.512965	2.4
-122.680872	45.512512	1.1568627451
-122.681015	45.512258	4.8
-122.681052	45.512195	0.4
-122.681218	45.511892	7.6
-122.681383	45.511592	7
-122.68156	45.511253	8
-122.681733	45.510917	7.8
-122.681943	45.510563	8.6
-122.682095	45.510312	5.2
-122.682443	45.509855	0.8166666667
-122.682632	45.509498	8.4
-122.682835	45.509125	8.8
-122.683032	45.508713	9.6
-122.683337	45.508272	10.8
-122.68364	45.507795	11.6
-122.6838	45.507382	9.4
-122.683815	45.507102	6.4
-122.68378	45.506807	6.4
-122.683557	45.506447	8.6
-122.683252	45.506122	8.8
-122.683187	45.505973	1.1333333333
-122.683177	45.505655	7
-122.683183	45.50537	6.2
-122.683187	45.505303	1.6
-122.683188	45.505303	1
-122.68319	45.505217	2
-122.683012	45.505088	4
-122.682502	45.505085	7.8
-122.682133	45.504965	7.8
-122.682055	45.504587	7.2
-122.682073	45.504038	12
-122.682092	45.503427	13.6
-122.682058	45.50282	13.4
-122.68178	45.502243	13.4
-122.68143	45.501615	15
-122.681077	45.500962	15.4
-122.680732	45.500328	15
-122.680375	45.49968	15.2
-122.680022	45.499062	14.8
-122.67969	45.49847	4.9351735016
-122.679358	45.497865	14.2
-122.679032	45.497275	14
-122.678683	45.496668	14.4
-122.678335	45.496057	14.6
-122.677898	45.495512	13.8
-122.677418	45.494915	15.2
-122.67715	45.494242	15.4
-122.676982	45.49354	15.8
-122.676895	45.492878	14.6
-122.677102	45.492227	15
-122.677542	45.491668	14
-122.678093	45.491232	13
-122.678505	45.490988	8.2
-122.678875	45.490828	1.1333333333
-122.67948	45.490647	10.2
-122.680237	45.490472	12.4
-122.681092	45.49025	14.2
-122.681925	45.489848	15.6
-122.682588	45.489265	16.6
-122.682908	45.488567	16.2
-122.682887	45.48789	15
-122.682835	45.487387	11
-122.682808	45.487125	5.6
-122.682525	45.486542	3.4
-122.682307	45.485997	12.6
-122.682057	45.485387	14
-122.681623	45.484808	14.6
-122.681098	45.484187	16
-122.680743	45.483453	17.4
-122.680622	45.482663	17.2
-122.680508	45.481928	16.2
-122.680392	45.481208	15.8
-122.680288	45.480505	15.6
-122.680098	45.479153	15
-122.680003	45.478447	15.6
-122.679892	45.47771	16.2
-122.679777	45.476993	16
-122.679672	45.476267	16.2
-122.679555	45.475545	16
-122.679452	45.474827	15.8
-122.67935	45.474107	16
-122.679305	45.473415	15.2
-122.679515	45.47275	15
-122.67993	45.47218	14.2
-122.680495	45.471727	13.2
-122.68115	45.471397	12.4
-122.681873	45.4712	12
-122.68267	45.471098	12.6
-122.683517	45.471107	13
-122.684298	45.471118	12.2
-122.68503	45.471122	11.2
-122.685748	45.47113	11.2
-122.686473	45.471133	11.2
-122.687242	45.4711	12
-122.688	45.47098	12
-122.688673	45.470792	11.2
-122.689225	45.4706	9.4
-122.689522	45.47048	6.25
-122.690325	45.469985	3.44
-122.690963	45.46962	12.8
-122.691635	45.469247	13.4
-122.69231	45.468865	13.4
-122.692985	45.468465	13.8
-122.693707	45.468048	14.6
-122.694412	45.467635	14.2
-122.69516	45.4672	15.2
-122.695908	45.466772	14.8
-122.696608	45.466372	14
-122.697062	45.466117	8.4
-122.697193	45.466043	2.2
-122.697195	45.466042	0
-122.697195	45.466042	0
-122.697195	45.466042	0.5
-122.697253	45.466008	2.3333333333
-122.6976	45.465807	7.4
-122.698075	45.465527	9.8
-122.698687	45.465158	12.6
-122.699372	45.464765	13.8
-122.700055	45.464383	13.6
-122.700765	45.463973	14.2
-122.701468	45.463568	14
-122.702152	45.463175	13.8
-122.702832	45.462785	13.6
-122.703538	45.462375	14.2
-122.704257	45.461953	14.6
-122.704992	45.461527	14.8
-122.705708	45.461117	14.2
-122.706355	45.460757	12.6
-122.775517	45.469828	7.9282082571
-122.775247	45.47033	12
-122.774982	45.470833	11.8
-122.774672	45.471312	11.4
-122.774255	45.471675	10
-122.773808	45.471968	9.6
-122.773328	45.472287	10.4
-122.772102	45.472592	10.6
-122.771347	45.472505	12
-122.770503	45.47248	13.2
-122.769633	45.472603	13.8
-122.768763	45.472748	14
-122.76787	45.472868	14
-122.767032	45.473072	13.8
-122.766338	45.473427	13
-122.765787	45.47381	11.6
-122.765392	45.474088	6.8
-122.764958	45.47457	1.7714285714
-122.764597	45.474977	10.4
-122.76415	45.475497	13.2
-122.763765	45.476085	14.4
-122.763573	45.476708	14
-122.763528	45.477327	13.8
-122.763508	45.47849	14.2222222222
-122.763122	45.47901	12.8
-122.762643	45.479503	13.2
-122.762057	45.47993	13
-122.761367	45.480275	13.2
-122.760678	45.480608	12.8
-122.759973	45.480952	11.1666666667
-122.759278	45.4813	16.5
-122.758595	45.481642	13.2
-122.757915	45.481977	12.8
-122.757223	45.482303	13
-122.756512	45.48263	13.2
-122.755892	45.4829	11.2
-122.755558	45.483037	6.2
-122.755318	45.483158	0.3066666667
-122.754272	45.483665	9.8
-122.753648	45.483938	11.4
-122.753017	45.484223	11.6
-122.752405	45.484505	11.4
-122.751845	45.484762	10.2
-122.75128	45.485017	10.6
-122.7507	45.485278	10.6
-122.750135	45.485547	10.4
-122.749672	45.485768	8.8
-122.749495	45.485855	3.2
-122.749417	45.485895	0.1142857143
-122.749068	45.486048	6.4
-122.748648	45.486112	6.6
-122.748447	45.486153	3.2
-122.748348	45.486177	0.4
-122.747142	45.48648	9.9
-122.746358	45.486672	12.8
-122.74553	45.486853	13.4
-122.744697	45.486973	13.2
-122.743935	45.487018	11.8
-122.743125	45.487027	12.6
-122.742245	45.487023	13.6
-122.7414	45.487018	13
-122.74074	45.487005	10
-122.740513	45.48699	3.6
-122.73967	45.487003	2.1666666667
-122.738993	45.487003	10.6
-122.738303	45.486998	10.6
-122.737602	45.486995	10.8
-122.736888	45.48699	11
-122.736145	45.486992	11.6
-122.735373	45.486988	12
-122.734602	45.486988	11.8
-122.733835	45.486985	12
-122.733097	45.486985	11.4
-122.732487	45.48698	9.2
-122.732198	45.486965	4.4
-122.731163	45.486978	1.2461538462
-122.730462	45.486977	11
-122.729705	45.48698	11.8
-122.728918	45.486987	12.2
-122.728152	45.486957	11.8
-122.727373	45.486798	12.6
-122.726652	45.486478	13.2
-122.725913	45.486158	13.6
-122.725112	45.485947	13.2
-122.724257	45.485845	13.4
-122.723417	45.485763	13.2
-122.722623	45.48569	12.4
-122.72185	45.485623	12
-122.67706	45.522103	7.4359626802
-122.676993	45.522202	2.4
-122.676955	45.522358	3.4
-122.677085	45.522465	3
-122.677113	45.522475	0.4
-122.677272	45.522513	2.6
-122.677378	45.522547	1.8
-122.677167	45.522653	3.2
-122.67714	45.522785	3.2
-122.676968	45.522958	0.1310043668
-122.67688	45.522948	1.6
-122.676848	45.522945	0.075
-122.676585	45.522932	4.2
-122.676132	45.52293	7.2
-122.6757	45.522918	6.6
-122.675582	45.522922	1.4
-122.67542	45.522893	2.8
-122.675398	45.522675	4
-122.675452	45.522603	2
-122.675593	45.52244	1.1
-122.675823	45.522172	7
-122.67608	45.521923	6.8
-122.676282	45.521735	5.2
-122.676333	45.521663	1.6
-122.676352	45.521602	0.2
-122.676452	45.52134	6.2
-122.676602	45.521005	7.6
-122.676805	45.52067	8
-122.677052	45.520342	8.4
-122.677285	45.520027	7.8
-122.677487	45.519785	6
-122.67754	45.519713	1.6
-122.677862	45.519183	0.8125
-122.678083	45.518842	8.2
-122.678295	45.518497	8.2
-122.678465	45.518123	8.6
-122.67872	45.517758	9
-122.678972	45.517392	9
-122.679227	45.517012	9.2
-122.67943	45.516613	9
-122.679532	45.5164	4.4
-122.679647	45.515857	3
-122.679845	45.515442	9.6
-122.680072	45.515043	9.4
-122.680293	45.514662	9
-122.680418	45.514353	6.8
-122.680587	45.514013	8.2
-122.680757	45.513703	7
-122.680748	45.513608	0.6
-122.680817	45.513338	6.2
-122.680968	45.512955	8.8
-122.68111	45.512568	8.8
-122.68131	45.512203	8.6
-122.681465	45.511868	7.6
-122.681563	45.511642	4.8
-122.681568	45.511613	0.6
-122.681568	45.511613	0
-122.681567	45.511598	2
-122.681685	45.511358	6
-122.681857	45.51102	7.8
-122.681965	45.510797	5
-122.681872	45.510643	3.8
-122.681555	45.510538	5.2
-122.681393	45.510495	2.2
-122.680763	45.51033	2.7
-122.680283	45.510207	7.6
-122.679818	45.51009	7.6
-122.679342	45.509973	7.8
-122.678478	45.50976	6.8
-122.678363	45.509743	0.2666666667
-122.677968	45.509638	6.8
-122.677505	45.50952	7.4
-122.67729	45.509468	3.2
-122.677285	45.509468	0
-122.677285	45.509468	0
-122.677267	45.509463	2
-122.677363	45.508975	4.4
-122.677432	45.508828	8
-122.719482	45.485362	5.6025515211
-122.718705	45.485187	12.6
-122.717945	45.484985	12.6
-122.71722	45.484728	12.6
-122.716522	45.484425	12.8
-122.71582	45.484108	12.8
-122.715135	45.483795	12.6
-122.713782	45.483188	12.5
-122.713098	45.48288	12.6
-122.712413	45.48257	12.6
-122.711725	45.482268	12.6
-122.71105	45.48198	12.2
-122.7103	45.481768	12.4
-122.709485	45.48167	12.8
-122.708785	45.481648	10.6
-122.708278	45.4816	8
-122.707942	45.481538	5.2
-122.707477	45.481437	1.3
-122.70697	45.481253	9
-122.706372	45.481002	10.8
-122.705675	45.480728	12.6
-122.70493	45.48048	12.8
-122.70413	45.480275	13.2
-122.703288	45.480108	13.6
-122.702475	45.479967	13
-122.701083	45.47943	12.4
-122.700808	45.47919	6.2
-122.700153	45.478762	2.92
-122.699522	45.478473	11.8
-122.698823	45.478247	11.8
-122.698112	45.478092	8.2857142857
-122.697408	45.478028	10.8
-122.696792	45.478023	9.6
-122.696225	45.478132	9
-122.69574	45.478223	7.6
-122.69545	45.47828	4.4
-122.69512	45.478343	5.6
-122.694562	45.478452	9.2
-122.693893	45.478572	10.8
-122.693318	45.47871	9.2
-122.69286	45.478867	8
-122.691618	45.479365	11.2
-122.690917	45.479623	12.4
-122.690197	45.47989	12.6
-122.689447	45.48015	13
-122.688608	45.480233	13
-122.688008	45.480172	9
-122.687615	45.480125	6
-122.68711	45.480133	8.2
-122.686447	45.480253	10.8
-122.685692	45.480313	11.8
-122.684908	45.480213	12.2
-122.68414	45.480002	12.8
-122.68331	45.47988	13
-122.682452	45.479948	13.4
-122.681628	45.48005	13
-122.680855	45.48015	12
-122.680208	45.480392	11
-122.68003	45.48088	11.2
-122.680252	45.481438	13.2
-122.680472	45.48209	15
-122.680613	45.482785	15.8
-122.680768	45.483512	16.2
-122.681113	45.484208	16.4
-122.68165	45.484848	16.4
-122.682087	45.485525	16.4
-122.682332	45.486223	15.8
-122.682557	45.486903	15.4
-122.682718	45.487592	15.2
-122.682765	45.488288	15.4
-122.682603	45.488973	15
-122.682078	45.489568	15.2
-122.681285	45.490018	15.6
-122.680353	45.49029	15.4
-122.679428	45.490493	14.8
-122.678583	45.490773	14.4
-122.677877	45.491182	14
-122.677337	45.491688	13.8
-122.676978	45.492303	14.8
-122.676838	45.492995	15.6
-122.676958	45.493715	16
-122.677127	45.494422	15.6
-122.677433	45.49508	15.2
-122.677795	45.495698	14.8
-122.67789	45.496363	14.8
-122.67785	45.497068	15.6
-122.677805	45.497818	16.6
-122.677723	45.499428	5.9703808181
-122.677737	45.500283	18.8
-122.677748	45.501127	18.6
-122.677737	45.501928	17.4
-122.677725	45.502687	16.6
-122.67771	45.503398	15.6
-122.677678	45.504078	14.8
-122.67763	45.504752	14.8
-122.677577	45.505438	15.2
-122.677547	45.506135	15.4
-122.677527	45.506813	14.8
-122.677473	45.508013	13
-122.677402	45.508517	11
-122.677245	45.508937	9.4
-122.677047	45.509303	8.4
-122.677058	45.509585	6.2
-122.6774	45.509712	6.2
-122.677898	45.509833	8.4
-122.678492	45.509978	9.8
-122.679033	45.510105	8.6
-122.679535	45.510205	8.2
-122.680035	45.510325	8
-122.68047	45.510425	6.8
-122.680658	45.510463	2.4
-122.680665	45.510465	0.04
-122.680962	45.510547	5.8
-122.68146	45.51065	8.2
-122.68193	45.510772	7.6
-122.68236	45.51089	7
-122.682688	45.510982	5
-122.68277	45.511012	1.2
-122.682918	45.511152	3.8
-122.682823	45.5114	6
-122.682705	45.511597	3.6
-122.68261	45.511762	1.4666666667
-122.68246	45.512025	6.2
-122.682348	45.512218	4
-122.682332	45.512245	0.25
-122.682332	45.512245	0
-122.682332	45.512245	0
-122.682318	45.512265	2.5
-122.682187	45.512505	6.2
-122.681988	45.512878	9
-122.681783	45.513265	9
-122.681572	45.513632	8.6
-122.68136	45.513942	7.2
-122.681232	45.514165	5
-122.681015	45.51466	0.8428571429
-122.680892	45.514907	5.6
-122.680753	45.515177	6.4
-122.68063	45.515415	5.2
-122.680577	45.51552	2.4
-122.680442	45.51579	7
-122.680308	45.516073	6
-122.680255	45.516168	2
-122.680148	45.516332	4.6
-122.679952	45.51659	6.2
-122.679872	45.516738	2.6
-122.67987	45.516742	0.0666666667
-122.679838	45.5168	1.6
-122.679797	45.51688	1.6
-122.679768	45.51695	0.1318681319
-122.679652	45.51726	5
-122.679517	45.517538	6.4
-122.679368	45.517832	7
-122.679227	45.518102	6.2
-122.679138	45.518272	4.2
-122.67899	45.518533	6
-122.67883	45.518828	7
-122.678657	45.519135	7.2
-122.678492	45.519448	7.4
-122.678297	45.519755	7.4
-122.678128	45.520027	6.6
-122.678033	45.520198	4.2
-122.677808	45.520753	1.05
-122.677767	45.520833	2
-122.677697	45.520967	3
-122.677593	45.521177	4.8
-122.67754	45.521267	2.4
-122.677538	45.521268	0
-122.677538	45.521268	0
-122.677537	45.521268	0
-122.677453	45.521408	3.2
-122.6773	45.521662	6
-122.67715	45.521945	6.6
-122.677065	45.5221	3.8
-122.677062	45.522102	0.5
-122.677062	45.522102	0
-122.801278	45.490848	5.0046511628
-122.801318	45.490807	0.8
-122.801353	45.490765	0.175
-122.801535	45.490558	5.4
-122.801745	45.490397	4.4
-122.801812	45.490325	2.2
-122.801782	45.490008	7.4
-122.801652	45.489593	9.4
-122.801563	45.489218	7.8
-122.801518	45.489083	2.2
-122.8015	45.48904	0.7
-122.801418	45.488733	7.4
-122.801338	45.488422	6.6
-122.801292	45.48828	2.4
-122.801187	45.488155	0.75
-122.801187	45.488155	0
-122.801187	45.488155	0.5
-122.801183	45.488152	1
-122.801028	45.487958	5.8
-122.80072	45.4876	9.4
-122.800418	45.487248	8.8
-122.80032	45.486962	5.8
-122.800313	45.486843	0.1555555556
-122.800208	45.486587	6.2
-122.799763	45.486562	7.4
-122.799143	45.486605	10
-122.798473	45.48658	10.2
-122.797872	45.486517	9.2
-122.797335	45.486468	8.2
-122.796813	45.486447	8
-122.796138	45.48644	4.7
-122.79595	45.486442	3.8
-122.795422	45.486445	8.4
-122.79489	45.486442	8
-122.794515	45.486442	5.4
-122.794257	45.486442	3.8
-122.793992	45.486445	4.6
-122.793547	45.486447	7.2
-122.792965	45.486445	9.2
-122.792308	45.486447	10.4
-122.791632	45.486453	10.4
-122.790962	45.486452	10.4
-122.790293	45.486448	10.4
-122.78962	45.486448	10.4
-122.788942	45.486448	10.6
-122.788275	45.486448	10.2
-122.78766	45.48645	9.4
-122.787168	45.48645	7
-122.787003	45.486448	1.6
-122.787003	45.486448	0
-122.787003	45.486448	0
-122.787003	45.486448	1
-122.786877	45.486448	3.5
-122.786422	45.486452	7.6
-122.785787	45.486453	10.2
-122.785067	45.486455	9
-122.784322	45.486453	11.6
-122.78366	45.486453	10.2
-122.783062	45.486452	9.2
-122.782435	45.486452	9.8
-122.781755	45.486455	12.6
-122.781033	45.486458	9
-122.780275	45.486457	11.8
-122.77951	45.48646	12
-122.778745	45.486462	11.8
-122.777977	45.486465	12
-122.777185	45.486463	12.2
-122.776393	45.486455	12.2
-122.775718	45.48644	10.6
-122.775183	45.48643	8.2
-122.77464	45.486418	8.4
-122.774028	45.486403	9.4
-122.773377	45.486393	10.2
-122.772667	45.486382	11
-122.771932	45.486365	11.4
-122.771225	45.486352	11
-122.770515	45.48634	11
-122.769818	45.48633	10.8
-122.769125	45.486318	10.8
-122.76848	45.486305	10
-122.767998	45.486288	7.4
-122.76777	45.486283	3.6
-122.767075	45.486272	2.7
-122.766398	45.48626	10.4
-122.765753	45.486245	10
-122.76518	45.486212	9
-122.764725	45.48618	7
-122.764627	45.486177	0.0842105263
-122.76438	45.48619	3.8
-122.76389	45.486208	7.6
-122.763302	45.486198	4.6537931034
-122.762668	45.486187	9.8
-122.762012	45.486172	10.2
-122.761442	45.486162	8.8
-122.7611	45.486157	5.2
-122.760043	45.486142	8.2
-122.759357	45.486127	10.8
-122.758628	45.48611	11.2
-122.757878	45.486095	11.6
-122.75711	45.486078	12
-122.756365	45.486063	11.4
-122.755632	45.48605	11.4
-122.754172	45.48602	11.4
-122.753432	45.486003	11.4
-122.752675	45.485997	11.8
-122.751937	45.486005	11.4
-122.751285	45.486008	10
-122.750832	45.486005	7
-122.750602	45.486	3.4
-122.750532	45.485997	1.2
-122.750377	45.485995	2.4
-122.750053	45.485992	5
-122.749547	45.48599	8
-122.74903	45.486027	8
-122.748602	45.486108	6.8
-122.747807	45.486313	0.7764705882
-122.747152	45.486475	10.6
-122.746452	45.48665	11.6
-122.74572	45.486813	11.8
-122.744977	45.486933	11.8
-122.744233	45.486998	11.6
-122.743493	45.487015	11.6
-122.74275	45.48701	11.4
-122.741997	45.487007	11.6
-122.741275	45.487002	11.2
-122.740708	45.486985	8.6
-122.739688	45.48699	2.1621621622
-122.739015	45.486985	10.4
-122.738307	45.48698	11
-122.737622	45.486978	10.6
-122.736927	45.486973	10.8
-122.736208	45.486973	11
-122.73547	45.486972	11.6
-122.735025	45.48697	6.2
-122.734777	45.486973	1.4
-122.734225	45.486973	8.8
-122.733548	45.486968	10.4
-122.732962	45.486965	9
-122.732507	45.486958	6.8
-122.732212	45.486945	4.4
-122.73123	45.48696	3.12
-122.730573	45.486957	10.2
-122.729867	45.486955	11
-122.729128	45.486962	11.6
-122.728377	45.48695	11.6
-122.7276	45.486833	12.4
-122.726838	45.486547	13.4
-122.726088	45.486202	14
-122.725282	45.485958	13.6
-122.724448	45.48585	13.2
-122.723627	45.485765	13
-122.722825	45.485692	12.4
-122.722047	45.48562	12.2
-122.721297	45.485555	11.8
-122.720578	45.48549	11.2
-122.719847	45.485408	11.4
-122.7191	45.485267	12.2
-122.718337	45.485083	12.4
-122.717607	45.484862	12.4
-122.716928	45.4846	12
-122.716278	45.48431	12
-122.715625	45.484015	12
-122.715002	45.483733	11.4
-122.71439	45.483462	11.2
-122.71378	45.483192	11.2
-122.713185	45.482927	11
-122.712587	45.482655	11
-122.711972	45.482385	11.2
-122.711355	45.482112	11.2
-122.710818	45.481893	9.4
-122.71059	45.481812	3.4
-122.709872	45.481703	3.05
-122.709192	45.48166	10.6
-122.708473	45.481635	11.2
-122.707827	45.48154	10.2
-122.707247	45.481357	9.8
-122.70666	45.481117	10.6
-122.706018	45.480853	11.6
-122.705333	45.480605	12
-122.677622	45.509777	9.9982269504
-122.678168	45.509922	9.2
-122.67875	45.510065	9.4
-122.679343	45.510197	9.8
-122.679943	45.510337	9.6
-122.680513	45.51047	9.2
-122.681023	45.51058	8.2
-122.681392	45.510665	5.4
-122.681488	45.51069	0.24
-122.681682	45.510737	3.4
-122.681935	45.510797	4.6
-122.682338	45.510898	6.6
-122.682643	45.510987	4.4
-122.682662	45.510993	0.3333333333
-122.682662	45.510993	0
-122.682662	45.510993	0
-122.682725	45.511018	2.6666666667
-122.682918	45.511138	4.2
-122.68282	45.511395	6
-122.682715	45.511572	2.1428571429
-122.682715	45.511572	0
-122.682712	45.511577	2
-122.682582	45.511797	6.2
-122.6824	45.512115	7.2
-122.682332	45.512228	1.8
-122.682327	45.512233	0.1
-122.682202	45.512455	6
-122.682038	45.51275	6.8
-122.68195	45.512908	2.8
-122.681952	45.512917	0
-122.681843	45.513122	4.6
-122.681675	45.513422	7
-122.681547	45.513642	5.2
-122.68134	45.513918	6.8
-122.681192	45.514167	6
-122.681117	45.514355	0.2857142857
-122.681005	45.51463	6.4
-122.680862	45.51491	6.4
-122.680695	45.515242	7.8
-122.680513	45.515568	7.6
-122.680363	45.51586	7
-122.680247	45.516095	5.4
-122.680102	45.516347	6
-122.67992	45.516605	6.4
-122.679787	45.516832	5.4
-122.679505	45.517453	0.576
-122.679348	45.517743	6.8
-122.67921	45.518002	6
-122.679137	45.51813	3
-122.679137	45.51813	0
-122.679137	45.51813	0
-122.679137	45.51813	1
-122.679078	45.518228	2.75
-122.678895	45.518548	7.6
-122.67875	45.518862	7.4
-122.678577	45.519183	7.4
-122.678395	45.519513	7.8
-122.678192	45.519835	7.8
-122.678013	45.52012	6.8
-122.677788	45.52065	1.0333333333
-122.677697	45.520857	4.6
-122.677672	45.52088	0.75
-122.677672	45.52088	0
-122.677672	45.52088	0.3333333333
-122.677653	45.520895	0.5
-122.677558	45.521092	4.8
-122.677375	45.521418	7.8
-122.677153	45.521778	8.6
-122.677002	45.522075	6.8
-122.67693	45.522192	2.8
-122.67693	45.522193	0
-122.676878	45.522302	2.6
-122.677042	45.522458	4.4
-122.67726	45.522515	3.4
-122.67735	45.52259	2.8
-122.677247	45.522747	3.8
-122.677112	45.522927	0.1769230769
-122.67677	45.522933	5.6
-122.67629	45.522937	7.8
-122.675722	45.522943	7.3333333333
-122.675495	45.52294	3.4
-122.675315	45.522797	2.4
-122.675343	45.522558	4
-122.67536	45.52254	0.6666666667
-122.67536	45.52254	0
-122.675463	45.522423	3.2
-122.675673	45.52218	6.4
-122.675712	45.522138	0.1333333333
-122.703893	45.480223	5.3498233216
-122.703138	45.480082	12.2
-122.702398	45.479953	11.8
-122.701133	45.47946	11.3
-122.700598	45.479067	12.2
-122.700007	45.4787	12.2
-122.699272	45.478398	13.4
-122.698518	45.478185	12.4
-122.697813	45.478068	11.4
-122.69716	45.478013	10
-122.696657	45.478042	7.6
-122.695828	45.478203	2.2666666667
-122.695308	45.478303	8.4
-122.694685	45.478418	10.2
-122.694007	45.478542	10.8
-122.693428	45.478673	9.2
-122.693013	45.478778	6.6
-122.692883	45.478813	0.1139240506
-122.69209	45.47917	7.0909090909
-122.691443	45.479412	11.4
-122.69078	45.479658	14.75
-122.690107	45.479915	9.8333333333
-122.689402	45.48016	12.2
-122.688588	45.480222	12.8
-122.687743	45.480133	13.2
-122.686893	45.480177	16.75
-122.685978	45.480307	12.1666666667
-122.685022	45.480222	18.75
-122.684098	45.479983	12.6666666667
-122.683147	45.479872	19
-122.682178	45.479967	12.5
-122.681245	45.480085	14.6
-122.680423	45.480267	12.8
-122.680052	45.480743	11.6
-122.680235	45.481297	13.2
-122.680457	45.481957	15.4
-122.680587	45.482697	16.6
-122.68073	45.483478	17.4
-122.681075	45.484203	16.8
-122.68161	45.484845	16.6
-122.682058	45.485507	16.2
-122.682275	45.486205	15.6
-122.682473	45.486865	14.4
-122.682607	45.487385	11.2
-122.68264	45.487695	5.8
-122.68268	45.488125	2.65
-122.682645	45.488675	12.4
-122.682335	45.48928	14.4
-122.681695	45.489803	15.2
-122.680892	45.490148	14.6
-122.68003	45.490353	14
-122.679202	45.490533	13.4
-122.678433	45.49081	13.2
-122.677793	45.491202	13.2
-122.677278	45.49168	16.5
-122.676928	45.492237	13.4
-122.67681	45.492877	14.4
-122.676903	45.493557	15.2
-122.677063	45.494228	14.8
-122.677292	45.494867	14.4
-122.677677	45.495438	13.8
-122.677872	45.496038	13.6
-122.677863	45.496673	14
-122.67782	45.49735	15
-122.677775	45.498067	15.8
-122.67773	45.49882	16.8
-122.677718	45.499605	17.4
-122.677732	45.500405	17.4
-122.677745	45.501175	16.8
-122.677737	45.501897	15.8
-122.677728	45.502573	14.8
-122.677712	45.503212	13.8
-122.677685	45.503845	14
-122.67764	45.504468	13.6
-122.6776	45.505095	13.8
-122.677558	45.505733	14
-122.677528	45.506373	14
-122.677518	45.506973	13
-122.677505	45.507532	12.4
-122.677468	45.508073	11.6
-122.677385	45.508585	11.4
-122.6772	45.509027	9.6
-122.677057	45.50929	5.4
-122.677043	45.50931	0.3333333333
-122.677043	45.50931	0
-122.677043	45.509312	1
-122.676998	45.509502	4.8
-122.677198	45.509672	5.2
-122.675888	45.521945	2.429391504
-122.676145	45.521715	6.4
-122.676283	45.521578	3.6
-122.67651	45.52133	7
-122.676757	45.52108	6.4
-122.67687	45.520952	3.6
-122.677117	45.520665	7.6
-122.677343	45.520437	6
-122.67758	45.520183	7
-122.677867	45.51994	6.8
-122.678372	45.519395	0.9
-122.678578	45.519153	6.2
-122.678733	45.51891	5.6
-122.678843	45.518762	3.6
-122.679087	45.51841	4.4
-122.679368	45.518087	8.4
-122.67969	45.51777	8.6
-122.67999	45.517433	8.8
-122.680362	45.517073	8.1666666667
-122.680565	45.516887	6.25
-122.680962	45.51639	0.8873239437
-122.681433	45.51589	6.6
-122.681623	45.515693	5.2
-122.68163	45.515272	7.8
-122.68183	45.514987	6.6
-122.681872	45.514585	7.8
-122.682173	45.514277	8
-122.682907	45.512528	4.3111111111
-122.683035	45.512107	9
-122.683235	45.511698	9.2
-122.683508	45.511135	6.3
-122.6832	45.510933	4
-122.682872	45.51082	4.6
-122.682735	45.510775	0.24
-122.68253	45.510722	3
-122.682123	45.510612	6.4
-122.681687	45.510498	6.8
-122.68123	45.51039	6.8
-122.680782	45.510287	6.8
-122.680398	45.510208	5.4
-122.680027	45.510113	6
-122.679635	45.510027	5.4
-122.679508	45.510003	1.2
-122.679508	45.510003	0.3333333333
-122.679498	45.510005	0
-122.679198	45.509902	6
-122.678712	45.50978	7.8
-122.67838	45.5097	4.4
-122.678355	45.509697	0.3333333333
-122.678355	45.509697	0
-122.678355	45.509697	0.3333333333
-122.67833	45.50969	1
-122.678395	45.509365	5.2
-122.678528	45.509057	8.8
-122.678603	45.508603	11.2
-122.678618	45.508053	12.4
-122.678615	45.50746	13.2
-122.678617	45.506848	13.6
-122.678625	45.50622	13.8
-122.67863	45.505582	14.2
-122.678643	45.50488	15.6
-122.678668	45.504123	16.8
-122.678665	45.503347	17
-122.678657	45.502558	17.4
-122.678645	45.501763	17.4
-122.678622	45.50099	17
-122.678588	45.500245	16.4
-122.678527	45.499488	16.8
-122.678507	45.498703	17.2
-122.678517	45.497985	15.4
-122.678533	45.497367	13.6
-122.678592	45.496757	13.4
-122.678602	45.496158	13.2
-122.678563	45.495573	13
-122.678252	45.495042	12.6
-122.677962	45.494503	12.8
-122.677787	45.493888	14
-122.677617	45.493207	15.4
-122.677668	45.492512	15.2
-122.677968	45.491938	13.2
-122.6783	45.49157	9.2
-122.678445	45.491435	3
-122.678438	45.491432	0
-122.678438	45.491432	0
-122.725585	45.48612	10.373015873
-122.726283	45.48637	12
-122.726932	45.486683	12.2
-122.727625	45.486937	12.2
-122.728455	45.487062	13
-122.729377	45.487075	14.4
-122.730292	45.487078	14.2
-122.731148	45.487085	13.2
-122.731707	45.487127	8.8
-122.732073	45.48712	0.3733333333
-122.73273	45.487102	10.2
-122.733583	45.487102	13
-122.734422	45.487108	13
-122.735173	45.487112	11.6
-122.735847	45.487113	10.4
-122.736537	45.487113	10.8
-122.737258	45.487113	11
-122.738715	45.487123	11.3
-122.739433	45.487127	11.2
-122.74006	45.487137	9.6
-122.740355	45.487155	4.6
-122.740702	45.487138	1.08
-122.741268	45.48714	8.8
-122.742047	45.487142	12
-122.742897	45.487148	13.2
-122.74368	45.487128	12
-122.744423	45.487087	11.4
-122.745148	45.487013	11.2
-122.745872	45.486882	11.6
-122.746587	45.486718	11.6
-122.74724	45.486552	10.6
-122.74772	45.486433	8
-122.747995	45.486365	4.4
-122.748272	45.486278	4.6
-122.748707	45.486163	7.4
-122.749288	45.486032	9.4
-122.749807	45.48582	9.2
-122.750203	45.485658	7
-122.750257	45.485635	1.25
-122.750257	45.485635	0
-122.751085	45.485215	2.8571428571
-122.751702	45.484922	11.6
-122.75239	45.484598	12.8
-122.753882	45.483912	13.9
-122.754652	45.483558	14.2
-122.755395	45.483207	13.8
-122.756075	45.482887	12.6
-122.756745	45.482565	12.6
-122.757413	45.482248	12.6
-122.758072	45.481932	12.4
-122.758752	45.481603	12.6
-122.75944	45.481272	13
-122.760135	45.480942	13
-122.760842	45.480603	13.2
-122.76152	45.480275	12.8
-122.762733	45.479533	12.5
-122.763193	45.479045	12.8
-122.763552	45.47852	13
-122.763627	45.477945	12.6
-122.763608	45.477355	13.2
-122.763638	45.476742	13.4
-122.76381	45.476133	13.6
-122.764172	45.475545	14.2
-122.764667	45.474977	14.6
-122.765182	45.474412	14.8
-122.765793	45.473902	14.8
-122.76648	45.47343	14.8
-122.767285	45.473065	14.8
-122.768202	45.472872	14.8
-122.769088	45.472732	14
-122.76999	45.472578	14.4
-122.770915	45.472498	14.4
-122.771778	45.472582	13.4
-122.772552	45.472655	12.2
-122.773223	45.472462	11.4
-122.773667	45.472147	9.4
-122.773863	45.472013	0.3818181818
-122.774275	45.471745	9
-122.774727	45.471418	9.8
-122.774878	45.471258	3.8
-122.775068	45.470917	1.72
-122.775285	45.470467	10.6
-122.775452	45.470073	8.8
-122.77578	45.469555	6.2
-122.775983	45.469198	8.6
-122.776177	45.468738	10.6
-122.776353	45.468265	10.8
-122.776572	45.467832	10
-122.776798	45.467397	10.4
-122.678888	45.49111	9.0600706714
-122.678983	45.491053	1.75
-122.678983	45.491053	0
-122.678983	45.491053	0
-122.678983	45.491053	0
-122.67909	45.490965	3.8
-122.679523	45.490782	8.4
-122.680157	45.490605	11.4
-122.680888	45.490422	12.6
-122.681693	45.490125	14.8
-122.682422	45.489638	15.8
-122.68293	45.489013	16
-122.683073	45.488302	15.8
-122.682933	45.487577	15.8
-122.682718	45.486887	15.2
-122.682442	45.486208	15.6
-122.682197	45.485535	15.2
-122.681827	45.484898	15.4
-122.681282	45.484298	15.6
-122.680835	45.483652	16
-122.680668	45.482935	15.8
-122.680565	45.482225	15.6
-122.680447	45.481538	15.2
-122.68036	45.480913	13.4
-122.680343	45.48046	9.4
-122.680725	45.480207	8.4
-122.68132	45.48011	9.8
-122.681995	45.480038	10.6
-122.682725	45.479955	11.6
-122.683527	45.479935	12.6
-122.684365	45.480093	13.8
-122.685208	45.480293	13.8
-122.686038	45.480367	12.8
-122.686837	45.480285	12.6
-122.687637	45.480253	12.6
-122.68845	45.48033	12.8
-122.689323	45.480287	13.8
-122.690207	45.480005	15.2
-122.691085	45.479675	15.2
-122.691828	45.479395	12.8
-122.692438	45.47916	10.2
-122.692858	45.479015	6.8
-122.693128	45.478923	4.2
-122.69326	45.478872	0.3428571429
-122.69367	45.478748	7.8
-122.694333	45.47861	11
-122.69504	45.47848	11.4
-122.695765	45.478347	11.6
-122.696347	45.478245	8.6
-122.696712	45.478185	5.2
-122.69683	45.478168	0.5
-122.69727	45.478143	7.6
-122.697943	45.478157	13.5
-122.698668	45.478307	11.8
-122.699387	45.478538	12.4
-122.700063	45.478832	12.2
-122.700628	45.479222	12.2
-122.701213	45.479623	12.8
-122.701947	45.47994	13.4
-122.702812	45.480132	14.4
-122.703725	45.480305	14.6
-122.704597	45.480502	14
-122.705413	45.480758	11.2
-122.706213	45.481062	16.8
-122.707035	45.4814	11.8
-122.707932	45.481673	18.4
-122.70895	45.481755	12.6
-122.709968	45.481805	16
-122.71086	45.482032	14.6
-122.711597	45.482335	13.2
-122.712247	45.482618	12
-122.712643	45.482835	7.8
-122.71312	45.483027	2.1
-122.713657	45.483262	9.6
-122.714307	45.483547	11.8
-122.714993	45.483852	12.6
-122.715687	45.484168	12.8
-122.716392	45.484485	13
-122.717107	45.484793	13
-122.717872	45.485055	13
-122.718682	45.485265	13.4
-122.719502	45.485448	13.2
-122.721155	45.485645	13
-122.721925	45.485713	12
-122.722647	45.485778	11.2
-122.723367	45.485843	11.4
-122.7241	45.485915	11.4
-122.724835	45.485993	11.4
-122.777028	45.466952	8.0154320988
-122.777265	45.466517	10.4
-122.77754	45.466087	10.4
-122.777818	45.465587	12
-122.778102	45.465048	12.6
-122.778395	45.464517	12.6
-122.778708	45.46394	13.6
-122.779028	45.46335	14
-122.779335	45.462758	13.8
-122.779628	45.462167	13.8
-122.779932	45.46157	14
-122.780252	45.46098	13.8
-122.78054	45.460413	13.2
-122.78085	45.459845	13.6
-122.781165	45.459277	13.4
-122.781477	45.458695	13.8
-122.78177	45.45819	11.6
-122.781905	45.457993	4.2
-122.782088	45.457493	1.9666666667
-122.782237	45.457217	6.4
-122.782322	45.457067	3.4
-122.782368	45.456988	0.2222222222
-122.782348	45.45672	6.4
-122.78188	45.45649	9
-122.781255	45.456222	11.6
-122.780697	45.45597	9.8
-122.780467	45.45584	4.2
-122.780423	45.45559	6
-122.780442	45.455183	9.2
-122.78044	45.454723	10
-122.78042	45.454215	11.2
-122.78046	45.453733	10.6
-122.780528	45.453413	6.6
-122.780573	45.4533	2.8
-122.780458	45.45301	6.8
-122.780008	45.452893	7.2
-122.779538	45.45288	7.4
-122.779057	45.452858	7
-122.77888	45.452838	3
-122.778717	45.45262	5.6
-122.778742	45.452383	5
-122.778832	45.452718	0.0659340659
-122.778833	45.45274	0.3333333333
-122.778833	45.45274	0
-122.778833	45.45274	0
-122.778845	45.452768	2
-122.779085	45.452853	4.6
-122.779547	45.452863	7.4
-122.780022	45.452887	7.2
-122.780378	45.452977	5.4
-122.78047	45.453038	1.4
-122.780538	45.453143	2.6
-122.780492	45.453442	7
-122.780428	45.453793	8
-122.780402	45.454205	9
-122.780403	45.454582	8.2
-122.780403	45.454937	7.6
-122.78043	45.45527	7.2
-122.780438	45.455542	5.6
-122.780328	45.4558	0.6
-122.780598	45.456092	8.2
-122.781117	45.456323	9.4
-122.781582	45.456525	8
-122.781887	45.456662	5
-122.78197	45.4567	1
-122.781977	45.456703	0.2
-122.782212	45.456803	4.6
-122.782345	45.456985	4.8
-122.782142	45.457363	9.4
-122.781872	45.457733	8.4
-122.781497	45.458462	2.8387096774
-122.781175	45.459068	12
-122.780883	45.45959	12.4
-122.780653	45.46001	12.25
-122.780318	45.460628	12.1666666667
-122.779762	45.461672	12.3
-122.7795	45.462208	12.4
-122.77894	45.463305	12.8
-122.77865	45.463852	12.8
-122.778092	45.464888	12.1
-122.777818	45.465375	11.6
-122.77754	45.465862	11.6
-122.777282	45.466322	10.6
-122.777062	45.466762	10.2
-122.77685	45.46718	9.6
-122.77666	45.467563	9
-122.776472	45.467933	8.4
-122.776118	45.468658	8.5
-122.775945	45.469018	8.2
-122.605263	45.359457	0.0400801603
-122.605377	45.359482	1.6
-122.605507	45.359622	4.6
-122.605663	45.359838	4.8
-122.605712	45.359895	1
-122.60576	45.359945	0.3
-122.605747	45.360058	2.2
-122.60548	45.360152	4
-122.604975	45.360388	11.6
-122.604355	45.360713	12
-122.603767	45.361088	12.4
-122.60324	45.36153	12.6
-122.6028	45.361977	9.6
-122.602438	45.362352	10
-122.602047	45.362735	10.4
-122.601678	45.363137	10.4
-122.601333	45.363578	11
-122.601033	45.364	10.4
-122.600865	45.364393	9
-122.600748	45.364855	10.4
-122.600693	45.365437	12.8
-122.600742	45.365977	12
-122.638917	45.38366	16
-122.639065	45.384378	16
-122.639282	45.385085	16
-122.639812	45.38571	16
-122.64043	45.38629	16
-122.641042	45.386858	15.8
-122.641645	45.38741	15.4
-122.64227	45.387982	15.8
-122.642885	45.388552	15.8
-122.643492	45.38911	15.6
-122.644205	45.38977	15.1666666667
-122.644778	45.3903	14.6
-122.645355	45.390822	14.6
-122.645963	45.391355	15.2
-122.647195	45.392487	15.7
-122.647813	45.393058	15.8
-122.648587	45.393742	16.1666666667
-122.649227	45.394328	16.2
-122.649995	45.395038	16.5
-122.650633	45.395625	16.2
-122.651132	45.39609	16
-122.65169	45.396638	14.8
-122.652202	45.397148	11.3333333333
-122.652378	45.39731	4.2
-122.652382	45.397312	0
-122.652382	45.397312	0
-122.652382	45.397312	0.3333333333
-122.652432	45.397358	3.5
-122.65275	45.39765	8.2
-122.653232	45.398087	12.4
-122.65367	45.398485	13.75
-122.654343	45.399107	14.5
-122.654927	45.399645	14.8
-122.655537	45.400198	15.6
-122.656157	45.400753	15.6
-122.656775	45.401287	15
-122.657378	45.401832	15.4
-122.657993	45.402398	15.6
-122.65861	45.402967	15.8
-122.659218	45.403527	15.6
-122.659753	45.404085	14.8
-122.660008	45.404768	15.6
-122.660028	45.405503	16.2
-122.660033	45.406227	16
-122.660025	45.406932	15.4
-122.660028	45.407605	14.8
-122.660053	45.408263	14.4
-122.66011	45.40886	13.2
-122.660668	45.409333	14
-122.661597	45.409495	15
-122.662595	45.409632	15.6
-122.663465	45.409807	14.2
-122.663962	45.410262	12.4
-122.664252	45.410583	8
-122.664305	45.41064	1.2
-122.664375	45.410715	2.2
-122.664448	45.410807	2.2
-122.664473	45.410848	0.8
-122.664473	45.410848	0
-122.66451	45.410902	2.6666666667
-122.664612	45.411227	7.4
-122.664535	45.41168	10.2
-122.664423	45.412187	11.2
-122.664333	45.412623	9.6
-122.664268	45.41289	5.6
-122.664118	45.413603	3.28
-122.663992	45.414152	12.4
-122.663882	45.414615	10
-122.663815	45.414905	6.2
-122.663767	45.4151	4.4
-122.663697	45.415417	7.2
-122.663605	45.415835	9.6
-122.663497	45.416312	10.6
-122.663382	45.416823	11.4
-122.663273	45.417343	11.6
-122.663165	45.417848	11.2
-122.66293	45.418912	11.9
-122.662827	45.419458	12.2
-122.662745	45.419992	11.6
-122.662695	45.420332	7
-122.662673	45.420418	1.6
-122.662688	45.420553	3.4
-122.663085	45.420623	5.3333333333
-122.66354	45.420658	7.2
-122.664087	45.420708	8.6
-122.66464	45.42076	8.6
-122.665143	45.420813	8
-122.665703	45.420877	8.8
-122.666235	45.420935	6.4271566087
-122.666818	45.420997	9.4
-122.667393	45.421062	8.6
-122.667545	45.42108	1.8
-122.667747	45.421032	3.6
-122.667858	45.420767	5.8
-122.667902	45.42045	7
-122.667945	45.420238	4.4
-122.667963	45.420163	1.2
-122.667958	45.419832	0.1151515152
-122.667798	45.419677	4.6
-122.667338	45.419637	7.8
-122.666728	45.419605	9.4
-122.666133	45.419553	9.4
-122.665625	45.419513	7.6
-122.665097	45.419478	8.4
-122.664537	45.419408	8.8
-122.664025	45.419327	7.8
-122.663667	45.419315	4.8
-122.663565	45.419308	1.2
-122.663435	45.419298	2.6
-122.663065	45.419288	5.8
-122.662788	45.419475	6
-122.662722	45.419825	8.2
-122.662637	45.42029	10.8
-122.66252	45.420812	12
-122.662402	45.42137	12.6
-122.662212	45.421943	13
-122.661895	45.42254	14
-122.661508	45.423135	14.6
-122.660572	45.424373	15.5
-122.660083	45.42497	15
-122.659585	45.425565	12.2
-122.659055	45.426182	19.2
-122.658598	45.426857	13.2
-122.65837	45.427577	16.2
-122.658193	45.428273	15.6
-122.657937	45.428978	19.4
-122.657343	45.429593	13.2
-122.656595	45.430125	16.4
-122.656028	45.430673	15.2
-122.655805	45.430968	7.8
-122.655778	45.431017	1.5
-122.655778	45.431017	0
-122.655697	45.431148	3
-122.655487	45.431518	8.8
-122.655035	45.432522	11.5
-122.654735	45.433077	13
-122.65438	45.43368	14.4
-122.654008	45.43433	15.6
-122.653712	45.434983	15.2
-122.653488	45.435643	15
-122.65327	45.436333	15.6
-122.653028	45.43708	16.8
-122.65279	45.4378	16.4
-122.652772	45.438517	15.8
-122.653102	45.439193	15.8
-122.653555	45.439892	16.8
-122.654023	45.440592	17.2
-122.654512	45.441243	16.2
-122.654988	45.441872	15.8
-122.655487	45.442492	15.6
-122.655992	45.443145	16.6
-122.656525	45.44382	17
-122.656908	45.444522	16.6
-122.656918	45.4453	17.2
-122.65684	45.44602	11.2857142857
-122.657405	45.447547	17.5
-122.657802	45.448358	19
-122.658192	45.449143	18.4
-122.658593	45.449908	18
-122.658985	45.450658	17.6
-122.659402	45.451428	22.75
-122.659825	45.452207	18.4
-122.660243	45.452963	17.8
-122.660828	45.453688	18.4
-122.661492	45.454395	18.6
-122.662137	45.455095	18.6
-122.662788	45.45579	18.2
-122.663452	45.456512	19
-122.664107	45.457227	18.8
-122.664773	45.45795	19
-122.665442	45.458672	19
-122.66609	45.45938	18.6
-122.666745	45.460082	18.6
-122.667365	45.460745	17.4
-122.667918	45.461392	16.6
-122.668303	45.462067	16.2
-122.66847	45.462768	15.6
-122.668562	45.46346	6.2637870144
-122.668647	45.463925	10.2
-122.668658	45.464107	3.8
-122.66866	45.464162	0.0923076923
-122.668707	45.464513	8
-122.668878	45.465103	13.2
-122.669202	45.465838	17
-122.6696	45.466608	18.2
-122.670017	45.467375	18
-122.670587	45.468035	17
-122.671167	45.468617	15.6
-122.67144	45.469315	16
-122.671533	45.47004	16
-122.671617	45.470705	14.6
-122.671618	45.471078	8
-122.671605	45.47117	2
-122.671603	45.471178	0.0666666667
-122.671563	45.471447	6.2
-122.671433	45.472057	11.3333333333
-122.671378	45.472477	11.75
-122.67139	45.47282	7.2
-122.671417	45.473075	4.8333333333
-122.67147	45.473545	10.4
-122.671532	45.474085	12
-122.671592	45.474635	12.2
-122.671648	45.475183	12.2
-122.671715	45.475763	12.8
-122.671805	45.47636	13.2
-122.671925	45.476867	11.2
-122.671988	45.477088	4.6
-122.672012	45.477168	0.4
-122.672137	45.477548	8.8
-122.672318	45.478093	12.4
-122.672508	45.47868	13.4
-122.672692	45.479282	13.4
-122.672893	45.479898	14
-122.673103	45.480493	13.4
-122.67325	45.480888	8.6
-122.67328	45.480978	1.8
-122.67328	45.480978	0
-122.67328	45.480978	0
-122.673282	45.480985	1
-122.673367	45.481242	6.2
-122.673525	45.481725	11.2
-122.673717	45.48227	12.4
-122.673972	45.482858	13.6
-122.674282	45.48346	14.2
-122.67459	45.484058	14
-122.674877	45.484583	12
-122.675013	45.484843	5.6
-122.675073	45.484983	0.9
-122.675248	45.485388	9.6
-122.675417	45.485927	12.4
-122.675525	45.486517	13
-122.675513	45.487113	13.2
-122.675332	45.487728	13.8
-122.67496	45.488305	13.8
-122.674435	45.488867	15
-122.673927	45.489477	15.4
-122.673532	45.49012	15.4
-122.673233	45.490775	15
-122.672975	45.491428	15
-122.672893	45.49211	15
-122.672925	45.492808	15.6
-122.672942	45.493543	16.2
-122.672953	45.494293	16.4
-122.672942	45.495023	16.2
-122.672903	45.495738	15.6
-122.67289	45.49621	9.8
-122.67288	45.496363	2.8
-122.67288	45.49664	2.3333333333
-122.672862	45.497133	11
-122.672847	45.497642	10.6
-122.67284	45.497777	0.75
-122.672837	45.498143	8.6
-122.672825	45.498627	10.6
-122.672805	45.499022	8.2
-122.672788	45.499155	2.4
-122.67271	45.49977	2.96
-122.672568	45.500308	12.2
-122.672602	45.50092	13.8
-122.673198	45.501467	15.2
-122.674082	45.501727	14.8
-122.67499	45.501962	15
-122.675738	45.502388	15
-122.67636	45.502845	13.8
-122.676953	45.50326	13
-122.677512	45.503637	11.6
-122.678062	45.503787	9.2
-122.678427	45.503803	6.2132080585
-122.678448	45.503803	0.3333333333
-122.678448	45.503803	0
-122.678457	45.503805	1
-122.678657	45.50384	3.6
-122.678713	45.504118	6.6
-122.67871	45.504515	8.8
-122.678685	45.50496	9.8
-122.67866	45.50544	10.6
-122.678647	45.505947	11.2
-122.678623	45.506437	10.8
-122.678607	45.50695	11.4
-122.678578	45.507965	11
-122.678548	45.508422	10.2
-122.678413	45.50891	11
-122.678202	45.509327	9.6
-122.67809	45.50963	5.8
-122.678085	45.509723	0.2
-122.678212	45.509927	5.4
-122.678647	45.510055	7.4
-122.679173	45.51018	8.6
-122.679728	45.510308	9.2
-122.680277	45.510417	8.6
-122.680615	45.510482	4.6
-122.680745	45.510507	0.6
-122.681125	45.510588	6.4
-122.681565	45.510678	6.8
-122.681705	45.510713	1.6
-122.681838	45.510748	0.5
-122.682295	45.51086	7.8
-122.68269	45.510962	6
-122.682772	45.510988	0.75
-122.682772	45.510988	0
-122.682772	45.510988	0.3333333333
-122.682815	45.511	2.5
-122.68294	45.511095	2.8
-122.682852	45.51137	6.4
-122.68275	45.51156	3.6
-122.682487	45.511983	2.5
-122.682342	45.512223	4.8
-122.682305	45.512267	0.2666666667
-122.682208	45.512438	4.4
-122.682113	45.512603	3.6
-122.682012	45.512785	5
-122.681822	45.513137	8.6
-122.681607	45.513525	9
-122.681377	45.513893	8.8
-122.68121	45.514183	6.2
-122.681052	45.51456	0.6
-122.680958	45.514763	4.6
-122.680847	45.51499	5.2
-122.680665	45.515347	8.4
-122.680465	45.515718	8.8
-122.680288	45.51609	8.6
-122.68018	45.516302	5
-122.679975	45.516618	7.6
-122.679828	45.516877	6.2
-122.67972	45.517125	1.45
-122.679418	45.517723	7
-122.679273	45.517983	6.2
-122.679137	45.518238	5.8
-122.679	45.518485	6
-122.678853	45.518773	6.6
-122.678705	45.519048	6.6
-122.67854	45.519373	7.6
-122.678398	45.519645	6.4
-122.678188	45.519955	7.4
-122.678053	45.520202	6
-122.677802	45.520778	3.3
-122.677723	45.520907	3.2
-122.677723	45.520912	0
-122.677602	45.521103	4.6
-122.677423	45.521433	7.8
-122.677308	45.521625	4.6
-122.677133	45.52195	7.6
-122.676983	45.522223	8.25
-122.676843	45.522418	0.96
-122.67663	45.522713	7.4
-122.676567	45.52282	2.4
-122.67648	45.523382	0.8
-122.67649	45.523468	1.8
-122.676493	45.523668	4.6
-122.676485	45.523995	7.2
-122.67648	45.524157	3.6
-122.676485	45.524182	0.1333333333
-122.676492	45.524435	5.8
-122.676508	45.524742	6.8
-122.676527	45.524918	3.8
-122.67656	45.5252	6.1812713234
-122.676575	45.525483	6.2
-122.676575	45.525667	4
-122.676572	45.525883	4.8
-122.676572	45.526037	3.4
-122.676565	45.526143	2.2
-122.676567	45.526147	0
-122.676567	45.526147	1
-122.676555	45.52616	1
-122.676573	45.526273	2.4
-122.676583	45.526445	4
-122.676625	45.526725	5.8
-122.676628	45.527002	6
-122.676625	45.527165	3.4
-122.676623	45.527177	0.05
-122.67662	45.527393	4.8
-122.676627	45.527703	6.8
-122.67663	45.52788	3.6
-122.67663	45.527892	0.25
-122.67663	45.527892	0
-122.676493	45.528025	3.4
-122.676028	45.528053	5.6666666667
-122.675893	45.528048	2
-122.675893	45.528048	0
-122.675893	45.528048	0
-122.675653	45.528042	3
-122.675543	45.52794	2.3333333333
-122.675533	45.527715	5
-122.675542	45.52754	3.8
-122.675543	45.527438	0.48
-122.675553	45.527098	7.6
-122.675555	45.526832	5.6
-122.675542	45.526767	1.2
-122.675542	45.526767	0
-122.675542	45.526767	0
-122.675533	45.526753	2
-122.675522	45.526475	6.4
-122.67551	45.526093	8.4
-122.675498	45.525738	7.8
-122.675478	45.525425	6.8
-122.675468	45.525362	1
-122.675453	45.525295	0.2
-122.675325	45.525198	3
-122.674958	45.525205	5.8
-122.67468	45.525223	3.6
-122.674597	45.525227	0.5333333333
-122.674198	45.52523	6.4
-122.673755	45.525248	6.6
-122.67336	45.52526	6.2
-122.672865	45.525282	7.6
-122.672582	45.525293	4.2
-122.67224	45.525312	5.4
-122.671923	45.525317	4.6
-122.671732	45.525302	0.64
-122.67132	45.52533	6.6
-122.670843	45.52559	9.2
-122.670655	45.52608	11.2
-122.670758	45.526538	10.6
-122.670493	45.526937	9.6
-122.669973	45.527173	9.6
-122.669403	45.527413	10.4
-122.668808	45.527667	10.8
-122.668195	45.52795	11.4
-122.667617	45.528247	11
-122.667053	45.528555	11.2
-122.666482	45.52871	9.2
-122.666098	45.528713	5.6
-122.66587	45.528698	3.4
-122.665677	45.528757	3.6
-122.665618	45.529043	6.6
-122.665733	45.529408	7.8
-122.666018	45.529612	5.4
-122.666402	45.529742	0.6444444444
-122.666738	45.52987	5.6
-122.667027	45.529977	5.2
-122.667538	45.530182	9.4
-122.668162	45.530428	11.2
-122.668878	45.53073	13
-122.669538	45.531077	12.6
-122.670113	45.531473	12.6
-122.670683	45.531923	13.2
-122.671207	45.53241	13.4
-122.671792	45.532933	14.8
-122.672352	45.533547	16
-122.67291	45.534217	17.2
-122.673447	45.534907	17.2
-122.673867	45.535478	13.8
-122.674238	45.536007	12.8
-122.674455	45.536557	12.6
-122.67448	45.53715	5.979650381
-122.67447	45.537685	11.8
-122.674478	45.538227	12
-122.674495	45.538772	11.8
-122.67473	45.5392	10
-122.675243	45.539522	10.6
-122.676542	45.540175	12.4
-122.677068	45.540607	12.6
-122.677157	45.54114	11.8
-122.677175	45.541707	12.6
-122.677172	45.542308	13.4
-122.677157	45.542928	13.6
-122.67723	45.544127	13.1
-122.677327	45.544462	6.6
-122.677335	45.544485	0.25
-122.677335	45.544485	0
-122.677335	45.544485	0
-122.677388	45.544593	4
-122.67769	45.544855	7.8
-122.678313	45.54504	10.8
-122.679092	45.545235	13
-122.679903	45.545437	13.2
-122.680767	45.545657	14.4
-122.68168	45.545905	15.2
-122.68251	45.546343	16.4
-122.683275	45.54689	17
-122.684067	45.547498	18.2
-122.684903	45.548133	19.2
-122.685735	45.548743	18.4
-122.68653	45.549323	17.8
-122.687302	45.549888	17.2
-122.688073	45.550458	17.4
-122.688835	45.551028	17.2
-122.689535	45.55166	17.6
-122.690218	45.552287	17.4
-122.690888	45.552898	16.8
-122.691413	45.553472	15
-122.691812	45.554087	15
-122.692138	45.554685	13.8
-122.692312	45.55527	13.2
-122.69259	45.555812	12.8
-122.693175	45.556952	13.6
-122.693332	45.557607	14.4
-122.693462	45.558218	13.6
-122.693638	45.55877	12
-122.693792	45.55899	4.2
-122.693797	45.558995	0
-122.693797	45.558995	0
-122.693797	45.558995	0
-122.693885	45.559095	4.25
-122.694147	45.559397	8.2
-122.694398	45.559807	10.2
-122.694603	45.560273	10.8
-122.694823	45.560743	11
-122.695057	45.561225	11.4
-122.695342	45.561723	11.8
-122.695608	45.562192	11
-122.695628	45.562692	9
-122.695625	45.563248	12.2
-122.695617	45.563833	13
-122.695608	45.564413	12.6
-122.695602	45.56498	12.6
-122.695592	45.565535	12.2
-122.695585	45.566058	11.6
-122.695578	45.567165	12.2
-122.695577	45.567728	12.4
-122.695565	45.56829	12.4
-122.695563	45.56885	12.2
-122.695553	45.569397	12.2
-122.695525	45.569727	7.4
-122.695532	45.569942	1.15
-122.695547	45.570348	9
-122.695547	45.570857	11
-122.695527	45.571382	11.6
-122.69551	45.571862	10.6
-122.695528	45.572383	11.4
-122.69553	45.57292	11.8
-122.695525	45.573467	12
-122.695517	45.57404	12.6
-122.695507	45.574635	13.2
-122.695503	45.575212	12.8
-122.695503	45.575785	12.6
-122.695502	45.576342	12.2
-122.695507	45.576785	9.8
-122.695508	45.576973	4.2
-122.695518	45.577068	0.4
-122.695783	45.577202	5.2
-122.696342	45.57719	8.6
-122.696862	45.577197	8
-122.697188	45.577223	6.145244332
-122.697277	45.577417	3.6
-122.697268	45.577803	8.6
-122.697263	45.578298	10.8
-122.697253	45.578808	11.2
-122.697248	45.579318	11.2
-122.697232	45.57977	9.8
-122.697232	45.580238	10.4
-122.697233	45.58075	11.2
-122.697232	45.581278	11.6
-122.69723	45.581777	11
-122.697225	45.582188	9
-122.697235	45.582562	8.2
-122.697225	45.582915	7.8
-122.697228	45.58329	8.2
-122.697225	45.583593	6.6
-122.697222	45.583663	1.4
-122.697222	45.583913	5.6
-122.697365	45.584042	4.5
-122.698553	45.584033	9.2
-122.69921	45.584032	8.5
-122.699835	45.584048	12
-122.700232	45.584052	5.8
-122.70098	45.584023	2.9
-122.701578	45.58402	9.2
-122.702142	45.58402	8.6
-122.70269	45.584038	8.6
-122.703273	45.584022	9
-122.703907	45.584027	9.8
-122.704542	45.584025	9.8
-122.70514	45.584025	9.2
-122.705773	45.584032	9.8
-122.706412	45.58403	9.8
-122.707043	45.584028	9.8
-122.707593	45.584035	8.4
-122.707743	45.584038	2
-122.70776	45.584038	0.1333333333
-122.708105	45.584037	5.4
-122.708553	45.584037	7
-122.708962	45.58404	6.4
-122.709507	45.584043	8.4
-122.709982	45.584045	7.2
-122.710493	45.584043	8
-122.710938	45.584043	6.8
-122.711335	45.584045	6.2
-122.711868	45.584045	8.2
-122.71234	45.584048	7.2
-122.712897	45.584057	8.6
-122.713303	45.58406	6.2
-122.713397	45.584062	1.4
-122.713872	45.58406	7.6
-122.714347	45.58407	7.2
-122.714833	45.584087	7.6
-122.715397	45.584108	8.6
-122.715952	45.584107	8.6
-122.716462	45.584107	7.8
-122.716782	45.584098	5
-122.717227	45.584088	7
-122.717777	45.584087	8.4
-122.718288	45.584085	6.5
-122.718957	45.58408	8.6666666667
-122.719448	45.584077	7.6
-122.719995	45.584072	8.6
-122.720482	45.584072	7.4
-122.721012	45.584053	8.2
-122.721495	45.584043	7.4
-122.721872	45.584158	6.4
-122.722292	45.584318	7.4
-122.722458	45.584382	2.4
-122.722623	45.584417	3
-122.723212	45.583773	7.9090909091
-122.723472	45.583393	9.2
-122.723758	45.582993	9.8
-122.723958	45.582695	6.8
-122.723985	45.582632	1
-122.723992	45.582617	0.0666666667
-122.724157	45.582388	6.2
-122.724438	45.581993	9.8
-122.724767	45.581538	11.2
-122.725102	45.581083	11.4
-122.725777	45.580165	11.3
-122.72614	45.57968	12.2
-122.726872	45.578718	12
-122.72723	45.578238	12
-122.727933	45.577303	11.6
-122.728275	45.57686	11
-122.728568	45.57652	8.4
-122.728703	45.576358	3.6
-122.72872	45.576338	0.5
-122.72872	45.576338	6.7446871602
-122.727138	45.439392	0.0402542373
-122.72714	45.438908	11.2
-122.727132	45.43836	12.2
-122.726977	45.437795	13
-122.726627	45.437252	13.2
-122.726112	45.436772	13.4
-122.725427	45.436388	17.25
-122.724593	45.43612	14.2
-122.723672	45.436003	14.6
-122.722737	45.43593	14.8
-122.721805	45.435868	11.6
-122.720925	45.435788	13.8
-122.72033	45.435638	10
-122.720168	45.435547	3.6
-122.72003	45.435495	0.5333333333
-122.719708	45.435582	4.6
-122.719332	45.435823	8
-122.718918	45.436077	8.4
-122.7185	45.43631	8.2
-122.717938	45.43639	9
-122.717397	45.436187	9.4
-122.716937	45.435855	10.2
-122.716503	45.43549	10.6
-122.716067	45.43516	10
-122.715722	45.43494	7.2
-122.715627	45.434873	2
-122.7156	45.434698	3.8
-122.715912	45.43446	7
-122.716262	45.434168	8.6
-122.716465	45.433823	8.2
-122.7163	45.433465	8.2
-122.716033	45.433105	4.2254489217
-122.715917	45.432715	8.6
-122.715965	45.43229	9.4
-122.715997	45.431837	10
-122.716025	45.431402	9.6
-122.71615	45.431005	9
-122.716487	45.430738	8
-122.717017	45.430758	8.4
-122.717495	45.430997	9
-122.717963	45.431047	7.8
-122.718083	45.431032	1.8
-122.71838	45.431142	5
-122.718687	45.431362	7
-122.719127	45.431655	9.4
-122.719438	45.432073	10.4
-122.719443	45.432555	10.4
-122.719287	45.433008	10.8
-122.719207	45.433477	10.6
-122.719373	45.433987	11.6
-122.719607	45.434532	12.4
-122.719832	45.435075	12.6
-122.720133	45.435568	11.8
-122.720765	45.435867	12
-122.721623	45.435935	13.4
-122.72253	45.436007	14.2
-122.723443	45.436085	14.2
-122.724343	45.436173	14.2
-122.725202	45.436397	14.2
-122.725932	45.436818	14.2
-122.726507	45.437303	13.8
-122.726903	45.437867	13.8
-122.72707	45.438488	13.8
-122.727027	45.439113	13.8
-122.727027	45.439697	12.8
-122.727075	45.440335	14.2
-122.72709	45.441847	16.7
-122.727087	45.442667	18
-122.727093	45.443473	17.8
-122.727075	45.444255	17
-122.726968	45.444785	11.2
-122.726843	45.445027	5.2
-122.72681	45.445082	1.2
-122.72681	45.445082	0
-122.726777	45.445137	1.75
-122.726615	45.445377	6
-122.726372	45.445733	8.8
-122.726073	45.446178	10.8
-122.725738	45.446677	12.2
-122.725377	45.447222	13.4
-122.725027	45.447785	13.4
-122.724695	45.448362	13.8
-122.724363	45.448943	13.8
-122.724027	45.449523	13.8
-122.723667	45.450108	14
-122.723195	45.45064	13.8
-122.722697	45.451172	14
-122.722297	45.45176	14.4
-122.721917	45.452327	13.8
-122.721608	45.452798	11.2
-122.721378	45.453153	8.4
-122.721287	45.45331	0.5666666667
-122.72111	45.453572	6.6
-122.720827	45.454012	11
-122.72056	45.454423	9.6
-122.720478	45.454553	2.6
-122.720488	45.454685	3.2
-122.720923	45.454752	7.4
-122.722675	45.454743	13.7
-122.723697	45.454747	16
-122.724638	45.454745	14.4
-122.725507	45.454752	13.2
-122.72608	45.454763	8.2
-122.72629	45.455023	7.4
-122.726318	45.455588	12.4
-122.72636	45.45617	13
-122.726582	45.45679	14.2
-122.726843	45.457402	14.2
-122.726965	45.458045	14.4
-122.726853	45.45869	14.4
-122.72651	45.459337	15.2
-122.726103	45.45994	14.6
-122.725405	45.460448	16
-122.724593	45.461	17.6
-122.724155	45.461655	15.8
-122.723678	45.462158	13.2
-122.723173	45.46257	12
-122.723102	45.463112	11.8
-122.723098	45.463663	12.2
-122.72311	45.464243	12.8
-122.723118	45.464812	4.3948873484
-122.723127	45.46523	8.6
-122.723113	45.46533	2.2
-122.722852	45.465523	6
-122.722407	45.465748	8.8
-122.72192	45.465995	9.4
-122.721403	45.466213	9.2
-122.720792	45.466258	9.6
-122.720155	45.466228	10
-122.719515	45.466272	10
-122.718892	45.466422	10.4
-122.718338	45.466627	9.4
-122.71812	45.466725	3.4
-122.717797	45.466842	5.3333333333
-122.717242	45.466955	9
-122.716688	45.46696	8.2
-122.716395	45.46682	4.6
-122.716395	45.46682	0
-122.716395	45.46682	0
-122.716372	45.46683	1.6666666667
-122.716157	45.466862	3.6
-122.71584	45.467093	7.2
-122.71545	45.467347	8.2
-122.71499	45.467535	8.2
-122.71452	45.46764	7.4
-122.714093	45.467717	6.8
-122.713748	45.46779	5.2
-122.713478	45.46786	4.4
-122.713192	45.467943	5
-122.713003	45.468	2.6
-122.712877	45.468035	2.4
-122.712568	45.468123	5.4
-122.712183	45.468237	6.6
-122.711755	45.468348	7.2
-122.711307	45.468435	7.2
-122.710852	45.468495	7.2
-122.710403	45.468542	6.8
-122.70953	45.468673	2.3666666667
-122.70899	45.46887	9.6
-122.708493	45.469212	11
-122.707992	45.4696	11.6
-122.70769	45.470072	11.4
-122.707652	45.470498	8.6
-122.707697	45.471128	2.4
-122.707705	45.471602	10.8
-122.707723	45.472172	12.8
-122.707747	45.472765	13
-122.707745	45.473335	9
-122.70772	45.473862	11.4
-122.707708	45.474413	12.4
-122.707628	45.475443	11.2
-122.70728	45.475828	10
-122.70664	45.47605	11.4
-122.705792	45.47606	13.4
-122.704027	45.476032	13.6
-122.703157	45.476012	13.4
-122.702392	45.476138	12
-122.701847	45.476532	12.2
-122.70133	45.47697	12.6
-122.700802	45.477373	12
-122.700108	45.477562	11.4
-122.699383	45.477673	11.6
-122.69862	45.477778	12
-122.697955	45.477882	10
-122.697527	45.477945	6
-122.697402	45.477963	1.4
-122.697163	45.477992	4.8
-122.696693	45.47806	7.6
-122.696138	45.478163	9
-122.69549	45.478283	10.8
-122.69482	45.478407	10.6
-122.694133	45.478527	11.2
-122.693418	45.478687	11.2
-122.69297	45.4788	6.4
-122.692545	45.478992	1.4
-122.691927	45.479243	11
-122.691168	45.47953	13.4
-122.690347	45.479837	14.4
-122.68951	45.480138	14.6
-122.6886	45.480245	14.4
-122.687917	45.480187	13.25
-122.6875	45.480145	5.5
-122.68739	45.480138	2.25
-122.687387	45.480137	0
-122.687387	45.480137	0
-122.687197	45.480147	2.8
-122.686082	45.480322	8.8
-122.685327	45.48031	11.8
-122.684503	45.480147	13.2
-122.683583	45.479965	4.5897141849
-122.682547	45.479988	16.2
-122.68152	45.480113	16
-122.680565	45.48027	15.2
-122.680043	45.480782	12.6
-122.680202	45.481413	14.8
-122.680475	45.482248	19.8
-122.680627	45.483133	20
-122.680877	45.483977	19.2
-122.681437	45.484737	19.2
-122.682017	45.485492	19.2
-122.682313	45.486278	17.8
-122.682547	45.487012	16.6
-122.682707	45.487692	15.2
-122.682737	45.488393	15.4
-122.68254	45.489068	15
-122.681997	45.489655	15.4
-122.681188	45.490097	16
-122.6802	45.490362	16.4
-122.679222	45.490582	15.8
-122.678362	45.49087	14.8
-122.677718	45.491288	13.4
-122.676868	45.492578	15.8
-122.67684	45.493317	16.4
-122.677015	45.494053	16.6
-122.677225	45.494773	16.2
-122.67766	45.49542	15.8
-122.678147	45.496008	15
-122.678532	45.49662	14.8
-122.678877	45.497235	14.6
-122.679203	45.497827	14
-122.679522	45.498398	13.4
-122.679827	45.498952	13.2
-122.680437	45.500057	13
-122.680748	45.50061	13.2
-122.681363	45.50172	13.1
-122.681675	45.50227	13
-122.681945	45.502795	12.2
-122.682035	45.503315	11.6
-122.682003	45.503802	10.6
-122.681995	45.504273	10.4
-122.681983	45.504742	10.4
-122.68198	45.505195	10
-122.681973	45.50566	10.2
-122.681985	45.506067	8.8
-122.681978	45.50645	8.4
-122.681958	45.506847	8.8
-122.681952	45.507232	8.4
-122.68195	45.507535	6.6
-122.681948	45.507718	3.8
-122.681945	45.50786	3.2
-122.681915	45.50812	5.8
-122.681868	45.50843	7
-122.681783	45.50876	7.4
-122.681648	45.509068	7
-122.68149	45.509338	6.4
-122.681395	45.509473	3
-122.6811	45.5102	3.44
-122.680898	45.510528	7.8
-122.680732	45.510828	7
-122.68058	45.511112	6.6
-122.680432	45.511392	6.6
-122.680275	45.511657	6.2
-122.680185	45.511827	4
-122.680448	45.511982	4.4
-122.680798	45.51207	5.6
-122.68099	45.512115	2.6
-122.681067	45.512135	0.1555555556
-122.681373	45.512215	5.2
-122.681693	45.512288	5.2
-122.681938	45.512347	3.8
-122.682025	45.512365	1.2
-122.682047	45.51237	0.1
-122.682163	45.51245	2.6
-122.682108	45.512658	4.6
-122.681945	45.512865	5
-122.68187	45.513018	3.6
-122.681613	45.513542	6.2
-122.681425	45.513835	6.8
-122.681233	45.514108	6.6
-122.681153	45.514238	2.6
-122.681142	45.514275	0.0769230769
-122.681077	45.514463	4.6
-122.680962	45.51471	5.6
-122.68083	45.514965	6.2
-122.68069	45.515232	6.2
-122.68054	45.515512	6.6
-122.680365	45.51585	6.6666666667
-122.680212	45.51615	4.7034694774
-122.680015	45.51649	8.2
-122.679827	45.516787	6.8
-122.679763	45.516898	2
-122.679558	45.517383	0.8714285714
-122.679407	45.517688	7
-122.679252	45.51798	6.8
-122.679135	45.518205	5
-122.679022	45.518425	5.2
-122.67891	45.518637	4
-122.678823	45.518787	4
-122.678772	45.518873	0.55
-122.67873	45.518955	1.6
-122.678728	45.518957	0.04
-122.678682	45.519047	2.6
-122.678578	45.519255	5.2
-122.678453	45.519502	5.6
-122.67834	45.519708	5
-122.678173	45.519952	6
-122.678052	45.52017	4.8
-122.67792	45.520503	0.2058823529
-122.677803	45.520753	7.25
-122.677703	45.520927	4
-122.677595	45.521118	4.6
-122.67748	45.521343	5.2
-122.67736	45.521567	5.4
-122.677235	45.521813	5.6
-122.677105	45.522063	6
-122.677003	45.522248	4.2
-122.676958	45.522318	0.6
-122.676805	45.522552	5.6
-122.676642	45.522835	6.8
-122.676545	45.52312	6.4
-122.67654	45.523392	6
-122.676527	45.523558	3.8
-122.676507	45.523615	0.28
-122.676478	45.523805	4.4
-122.67647	45.52406	5.6
-122.676478	45.524265	4.6
-122.676485	45.524318	1
-122.676485	45.524318	0
-122.676485	45.52432	0
-122.676485	45.52432	1
-122.676493	45.52445	3.5
-122.676503	45.52472	6
-122.676517	45.524947	4.8
-122.676538	45.525065	2.6
-122.676317	45.52519	3.2
-122.676028	45.525207	4.8
-122.675723	45.525185	4.6
-122.674972	45.525215	1.7142857143
-122.674582	45.525218	5.8
-122.674187	45.525225	6.2
-122.673765	45.525232	6.4
-122.673322	45.525242	6.8
-122.672912	45.525247	6.4
-122.672642	45.525247	4
-122.671858	45.52527	2.44
-122.671648	45.525277	3
-122.671618	45.525277	0.04
-122.671343	45.525303	4.6
-122.670913	45.5255	7.8
-122.670678	45.52587	8.4
-122.670718	45.526257	8.8
-122.670732	45.526648	8.8
-122.670417	45.526957	8.4
-122.669918	45.52717	9.2
-122.669338	45.527413	10.6
-122.668762	45.527652	10.4
-122.668193	45.52791	10.4
-122.667655	45.528205	10.6
-122.667135	45.528498	10.4
-122.66654	45.528683	10
-122.66605	45.528695	7.2
-122.665907	45.528687	1.8
-122.665907	45.528687	0
-122.665907	45.528687	0.3333333333
-122.665883	45.528683	2
-122.665688	45.52873	3.6
-122.665637	45.529027	6.8
-122.6657	45.529363	7.4
-122.665658	45.529658	6.2
-122.66563	45.529845	4
-122.665635	45.529888	0.6
-122.665635	45.529888	0
-122.665638	45.53002	3.2
-122.665628	45.530252	5.2
-122.66561	45.530468	4.6
-122.665613	45.530562	1.6
-122.665713	45.531078	4.4279203241
-122.665723	45.531467	8.6
-122.665745	45.531878	9
-122.665893	45.532285	9.2
-122.66619	45.532617	8.2
-122.666455	45.532828	5.6
-122.666532	45.532877	1
-122.666578	45.532913	0.5333333333
-122.666718	45.533158	6
-122.666745	45.533477	7.2
-122.666737	45.533813	7.4
-122.66668	45.534095	6
-122.666657	45.534268	3.2
-122.666672	45.534388	2.5
-122.666683	45.53467	5.3333333333
-122.666687	45.534917	5.4
-122.666692	45.535217	5.5
-122.6667	45.53548	5.8
-122.666688	45.535735	5.4
-122.666715	45.536302	2.6
-122.666707	45.536688	8.6
-122.666707	45.537085	8.8
-122.666712	45.53747	8.4
-122.66671	45.537833	7.8
-122.66671	45.538105	6
-122.66671	45.53844	7.6
-122.6667	45.539232	8.7
-122.666698	45.539628	8.8
-122.666698	45.540025	8.8
-122.66669	45.540428	8.8
-122.666688	45.540838	9
-122.66666	45.54119	7.4
-122.666647	45.541353	2.6
-122.666673	45.541888	2.6
-122.666678	45.542247	8
-122.666655	45.5426	7.6
-122.666648	45.542938	7.6
-122.666663	45.543287	7.6
-122.666663	45.543617	7.2
-122.666658	45.54393	6.8
-122.666655	45.544267	7.6
-122.666655	45.544632	8
-122.66666	45.545007	6.8
-122.666665	45.54538	8.2
-122.666668	45.545752	8.2
-122.666665	45.546118	8
-122.666665	45.546488	8.2
-122.666663	45.546852	8
-122.666687	45.547193	7.6
-122.666712	45.547397	4.6
-122.666717	45.547485	1.8
-122.66671	45.547782	6.4
-122.66669	45.548163	8.6
-122.666678	45.548583	9.2
-122.666682	45.548988	8.8
-122.66669	45.549378	8.6
-122.666692	45.549763	8.4
-122.666697	45.550147	8.6
-122.666698	45.550523	8.2
-122.6667	45.550892	8
-122.666705	45.551258	8.2
-122.666712	45.551602	7.6
-122.666713	45.551833	5
-122.666712	45.5519	0.5333333333
-122.666713	45.552043	3.2
-122.666712	45.552295	5.4
-122.666717	45.552613	7
-122.666718	45.552965	7.8
-122.666718	45.553333	8.2
-122.66672	45.553697	8
-122.666728	45.55406	7.8
-122.666735	45.554405	7.6
-122.666735	45.55474	7.6
-122.66674	45.555082	7.4
-122.666745	45.55544	7.8
-122.666738	45.55582	8.4
-122.666733	45.55621	10.75
-122.666727	45.556597	8.6
-122.666718	45.556987	8.6
-122.66671	45.557357	8
-122.666673	45.557573	4.8
-122.666688	45.557892	1.75
-122.666687	45.5582	6.8
-122.66668	45.55849	6.4
-122.666675	45.55875	5.8
-122.666707	45.55902	6
-122.66685	45.559275	6
-122.666895	45.55958	6.8
-122.6669	45.559942	7.8
-122.666903	45.560322	4.3179088064
-122.666908	45.5607	8.4
-122.666912	45.561073	8.2
-122.666917	45.561443	8.2
-122.666917	45.561823	8.4
-122.666932	45.562178	7.6
-122.666957	45.562428	5.6
-122.666955	45.562575	3
-122.666925	45.562725	2.8333333333
-122.667147	45.562802	5
-122.667585	45.56279	6.8
-122.668038	45.562795	6.8
-122.668283	45.562798	3.4
-122.668778	45.562997	1.8
-122.66877	45.563298	6.6
-122.66877	45.563635	7.4
-122.66877	45.564357	7.9
-122.668773	45.564727	8.2
-122.668777	45.565085	7.8
-122.66878	45.565427	7.4
-122.668792	45.56576	7.4
-122.668797	45.566067	6.6
-122.668795	45.566268	4.2
-122.668793	45.566315	0.25
-122.668797	45.566497	4.2
-122.66881	45.566817	7.2
-122.668818	45.56716	7.6
-122.668825	45.567473	6.8
-122.66883	45.567825	7.8
-122.668838	45.568148	7
-122.668847	45.568482	7.4
-122.66886	45.568855	8.2
-122.668865	45.5692	7.4
-122.668872	45.56949	6.4
-122.66887	45.569745	5.6
-122.668868	45.569838	1.8
-122.66887	45.569933	2
-122.668972	45.570028	2.8
-122.669322	45.570045	5.6
-122.66979	45.570017	7.2
-122.670317	45.569997	8.2
-122.670858	45.569995	8.2
-122.671425	45.569995	8.8
-122.67191	45.569992	7.2
-122.672155	45.569988	3.4
-122.672318	45.569987	2.6
-122.673147	45.56998	6.5
-122.673668	45.569977	8.2
-122.674165	45.569977	7.4
-122.67453	45.570003	5.4
-122.67505	45.56997	1.1714285714
-122.675495	45.569965	7
-122.67597	45.569963	7.4
-122.676443	45.56996	7.2
-122.676945	45.569965	7.8
-122.677473	45.569965	8.2
-122.678002	45.569962	8.2
-122.678507	45.569958	7.6
-122.679022	45.569958	8
-122.679543	45.569955	8.2
-122.680058	45.56995	7.8
-122.680565	45.569942	7.8
-122.68104	45.569938	7.2
-122.681455	45.56994	6.4
-122.68173	45.569965	3.8
-122.682868	45.56994	3.72
-122.683493	45.569937	9.6
-122.684122	45.569937	9.8
-122.68475	45.569937	9.6
-122.685357	45.569943	9.2
-122.685932	45.56995	9
-122.686485	45.569947	8.4
-122.68705	45.569943	8.8
-122.687635	45.569945	9.2
-122.688247	45.569943	9.4
-122.688872	45.569935	9.8
-122.689507	45.569942	9.8
-122.690148	45.569955	10
-122.690798	45.569942	10
-122.691453	45.56994	10
-122.692112	45.569945	10.2
-122.692772	45.569953	10.4
-122.693422	45.569953	9.8
-122.694047	45.569957	9.6
-122.694665	45.569973	9.6
-122.695268	45.569985	9.4
-122.695832	45.569985	8.6
-122.696408	45.56998	9
-122.697003	45.569967	9.2
-122.697607	45.569962	4.8630753038
-122.698202	45.56996	9.2
-122.69878	45.569962	8.8
-122.699308	45.569965	8
-122.699725	45.569968	6.2
-122.700042	45.570055	5.2
-122.700233	45.570388	6.6666666667
-122.700427	45.570755	8.8
-122.700663	45.571165	10
-122.70098	45.571577	10.2
-122.701358	45.571987	10.8
-122.701762	45.572405	11.2
-122.702215	45.572805	11.2
-122.702678	45.573167	10.4
-122.703035	45.57343	7.2
-122.70356	45.573665	2
-122.70402	45.573873	8.8
-122.704572	45.574075	9.6
-122.705177	45.574258	10.2
-122.705783	45.574433	10.2
-122.706387	45.574593	9.8
-122.707007	45.574748	10.2
-122.707645	45.574902	10.6
-122.708305	45.575028	10.6
-122.708975	45.575118	10.4
-122.709637	45.575172	10.4
-122.710302	45.575207	10.2
-122.710973	45.575238	10.6
-122.711657	45.57527	8.4
-122.712357	45.575292	10.8
-122.713065	45.575307	11
-122.713758	45.575303	10.8
-122.71447	45.575257	11
-122.715198	45.575153	11.4
-122.715922	45.575027	11.6
-122.716632	45.574898	11.4
-122.717337	45.574773	11.2
-122.718037	45.574648	11.2
-122.71872	45.574493	11
-122.719365	45.574285	11
-122.719993	45.574058	11
-122.720593	45.573825	10.6
-122.721107	45.573565	9.8
-122.72158	45.573403	8.2
-122.722097	45.573515	8.4
-122.722667	45.573738	9.8
-122.72327	45.57397	10.8
-122.723883	45.57422	10.8
-122.72453	45.574455	11.2
-122.725187	45.574692	11.6
-122.725845	45.574937	11.4
-122.726497	45.57518	11.4
-122.727157	45.575423	11.6
-122.727807	45.575662	11.2
-122.728438	45.575895	11
-122.729058	45.576123	10.8
-122.72969	45.576357	11
-122.730327	45.576595	11.2
-122.730967	45.576832	11.2
-122.731618	45.577072	11.4
-122.732908	45.57754	11.2
-122.73352	45.577813	11.2
-122.733992	45.578192	11
-122.734435	45.578582	11
-122.734877	45.578972	10.8
-122.73532	45.579352	10.8
-122.735898	45.579607	10.6
-122.736537	45.579808	10.8
-122.737173	45.580018	11
-122.737795	45.580245	10.8
-122.738392	45.580512	11
-122.738962	45.580792	10.6
-122.73938	45.58117	10.6
-122.739745	45.58157	10.4
-122.740533	45.58216	10.2222222222
-122.741072	45.582315	9
-122.741578	45.58244	8.4
-122.742078	45.582425	7.6
-122.742382	45.58244	4.6
-122.743015	45.582613	1.08
-122.743455	45.58284	8.4
-122.743827	45.583143	8.8
-122.744087	45.583452	7.8
-122.744237	45.583618	4.2
-122.7445	45.583763	1.04
-122.744902	45.583912	7.2
-122.745352	45.584062	7.6
-122.745813	45.584212	8
-122.746275	45.58436	7.8
-122.74675	45.584518	4.8845602979
-122.747243	45.58468	8.4
-122.747748	45.584842	8.6
-122.74826	45.58501	8.6
-122.748775	45.585177	8.8
-122.7493	45.585342	9
-122.750405	45.585702	9.4
-122.750968	45.585885	9.6
-122.751533	45.58607	9.6
-122.752072	45.586247	9.2
-122.752498	45.586383	7
-122.752582	45.586408	1
-122.75271	45.58648	2.3333333333
-122.752632	45.586695	6
-122.752425	45.58699	7.6
-122.752183	45.58735	8.8
-122.751998	45.587597	5.6
-122.751648	45.588082	1.6857142857
-122.751535	45.588243	3.4
-122.751502	45.588343	0.3714285714
-122.751883	45.588558	8
-122.752293	45.588655	6.2
-122.752322	45.588847	5
-122.75212	45.589167	7.4
-122.752058	45.589248	1.6
-122.752133	45.589383	3.8
-122.752495	45.5895	6.2
-122.752872	45.589608	6.2
-122.753248	45.589722	6.2
-122.75399	45.589948	4.7692307692
-122.754305	45.590043	4.8
-122.754407	45.590075	1.8
-122.754698	45.590168	5
-122.683585	45.60065	4.6444530946
-122.683332	45.601728	24.2
-122.683027	45.6028	24
-122.68271	45.603877	24.2
-122.682405	45.60493	23.6
-122.682058	45.60588	21.6
-122.681658	45.606743	20
-122.681245	45.607542	18.6
-122.680793	45.608325	18.6
-122.680328	45.609102	18.6
-122.679875	45.609852	17.8
-122.679392	45.6105	16.2
-122.678777	45.610887	12.8
-122.678098	45.610965	10.4
-122.67761	45.611063	7.8
-122.67742	45.611197	4
-122.677273	45.611718	1.9666666667
-122.677337	45.612242	11.6
-122.677748	45.61273	12.6
-122.678453	45.613042	12.8
-122.679012	45.613217	9.4
-122.679257	45.613272	3.8
-122.679305	45.61328	0.8
-122.67951	45.613305	1.1333333333
-122.679893	45.613305	6
-122.68016	45.613098	6.2
-122.680383	45.61269	10.2
-122.680602	45.612307	9
-122.680697	45.612137	3.8
-122.680707	45.612115	0.0857142857
-122.68084	45.61189	5.6
-122.681013	45.611567	7.6
-122.681067	45.611315	5.4
-122.681073	45.61126	1
-122.666488	45.590765	4.5907884465
-122.66629	45.590972	5.4
-122.665773	45.590982	8.4
-122.665247	45.590868	8.2
-122.665035	45.590802	3
-122.664015	45.590483	4.6
-122.663328	45.59029	11.2
-122.662765	45.590212	8.4
-122.66248	45.590212	3.8
-122.662427	45.590213	0.6
-122.662245	45.590263	2.6666666667
-122.662252	45.590463	4.8
-122.662415	45.590845	9.4
-122.662722	45.591373	12.8
-122.66321	45.591945	14.8
-122.664015	45.592588	15.8333333333
-122.664617	45.593032	16.75
-122.665403	45.593597	17.4
-122.667148	45.59487	17.7272727273
-122.66793	45.59544	17.2
-122.668648	45.595967	15.8
-122.669298	45.59644	14.4
-122.669965	45.596922	14.8
-122.670632	45.59741	14.8
-122.671325	45.597923	15.8
-122.672073	45.598465	16.8
-122.67283	45.599023	16.8
-122.673598	45.599585	17.2
-122.674372	45.600145	17.2
-122.675115	45.600687	16.4
-122.675823	45.601202	15.6
-122.676477	45.60168	14.4
-122.67698	45.602053	10.6
-122.677218	45.602235	4.6
-122.677973	45.60273	2.05
-122.678065	45.602797	1.4
-122.678147	45.602857	2.4
-122.678322	45.602942	4
-122.678683	45.602785	6.1666666667
-122.67917	45.602437	11.4
-122.67964	45.601968	12.6
-122.679578	45.60145	11.4
-122.679007	45.60112	12.2
-122.678233	45.600762	15
-122.677417	45.600257	17
-122.676612	45.599685	17.8
-122.675788	45.599095	18
-122.67502	45.598527	17
-122.674303	45.598002	15.8
-122.673702	45.597557	12.8
-122.673352	45.597288	7.2
-122.673305	45.597105	3
-122.673607	45.596905	7.6
-122.674182	45.596753	9.8
-122.674817	45.596732	9.6
-122.675195	45.596718	4.2
-122.675572	45.596688	1.4
-122.676198	45.596647	9.6
-122.676953	45.596593	11.8
-122.677617	45.596432	10.8
-122.67815	45.596133	10.2
-122.678525	45.59571	11
-122.678665	45.595208	11.2
-122.67867	45.594743	10.2
-122.678675	45.594523	5
-122.678628	45.59406	1.7
-122.678673	45.593572	10.8
-122.679	45.59314	10.6
-122.679578	45.592913	10.4
-122.680257	45.592897	10.6
-122.680887	45.592823	9.8
-122.681283	45.592747	6.4
-122.68139	45.592725	1.8
-122.681565	45.592797	3
-122.681642	45.59299	4.4
-122.682072	45.593853	3.4
-122.682215	45.59419	7.6
-122.682558	45.59474	1.625
-122.682878	45.594848	6.75
-122.682943	45.594857	0.8333333333
-122.682943	45.594857	0
-122.683037	45.594872	2.6666666667
-122.683272	45.595072	6
-122.683488	45.595542	10.8
-122.683808	45.596163	14.6
-122.684147	45.59694	18
-122.68407	45.597812	19.2
-122.683943	45.598698	19.6
-122.683803	45.599635	20.8
-122.703377	45.544297	5.0538904253
-122.704495	45.54466	19.2
-122.705612	45.545003	18.8
-122.706713	45.545345	18.6
-122.70779	45.545682	18.2
-122.708863	45.546015	18.2
-122.709958	45.546355	18.6
-122.71108	45.546688	19
-122.712257	45.547023	19.6
-122.71344	45.547445	20.8
-122.714655	45.547888	21.2
-122.715843	45.548325	20.6
-122.717002	45.548748	20.2
-122.718147	45.549168	20
-122.71926	45.549575	19.4
-122.720402	45.549995	20
-122.721543	45.550412	19.8
-122.722668	45.550815	19.6
-122.723812	45.55118	19.4
-122.724953	45.551597	20
-122.726082	45.55205	20.2
-122.727175	45.552497	19.4
-122.728273	45.552947	19.8
-122.729407	45.553408	20.2
-122.730538	45.553867	20.2
-122.731645	45.554317	19.8
-122.732712	45.554753	19
-122.73372	45.555238	19
-122.734563	45.555883	19.4
-122.735472	45.55653	20.2
-122.736615	45.557048	21.2
-122.737815	45.557545	21.6
-122.73885	45.558222	22
-122.739798	45.558958	21.8
-122.740745	45.55968	21.6
-122.741643	45.560368	20.4
-122.742533	45.561072	20.8
-122.743413	45.561795	21
-122.744295	45.562502	20.6
-122.745188	45.563218	21
-122.746118	45.563935	21.4
-122.74709	45.564628	21.6
-122.748083	45.565315	21.6
-122.749073	45.565988	21.2
-122.750082	45.56666	21.6
-122.751085	45.56733	21.4
-122.752088	45.567972	21
-122.753073	45.568632	21
-122.754043	45.569287	20.8
-122.754942	45.569988	20.8
-122.75565	45.570797	21
-122.756228	45.571658	21
-122.756932	45.572482	21.2
-122.75769	45.57327	20.8
-122.758438	45.57406	21
-122.759168	45.574853	20.8
-122.759928	45.57563	20.6
-122.760655	45.576358	19.4
-122.761283	45.576987	16.6
-122.761597	45.577312	7.8
-122.761648	45.577365	0.3
-122.761922	45.577517	5.8
-122.76237	45.577828	10.2
-122.762855	45.578302	13
-122.763422	45.578798	14.2
-122.764045	45.57931	14.8
-122.764702	45.57984	15.6
-122.765383	45.580375	16
-122.766098	45.58091	16.2
-122.766817	45.581447	16.2
-122.76752	45.581993	16.2
-122.768157	45.582543	15.6
-122.768615	45.582948	10.8
-122.76857	45.583295	7.6
-122.768033	45.58355	10.4
-122.767332	45.583872	12.8
-122.766563	45.584233	14.2
-122.765732	45.584625	15.6
-122.764862	45.585037	16.2
-122.763955	45.585463	16.8
-122.763063	45.585888	16.6
-122.762182	45.586303	16.4
-122.761285	45.586728	16.8
-122.7604	45.58715	16.2
-122.759682	45.58749	13.2
-122.759012	45.58781	12.6
-122.758305	45.588147	13.2
-122.757607	45.588502	13.2
-122.756397	45.589095	5.0303947959
-122.7556	45.589732	6.7333333333
-122.755898	45.590018	7.8
-122.756238	45.590348	9
-122.756595	45.59071	9.8
-122.756982	45.591092	10.2
-122.75738	45.591478	10.4
-122.757755	45.59185	10
-122.758073	45.592188	8.6
-122.758308	45.592455	6.6
-122.758137	45.59267	5.6
-122.757823	45.592825	5.4
-122.757762	45.592852	0.0666666667
-122.757667	45.59292	3
-122.757793	45.593237	6.8333333333
-122.758163	45.5936	9.8
-122.758533	45.593967	9.8
-122.758877	45.59431	9.2
-122.759243	45.594675	9.8
-122.759642	45.595075	10.8
-122.76006	45.595502	11.4
-122.76047	45.595915	11
-122.760648	45.596325	9.4
-122.760552	45.596772	10.6
-122.760835	45.597287	12.2
-122.761168	45.597807	12.6
-122.7615	45.598318	12.4
-122.761843	45.598883	13.6
-122.762195	45.599465	13.8
-122.762543	45.600043	13.8
-122.762902	45.600625	14
-122.763195	45.601192	13.2
-122.763468	45.601658	10.6
-122.763563	45.601903	5.4
-122.763205	45.602025	5.1666666667
-122.763003	45.60206	2.6
-122.762948	45.602072	1
-122.762948	45.602072	0
-122.762948	45.602072	0
-122.762948	45.602072	0
-122.762948	45.602072	0
-122.762948	45.602072	0
-122.762948	45.602072	0
-122.762948	45.602072	0
-122.762948	45.602072	0
-122.762948	45.602072	0
-122.762948	45.602072	0
-122.762948	45.602072	0
-122.648338	45.49275	5.1265607713
-122.648393	45.492972	5.4
-122.648383	45.493385	9.2
-122.64837	45.493872	10.8
-122.648385	45.494382	11.2
-122.648377	45.49493	12.2
-122.64834	45.495522	13.2
-122.648207	45.496147	13.8
-122.648095	45.496728	12.8
-122.64804	45.49731	12.8
-122.64802	45.498525	13.5
-122.648447	45.499087	14.2
-122.64893	45.499683	15
-122.649378	45.500195	13
-122.650122	45.500427	13.2
-122.65113	45.500518	16.2
-122.652148	45.500727	16.4
-122.652978	45.500902	13
-122.653475	45.50104	7.8
-122.653715	45.501107	3.8
-122.653753	45.501118	0.5
-122.653753	45.501118	0
-122.653753	45.501118	0
-122.65389	45.501152	2.6
-122.65434	45.50125	7.6
-122.655035	45.501383	11.6
-122.655902	45.50154	14
-122.656877	45.501582	15.2
-122.657838	45.501583	14.8
-122.658767	45.501593	14.4
-122.659737	45.501605	15
-122.660677	45.501562	14.8
-122.661607	45.50149	14.4
-122.662507	45.501422	14.2
-122.663425	45.501353	14.2
-122.664328	45.501283	14.2
-122.66521	45.501217	13.6
-122.666048	45.501152	13.2
-122.667892	45.501012	5.1366548872
-122.668865	45.50094	15.2
-122.669838	45.500865	15.2
-122.670818	45.500788	15.2
-122.67179	45.500713	15.2
-122.67275	45.500638	15
-122.673673	45.500568	14.2
-122.674455	45.50053	12
-122.675103	45.500742	11.2
-122.67542	45.5012	11.2
-122.675425	45.501768	12.8
-122.675663	45.502288	12.2
-122.676272	45.502752	14.2
-122.676925	45.503233	14.6
-122.677453	45.503612	11.2
-122.677925	45.503773	8
-122.678288	45.50379	5.4
-122.678447	45.503795	2.2
-122.678752	45.503805	5.2
-122.67935	45.50381	9.6
-122.680012	45.50381	10.2
-122.680585	45.503912	9.2
-122.68085	45.504328	10.4
-122.680838	45.504875	12
-122.680902	45.50527	8.6
-122.681278	45.50546	7.2
-122.68153	45.505542	4
-122.681608	45.505575	1.2
-122.681615	45.505577	0
-122.681615	45.505577	0
-122.681615	45.505577	0.5
-122.681645	45.50559	1
-122.681968	45.50574	6.6
-122.682433	45.505955	8.6
-122.682902	45.506162	8.4
-122.683193	45.506305	5.2
-122.683353	45.506403	3.2
-122.683485	45.506503	3.2
-122.683808	45.506778	8.2
-122.684162	45.507073	8.4
-122.684342	45.507375	7.2
-122.684333	45.50785	10.8
-122.684543	45.508352	12
-122.685385	45.50873	15.8
-122.686333	45.509222	18.2
-122.68723	45.509785	18.8
-122.688007	45.510495	19.6
-122.688657	45.511318	20.8
-122.689162	45.512207	21
-122.689413	45.513148	21.2
-122.689278	45.51412	21.6
-122.688822	45.51506	21.8
-122.68831	45.515977	21.6
-122.687805	45.51689	21.6
-122.68731	45.517822	21.8
-122.686795	45.518768	22.4
-122.686265	45.519733	22.8
-122.685813	45.520577	19.4
-122.685545	45.521347	17.2
-122.685698	45.522508	12.8
-122.686012	45.523133	14.8
-122.686413	45.523893	17.8
-122.686637	45.524773	20
-122.686695	45.525702	20.4
-122.686738	45.526655	21
-122.686778	45.527632	21.6
-122.68682	45.528593	21.2
-122.686862	45.52955	21
-122.686897	45.530532	21.8
-122.687012	45.53152	21.8
-122.687167	45.532495	21.6
-122.687398	45.533437	21
-122.68809	45.534218	20.4
-122.689215	45.534735	20.8
-122.690423	45.535167	21
-122.691658	45.535602	21.4
-122.692933	45.536028	21.8
-122.694278	45.536368	22.2
-122.695638	45.536688	22.2
-122.696945	45.537095	22.2
-122.697903	45.537792	21.4
-122.698325	45.538703	21
-122.698385	45.539583	19.2
-122.698415	45.540347	16.6
-122.698542	45.541005	14.6
-122.699082	45.54155	14.8
-122.69985	45.542057	16.6
-122.700692	45.54261	18
-122.701573	45.543192	18.8
-122.65681	45.503427	4.7717171717
-122.656792	45.503882	10
-122.65678	45.504292	8.8
-122.656895	45.504653	8.2
-122.657308	45.504868	7.8
-122.65753	45.504892	3.4
-122.657723	45.504902	3
-122.658238	45.504903	8.2
-122.658632	45.504907	5.8
-122.658805	45.50511	5.8
-122.65878	45.505538	9.2
-122.658943	45.505885	8.4
-122.65947	45.506173	10.6
-122.660128	45.506393	11.4
-122.660842	45.50651	11.2
-122.66147	45.506532	9.6
-122.661762	45.50653	4.4
-122.662077	45.506525	5.2
-122.6626	45.506533	8.2
-122.663045	45.506548	6.8
-122.663208	45.506553	2.4
-122.664007	45.506577	1.6
-122.664567	45.506523	8.8
-122.665022	45.506282	9
-122.665503	45.505963	10.4
-122.666043	45.505603	11.6
-122.666598	45.505238	11.8
-122.6671	45.504917	10.4
-122.667565	45.504613	9.8
-122.668033	45.504307	10
-122.668523	45.503992	10.2
-122.669025	45.503667	10.6
-122.669508	45.503358	10.2
-122.670068	45.50312	10
-122.670682	45.502925	10.6
-122.671277	45.502745	9.8
-122.671688	45.502628	6.6
-122.672025	45.502525	0.8285714286
-122.67254	45.502537	8.2
-122.672928	45.502802	8.4
-122.673113	45.503235	10.2
-122.673327	45.50372	11.4
-122.673588	45.504243	12.2
-122.673893	45.504765	12.4
-122.674208	45.505247	11.6
-122.674668	45.50569	12
-122.675013	45.50617	12
-122.675257	45.506695	12
-122.67543	45.507232	12.2
-122.67573	45.507697	11.2
-122.676308	45.50797	10.8
-122.676918	45.508007	9.2
-122.677253	45.507997	4.6
-122.6774	45.507995	2.6
-122.67793	45.508028	8.4
-122.6784	45.508028	7
-122.678477	45.508027	0.2
-122.678762	45.508012	4.8
-122.679283	45.507992	8.2
-122.679663	45.507992	5.4
-122.68021	45.507965	1.84
-122.680843	45.507973	9.8
-122.681433	45.507997	9
-122.681688	45.508028	3.2
-122.681798	45.50805	0.44
-122.681997	45.50825	6
-122.681925	45.50869	9.8
-122.681732	45.509118	9.8
-122.68153	45.509497	8.6
-122.681407	45.509763	5.8
-122.681547	45.509933	4.6
-122.681905	45.510025	5.8
-122.682005	45.510053	1.5
-122.682005	45.510053	0
-122.682005	45.510053	0
-122.682153	45.510092	3
-122.682577	45.510195	7
-122.682957	45.51029	5.8
-122.683083	45.510323	0.1666666667
-122.68329	45.510412	4
-122.683253	45.510685	6.4
-122.683157	45.510878	4
-122.683112	45.51095	0.5
-122.682953	45.511242	7.2
-122.682737	45.511637	9.2
-122.682497	45.511977	8
-122.682385	45.512147	3.4
-122.681995	45.51284	1.2307692308
-122.681928	45.51297	0.36
-122.681722	45.513265	4.59166391
-122.68157	45.513498	4.8
-122.681188	45.514285	4.8
-122.680978	45.514678	8.6
-122.680837	45.514935	6
-122.680653	45.51528	8.2
-122.680492	45.515568	6.8
-122.68029	45.515908	8.2
-122.68011	45.516185	4.6666666667
-122.679895	45.516713	3.4117647059
-122.679802	45.516892	4.8
-122.679693	45.517087	5.6
-122.679508	45.517433	8.4
-122.67931	45.51782	8.8
-122.679175	45.518078	7
-122.67899	45.518432	7.3333333333
-122.678853	45.518698	7.5
-122.678758	45.518883	3.4
-122.678623	45.5191	1.4090909091
-122.67842	45.519402	7
-122.678132	45.520068	1.4117647059
-122.678053	45.520222	3.6
-122.678015	45.520297	1.8
-122.677853	45.5206	7
-122.677637	45.521017	9.6
-122.677443	45.521402	7.6666666667
-122.677322	45.521557	4.75
-122.67725	45.521645	2.2
-122.677082	45.52196	6.1666666667
-122.676953	45.522182	6.5
-122.676892	45.522268	0.55
-122.67673	45.522478	5.2
-122.676562	45.522718	6
-122.676513	45.522775	1.4
-122.676433	45.52332	0.8133333333
-122.676442	45.523533	3.8333333333
-122.67644	45.523578	1
-122.676443	45.523825	6.75
-122.676455	45.524158	6.1666666667
-122.676458	45.52428	2.6
-122.67647	45.524375	0.7333333333
-122.676485	45.52469	8.5
-122.6765	45.52493	4.5
-122.67651	45.525008	1.6
-122.676538	45.52529	6.2
-122.676555	45.525627	7.4
-122.676582	45.525968	7.6
-122.676628	45.526325	9.75
-122.67663	45.526422	1.8333333333
-122.67663	45.526465	0.2105263158
-122.676637	45.526763	6.6
-122.676647	45.527062	6.6
-122.676645	45.527127	1.1666666667
-122.676645	45.527127	0
-122.676645	45.527127	0
-122.676645	45.527127	0
-122.676643	45.527135	0.3333333333
-122.676645	45.52728	4
-122.67666	45.527657	8.2
-122.676663	45.527837	4
-122.676685	45.527885	0.15
-122.676317	45.528042	5.8
-122.675875	45.528033	6.6
-122.67569	45.528027	2.1666666667
-122.675535	45.527827	5.4
-122.675553	45.527468	8.2
-122.675407	45.527315	5.25
-122.675037	45.5273	4.6666666667
-122.674837	45.527362	2.8
-122.67483	45.527502	2.4
-122.674947	45.52754	1.6
-122.67501	45.527523	1
-122.675018	45.52752	0.3333333333
-122.675018	45.52752	0
-122.678377	45.517212	0.7428571429
-122.678517	45.516917	6.6
-122.678672	45.516605	7.4
-122.678812	45.51632	6.6
-122.678892	45.516208	2.6
-122.67906	45.516018	5
-122.679213	45.515707	7.2
-122.679383	45.5154	7.4
-122.679552	45.515063	7.8
-122.67962	45.51489	4
-122.679643	45.514887	0
-122.679643	45.514887	0
-122.679643	45.514887	0
-122.67965	45.514877	0.5
-122.67965	45.514877	0
-122.679725	45.514777	2.6
-122.679942	45.514485	7.2
-122.680053	45.514275	4.8
-122.680048	45.514215	0.7
-122.68038	45.513537	8
-122.680598	45.513153	9
-122.680735	45.51294	5
-122.680695	45.512892	0.12
-122.680752	45.512747	3.6
-122.68093	45.51237	9
-122.681142	45.51197	9.6
-122.681353	45.511582	9.2
-122.681593	45.511208	9
-122.681755	45.51095	6
-122.681943	45.510537	1.275
-122.682125	45.510235	7
-122.682332	45.509845	9.4
-122.682493	45.50955	6.6
-122.682727	45.509218	8.6
-122.68298	45.5088	9.8
-122.683073	45.508435	7.8
-122.683062	45.508293	2.6
-122.683065	45.508282	0.04
-122.683037	45.508087	4.4
-122.682713	45.507965	6.2
-122.682112	45.507987	9.4
-122.681482	45.50789	9.8
-122.680815	45.507848	10.4
-122.680158	45.507818	10.2
-122.679502	45.507862	10
-122.679042	45.507888	6.6
-122.678985	45.507892	0.6
-122.678985	45.507892	0
-122.678985	45.507892	0
-122.678848	45.507903	3.25
-122.678307	45.507937	8.6
-122.677793	45.507935	7.6
-122.677713	45.507935	0.8
-122.677465	45.507958	4.4
-122.676895	45.507963	9
-122.67627	45.507902	9.8
-122.67576	45.507627	10
-122.67552	45.507172	10.8
-122.675345	45.506637	12.2
-122.67509	45.506078	13
-122.674653	45.505555	13.2
-122.674162	45.505063	13.2
-122.67381	45.504527	13
-122.6735	45.503955	13.6
-122.673228	45.503385	13.2
-122.672975	45.502868	11.6
-122.672707	45.502535	8
-122.672583	45.502462	2
-122.672537	45.502447	0.5
-122.671637	45.502602	4.3514400743
-122.671155	45.502757	8
-122.670945	45.502822	2.8
-122.670293	45.502987	4
-122.669678	45.503197	10.8
-122.66915	45.503537	11.2
-122.668573	45.50392	12.6
-122.667977	45.504317	12.6
-122.66739	45.504702	12.4
-122.66683	45.505065	11.6
-122.666298	45.505412	11.2
-122.665755	45.505763	11.6
-122.665207	45.506118	11.6
-122.664695	45.506438	10.2
-122.664127	45.506562	9.2
-122.66363	45.506558	7
-122.6635	45.506557	0.6666666667
-122.663105	45.506552	6.8
-122.662612	45.506538	7.4
-122.66237	45.506532	2.8
-122.661127	45.506528	3
-122.66039	45.506455	11.6
-122.659702	45.50627	11.4
-122.659132	45.505983	10.4
-122.658785	45.50574	7.2
-122.658775	45.505285	7.1666666667
-122.658803	45.50503	8
-122.658807	45.504995	0.25
-122.658807	45.504995	0
-122.658807	45.504995	0
-122.658797	45.504958	1.3333333333
-122.65845	45.504808	7.8
-122.658123	45.504808	3.6
-122.657982	45.504817	0.625
-122.657603	45.504818	9.5
-122.657067	45.504673	7.2
-122.656695	45.504533	6.6
-122.656217	45.504307	8.8
-122.655673	45.504	10.8
-122.655168	45.503698	10.4
-122.654885	45.503525	4.8333333333
-122.654668	45.5034	0.512195122
-122.654418	45.503052	8.6
-122.654368	45.5027	7.8
-122.654368	45.5026	2.4
-122.654298	45.502043	0.6057692308
-122.654288	45.501657	8.6
-122.654295	45.501425	4.8
-122.654297	45.501292	0.6
-122.654185	45.501075	6.5
-122.653617	45.500903	8
-122.653332	45.500833	4.2
-122.652888	45.500757	1.2666666667
-122.6522	45.500607	11.4
-122.651342	45.500402	14
-122.650455	45.500192	14.4
-122.649523	45.499995	15.2
-122.64849	45.499832	16.4
-122.647393	45.499748	17
-122.646338	45.499628	16.6
-122.645407	45.499472	14.6
-122.644577	45.49927	13.6
-122.643795	45.499052	13
-122.642998	45.498813	13.4
-122.642165	45.498568	14.2
-122.641323	45.49832	14.2
-122.64069	45.498132	13
-122.639963	45.497937	9.6666666667
-122.639702	45.497893	1.05
-122.639182	45.497843	8.6
-122.638505	45.49779	10.8
-122.637705	45.49772	12.8
-122.636848	45.497598	13.6
-122.636017	45.497377	13.8
-122.635192	45.497153	13.8
-122.634325	45.497	14
-122.633445	45.496897	13.8
-122.63263	45.496798	12.6
-122.631985	45.496743	9.4
-122.631747	45.496738	2.8
-122.631003	45.49673	3.3
-122.630243	45.496722	12
-122.629395	45.49677	13.4
-122.627672	45.49689	12.2
-122.626782	45.496955	13.8
-122.625908	45.497018	13.6
-122.62502	45.49708	16.6
-122.624302	45.497132	10.75
-122.622592	45.497247	4.2791940917
-122.622202	45.497273	6
-122.621757	45.497328	0.2975206612
-122.621137	45.497375	9.6
-122.620373	45.497425	12
-122.619682	45.497465	10.6
-122.619183	45.497485	7.8
-122.618493	45.497498	2.75
-122.6178	45.4975	10.6
-122.616945	45.49749	13.4
-122.61602	45.497485	14.2
-122.615075	45.497483	14.8
-122.614185	45.497485	13.6
-122.612592	45.49748	12.4
-122.61191	45.497477	10.6
-122.61131	45.497455	9.4
-122.610727	45.497437	9
-122.610188	45.497437	8.2
-122.60963	45.497435	8.8
-122.609058	45.497422	9
-122.608653	45.4974	6
-122.607488	45.497423	0.5428571429
-122.606708	45.497422	12.2
-122.605872	45.497418	13
-122.605037	45.497418	13
-122.603307	45.497417	13.4
-122.602443	45.497413	13.4
-122.601582	45.49741	13.4
-122.59983	45.49741	13.6
-122.598962	45.497405	13.4
-122.597272	45.497398	13.1
-122.59658	45.497378	9.8
-122.596277	45.497358	4
-122.595073	45.497383	5.05
-122.594228	45.497383	13.2
-122.593357	45.497378	13.4
-122.592498	45.497377	13.2
-122.59164	45.497375	13.4
-122.590753	45.497372	14
-122.58993	45.497365	10.2
-122.589413	45.497338	8.2
-122.588672	45.497363	2.85
-122.587892	45.497362	12
-122.586977	45.497362	14
-122.586013	45.497358	15
-122.585037	45.49736	18.2
-122.584037	45.497355	12.6
-122.58306	45.497357	15
-122.582193	45.497353	13.4
-122.58168	45.497327	8.2
-122.581357	45.497347	1.25
-122.580768	45.497355	9.2
-122.580143	45.497352	9.6
-122.579668	45.49735	7.4
-122.579428	45.497348	3.6
-122.57936	45.497345	0.25
-122.579035	45.497343	5.2
-122.578533	45.49732	7.8
-122.578198	45.49731	5
-122.578015	45.49732	0.75
-122.577483	45.497332	8.4
-122.576702	45.497328	12.2
-122.575805	45.497325	13.8
-122.574933	45.49732	13.6
-122.574073	45.497317	13.2
-122.573222	45.497315	13.2
-122.572345	45.497312	13.8
-122.57149	45.49731	13.2
-122.570727	45.497307	11.8
-122.570053	45.497303	10.2
-122.569478	45.497302	8.8
-122.568927	45.497302	8.6
-122.568388	45.497282	8.4
-122.56819	45.497278	2.8
-122.56775	45.497302	2.4
-122.567073	45.497302	10.6
-122.56628	45.497297	12.4
-122.565478	45.497267	12.4
-122.564657	45.497163	13
-122.563808	45.496975	13.8
-122.562988	45.496743	13.6
-122.562367	45.496538	10.6
-122.562023	45.496407	5.6
-122.561088	45.496198	0.5925925926
-122.5603	45.49599	13.4
-122.559443	45.495773	14
-122.558537	45.495715	14.4
-122.556812	45.495847	13.3
-122.555288	45.49596	4.1049597005
-122.553505	45.496117	13.9
-122.552568	45.49619	14.6
-122.551642	45.49626	14.4
-122.550718	45.496328	14.4
-122.549822	45.496393	14
-122.548957	45.496452	13.4
-122.548093	45.49652	13.4
-122.547255	45.496585	13
-122.546428	45.496655	13
-122.545623	45.496728	12.4
-122.544772	45.496792	13.4
-122.54388	45.496862	14
-122.542965	45.496898	14.2
-122.542065	45.496922	14
-122.541283	45.496942	11.6
-122.54085	45.496923	6
-122.540232	45.496967	2.6
-122.539447	45.49698	12.6
-122.53853	45.497007	14.4
-122.537677	45.497005	12.6
-122.537232	45.496985	6
-122.536132	45.497085	2.3
-122.535252	45.497133	13.8
-122.53431	45.497177	14.6
-122.532337	45.497245	15.4
-122.531277	45.497283	16.6
-122.530313	45.497323	14
-122.529817	45.497323	6.6
-122.52915	45.497372	2.28
-122.528342	45.497407	13.2
-122.52738	45.497447	14.8
-122.526515	45.497477	12.8
-122.52599	45.497475	7.2
-122.524907	45.497585	3.2916666667
-122.524327	45.497682	9.4
-122.524098	45.497725	3.1666666667
-122.524023	45.49774	0.2631578947
-122.523588	45.497818	7
-122.522902	45.497938	10.8
-122.522048	45.498097	13.6
-122.521255	45.49822	12.8
-122.520947	45.498257	4.8
-122.52006	45.498442	2.84
-122.519255	45.498583	12.8
-122.518327	45.498745	15
-122.517302	45.498927	16.4
-122.516263	45.499108	16.6
-122.515235	45.499208	16
-122.514285	45.49901	15.4
-122.513615	45.498805	11.4
-122.513398	45.49874	3.6
-122.512538	45.498538	2.8
-122.511927	45.498373	10.2
-122.511433	45.498245	8
-122.51125	45.498198	3
-122.511233	45.498193	0.2
-122.511233	45.498193	0
-122.511053	45.498148	3.75
-122.510533	45.498	8.8
-122.510168	45.497855	6.4
-122.510042	45.49781	2.2
-122.509033	45.497612	2.05
-122.5082	45.497402	13.8
-122.507208	45.49714	16.4
-122.506178	45.496867	17
-122.505127	45.496592	17.4
-122.504078	45.496323	17.4
-122.50314	45.496092	15.2
-122.502303	45.495915	13.6
-122.501343	45.495715	15.6
-122.500352	45.495507	16
-122.499373	45.495308	15.8
-122.498383	45.495105	16
-122.497393	45.494898	16
-122.496542	45.494712	13.6
-122.496078	45.494597	7.2
-122.494823	45.494372	1.6
-122.493982	45.494205	13.6
-122.493063	45.494017	15
-122.492163	45.493828	14.4
-122.490408	45.49345	14.2
-122.489777	45.493303	9.8
-122.489603	45.493262	2.4
-122.488688	45.493085	3.85
-122.487915	45.492903	12.8
-122.487287	45.492747	9.8
-122.487067	45.4927	3
-122.48529	45.492405	4.0485283386
-122.48499	45.492345	4.2
-122.484738	45.492292	0.6571428571
-122.484202	45.492165	8.8
-122.48388	45.492092	4.8
-122.482932	45.491923	2
-122.48214	45.491723	13.2
-122.481175	45.491525	15.8
-122.48016	45.491325	16.2
-122.47917	45.491127	16
-122.47821	45.490932	15.4
-122.47732	45.490753	14.2
-122.476563	45.490587	12
-122.476073	45.490453	7.6
-122.475877	45.490395	2.8
-122.475787	45.490363	0.2857142857
-122.475343	45.490218	8
-122.47501	45.49011	5
-122.473815	45.489782	4.28
-122.472898	45.489603	15
-122.471852	45.489527	16.4
-122.47074	45.489597	17.4
-122.469655	45.489815	17.4
-122.468668	45.49017	17.2
-122.46778	45.490633	17
-122.466927	45.491155	17.8
-122.466027	45.491702	18.6
-122.465093	45.492265	19
-122.46416	45.492832	19.2
-122.46331	45.493345	16.6
-122.462792	45.493627	8.8
-122.462275	45.493967	1.9666666667
-122.461727	45.494298	11.8
-122.461053	45.494708	14
-122.46041	45.495083	12.2
-122.460152	45.495233	3.8
-122.459342	45.495742	2.7666666667
-122.458683	45.496142	13.4
-122.457905	45.49659	15.4
-122.45699	45.496912	16
-122.456035	45.49701	15
-122.45508	45.497018	14.8
-122.454075	45.497015	15.6
-122.453023	45.497018	16.2
-122.451948	45.497023	16.8
-122.450897	45.497028	16.4
-122.449827	45.497037	16.6
-122.448758	45.497047	16.6
-122.447745	45.497048	15.8
-122.446738	45.497055	15.6
-122.44569	45.49706	16.2
-122.444625	45.497058	16.4
-122.442505	45.497063	16.5
-122.441423	45.497068	16.8
-122.44035	45.497065	16.6
-122.439315	45.497067	16
-122.438392	45.497068	14.2
-122.437488	45.497073	14
-122.436502	45.497085	15.2
-122.435487	45.49709	15.8
-122.4345	45.49714	15.2
-122.433563	45.49732	15.2
-122.432662	45.49756	15
-122.431835	45.49777	13.6
-122.43125	45.497902	9.4
-122.430947	45.498	5.2
-122.430902	45.498313	7
-122.430937	45.498632	7
-122.430948	45.498823	4
-122.430958	45.498868	1
-122.430977	45.499145	6.2
-122.430992	45.49944	6.4
-122.430993	45.499537	2
-122.430998	45.499725	4.2
-122.431007	45.500023	6.6
-122.431002	45.500318	6.4
-122.431	45.500665	7.6
-122.431003	45.500868	4.4
-122.430995	45.50097	2.2
-122.430987	45.501348	8.4
-122.430993	45.501823	10.4
-122.430983	45.502345	11.6
-122.430978	45.502877	11.6
-122.430978	45.503387	11.2
-122.430958	45.50368	6.4
-122.430692	45.503753	4.2
-122.430195	45.503578	8.8
-122.429858	45.50346	5.6
-122.429303	45.503267	4.0067175018
-122.428845	45.503113	7.8
-122.428537	45.503018	5.2
-122.428475	45.503002	0.8
-122.427347	45.502883	0.0647103085
-122.427057	45.502883	4.6
-122.426808	45.502885	3.8
-122.426635	45.502885	2.6
-122.426628	45.502885	0
-122.425893	45.501805	0.4380403458
-122.425908	45.501355	9.6
-122.425927	45.501075	5.8
-122.42625	45.500992	5.8
-122.426865	45.501025	9.8
-122.427477	45.501028	9.4
-122.42781	45.501028	4.4
-122.427922	45.501005	2
-122.428038	45.500675	6.5
-122.428013	45.500443	4.6
-122.42801	45.500352	2.1666666667
-122.428002	45.500052	6.8
-122.42799	45.499802	5
-122.427992	45.499732	1.6
-122.427917	45.499438	7
-122.427793	45.499152	6.2
-122.427762	45.499072	1.4
-122.427735	45.49885	5.6
-122.427753	45.498505	7.6
-122.427748	45.49821	5.8
-122.427747	45.49816	0.8
-122.427795	45.498048	3
-122.428427	45.498022	8.6666666667
-122.429193	45.498047	12
-122.429983	45.498057	12.2
-122.430762	45.49801	12
-122.431528	45.497902	12
-122.432133	45.497778	12
-122.432877	45.497588	12.4
-122.433745	45.497383	10
-122.434265	45.497292	8.4
-122.434432	45.49727	2.4
-122.434823	45.497243	6.2
-122.435045	45.497235	3.4
-122.435755	45.497212	2.75
-122.436485	45.497205	11.4
-122.43722	45.497198	11.2
-122.437712	45.497197	7.6
-122.437837	45.497198	1.8
-122.438212	45.497198	6
-122.438882	45.49719	10.4
-122.439528	45.49719	12.5
-122.440393	45.497175	13.6
-122.441507	45.49716	14.5
-122.442288	45.497157	15.5
-122.44328	45.497153	16
-122.444505	45.497148	15.8333333333
-122.445328	45.49715	16.25
-122.446377	45.497145	16.6
-122.447595	45.497133	15.6666666667
-122.448393	45.497127	15.5
-122.449393	45.497123	15.6
-122.450607	45.497118	15.8333333333
-122.451637	45.497115	16
-122.452473	45.497115	16.5
-122.453717	45.497108	15.8333333333
-122.454457	45.497105	10.2
-122.454713	45.497103	3
-122.454718	45.497103	0
-122.454718	45.497103	0
-122.454718	45.497103	0
-122.454758	45.497103	2
-122.45519	45.497107	7.6
-122.456912	45.497027	12.4545454545
-122.457737	45.496802	11.2
-122.458485	45.49642	14.2
-122.459183	45.495997	14.4
-122.459717	45.495682	10.8
-122.46019	45.495382	2.55
-122.460765	45.495022	11.8
-122.461458	45.4946	14.2
-122.462173	45.494157	14.8
-122.462923	45.493702	15.4
-122.463698	45.493217	16.2
-122.4645	45.49271	21
-122.465352	45.49219	14.5
-122.466218	45.49169	17.4
-122.467057	45.491185	17
-122.467848	45.490708	16.2
-122.469532	45.489957	4.1905304109
-122.470455	45.489737	15.4
-122.471428	45.489643	15.2
-122.472408	45.489667	15.2
-122.473287	45.48981	14
-122.47408	45.490008	13
-122.474865	45.490233	13.4
-122.475672	45.490477	14
-122.476427	45.490698	15.5
-122.476965	45.490845	8.4
-122.477108	45.490878	1.6
-122.47774	45.490982	0.3450292398
-122.478508	45.491135	12.6
-122.479352	45.491305	13.8
-122.48023	45.491482	14
-122.481132	45.491658	12.1666666667
-122.482058	45.49184	18.75
-122.482948	45.492018	14.2
-122.483755	45.492183	12.6
-122.484277	45.492305	7.6
-122.484427	45.492342	1.6
-122.485245	45.492483	3.04
-122.48607	45.492648	13.6
-122.486937	45.492822	13.8
-122.487812	45.493	14.2
-122.488697	45.493182	11.4
-122.489555	45.493358	14.2
-122.490385	45.493527	13.4
-122.491213	45.49369	13.2
-122.492027	45.493852	13.2
-122.492857	45.494018	13.6
-122.49371	45.494197	14.2
-122.494577	45.494387	14.2
-122.495393	45.494558	13.2
-122.49604	45.49469	10.2
-122.496377	45.494758	5
-122.496433	45.49477	0.8
-122.496467	45.494777	0.15
-122.496865	45.494865	7
-122.497567	45.495012	11.6
-122.498388	45.495183	13.4
-122.499233	45.49535	13.6
-122.500108	45.495527	14.2
-122.500957	45.495698	13.6
-122.501757	45.495848	12.8
-122.502557	45.496007	13
-122.503373	45.496187	13.4
-122.504208	45.496398	13.8
-122.505053	45.496617	11.5
-122.50589	45.496838	17.5
-122.506738	45.497063	14.2
-122.5076	45.497287	11.8333333333
-122.508437	45.497512	17.25
-122.509208	45.497725	12.6
-122.509785	45.497883	8.8
-122.510072	45.497957	4.4
-122.510442	45.498058	6.6
-122.510848	45.4982	6.6
-122.511597	45.498353	0.5416666667
-122.51229	45.498528	11.6
-122.513058	45.498715	12.6
-122.513855	45.49892	13.2
-122.514685	45.499138	14
-122.515555	45.499242	11
-122.516457	45.499112	14.2
-122.517387	45.498948	14.8
-122.518298	45.498783	14.6
-122.51915	45.498632	13.6
-122.520018	45.498478	14
-122.52091	45.498317	14.25
-122.521792	45.498182	14
-122.522667	45.498042	11.6666666667
-122.523477	45.497902	16.25
-122.524263	45.497763	12.4
-122.524993	45.497638	9.8333333333
-122.525545	45.497573	10.75
-122.525923	45.497557	5.8
-122.526362	45.497555	6.8
-122.526517	45.497557	2.2
-122.527487	45.497498	2.2285714286
-122.528287	45.497463	12.6
-122.529162	45.497427	13.6
-122.53005	45.497392	13.8
-122.531923	45.497317	14.5
-122.5329	45.49728	15.2
-122.533843	45.49725	14.6
-122.53474	45.497215	14
-122.536403	45.497135	12.9
-122.537345	45.497098	4.1989148369
-122.537368	45.4971	0.25
-122.537368	45.4971	0
-122.537368	45.4971	0
-122.537395	45.4971	1.5
-122.537743	45.497115	5.8
-122.668888	45.527803	4.2753087457
-122.669335	45.527607	8.2
-122.669767	45.527418	8
-122.670173	45.527217	7.6
-122.67059	45.527005	8
-122.67102	45.526852	7.4
-122.671555	45.526857	8.4
-122.672112	45.526873	8.6
-122.672598	45.526882	7.6
-122.673052	45.526877	7
-122.673532	45.52686	7.4
-122.67393	45.526802	6.2
-122.674232	45.526727	4.8
-122.67438	45.526702	2.4
-122.674418	45.526697	0.15
-122.674667	45.52666	4
-122.674965	45.52664	3.8333333333
-122.675197	45.526637	3.6
-122.675278	45.526633	1.2
-122.675302	45.526632	0.0192307692
-122.675422	45.526627	2
-122.675587	45.526553	2.5
-122.675615	45.526343	4.6
-122.67558	45.526038	6.8
-122.675537	45.525673	6.6666666667
-122.675507	45.525435	5.2
-122.675493	45.525333	2.2
-122.67547	45.525108	5.2
-122.675438	45.524845	5.8
-122.675438	45.524623	6
-122.675442	45.524243	7
-122.675432	45.523995	5.4
-122.675432	45.523947	1
-122.675432	45.523947	0
-122.675432	45.523947	0
-122.675448	45.523915	1.3333333333
-122.67548	45.523678	5.2
-122.675472	45.523412	6
-122.675468	45.523288	2.4
-122.675465	45.523222	0.16
-122.675477	45.522918	5.6666666667
-122.675617	45.522622	7
-122.675765	45.522367	6
-122.675808	45.522292	1.75
-122.675952	45.521855	1
-122.67602	45.521733	2.8
-122.67612	45.521552	4.4
-122.67625	45.521318	7
-122.676428	45.520993	6.3333333333
-122.676598	45.520695	7.2
-122.676772	45.52039	7.2
-122.676975	45.520082	7.4
-122.677153	45.519815	6.6
-122.677238	45.519675	3
-122.67754	45.519053	1.0277777778
-122.677715	45.518723	9.75
-122.677862	45.518448	6.4
-122.677932	45.518315	2.8
-122.677952	45.51828	1
-122.678067	45.518062	4.5
-122.678222	45.517782	8.25
-122.678407	45.517455	7.8
-122.678608	45.51711	8.2
-122.678818	45.516787	7.8
-122.679017	45.51649	7
-122.679103	45.516357	3
-122.679482	45.515577	4.65
-122.679647	45.515262	7.2
-122.67972	45.51513	2.8
-122.67972	45.515128	0
-122.67972	45.515128	0
-122.67972	45.515128	1
-122.679772	45.515022	3.25
-122.679912	45.514735	6.8
-122.680077	45.514442	7
-122.680268	45.514113	8
-122.680473	45.513817	7
-122.680543	45.513687	2.6
-122.680768	45.513122	1.1166666667
-122.680882	45.512872	5.8
-122.68101	45.512575	6.8
-122.681152	45.512247	7.6
-122.681317	45.511908	7.8
-122.681505	45.511565	6.8333333333
-122.681703	45.511267	7
-122.68179	45.51111	4.25
-122.682058	45.510485	1.0714285714
-122.682282	45.510093	9.4
-122.682518	45.50966	10.2
-122.682705	45.5093	4.0848140836
-122.679988	45.478428	19
-122.679865	45.477585	18.6
-122.679742	45.476793	17.2
-122.679623	45.476022	17.2
-122.67951	45.475252	17
-122.679312	45.473857	4.3504751449
-122.67934	45.473217	14.2
-122.679618	45.47259	14.4
-122.680115	45.472015	14.8
-122.68072	45.471588	13
-122.68233	45.471117	13.8
-122.683288	45.471085	11.8
-122.684175	45.471103	13.8
-122.68479	45.471113	9.8
-122.685095	45.47112	4.8
-122.685162	45.471122	1
-122.685368	45.471125	0.6
-122.68598	45.471133	9.4
-122.686818	45.471128	13
-122.687718	45.471038	14.2
-122.688512	45.470852	13
-122.68926	45.470593	10.8333333333
-122.689582	45.47045	6
-122.689955	45.470203	1.8571428571
-122.690505	45.469885	11
-122.691202	45.469488	11.6666666667
-122.69173	45.469197	10.4
-122.692158	45.468967	8.4
-122.692458	45.468827	5.6
-122.692823	45.468583	1.95
-122.693298	45.468303	9.6
-122.693898	45.467957	15
-122.694578	45.467557	13.8
-122.695262	45.467163	13.8
-122.696623	45.466375	13.7
-122.697088	45.466113	9.2
-122.69727	45.466007	3.6
-122.697273	45.466005	0
-122.697273	45.466005	0
-122.697273	45.466005	0
-122.697282	45.466	1
-122.69755	45.465868	5.2
-122.697833	45.465742	5.2
-122.698452	45.465313	2.2666666667
-122.699072	45.464947	12.6
-122.699738	45.464575	13.2
-122.700352	45.46423	12
-122.700892	45.463952	10.4
-122.701225	45.463775	4
-122.701278	45.463748	1
-122.701845	45.463367	2.0333333333
-122.702058	45.463245	4.2
-122.702543	45.462967	9.8
-122.703087	45.462655	11
-122.703675	45.462317	11.8
-122.704353	45.46192	13.6
-122.705063	45.461508	14.4
-122.705783	45.461098	14.4
-122.70649	45.460702	14
-122.707085	45.460363	11.6
-122.707443	45.460153	7
-122.70751	45.460112	1.2
-122.70751	45.460112	0
-122.70751	45.460112	0.5
-122.707558	45.460082	2.5
-122.707915	45.459885	7.2
-122.708317	45.459693	7.4
-122.708432	45.45963	2.2
-122.709337	45.459057	2.7714285714
-122.709982	45.458683	13
-122.710698	45.458262	14.6
-122.711478	45.457802	15.8
-122.712288	45.457348	16.2
-122.713155	45.456897	16.8
-122.714023	45.456482	16.2
-122.714943	45.45607	17
-122.715835	45.455677	16.4
-122.716643	45.455355	14.4
-122.717348	45.455077	12.4
-122.71793	45.45482	10.6
-122.718353	45.454637	7.4
-122.718558	45.454553	3.4
-122.718578	45.454543	0.0363636364
-122.718682	45.45442	3.4
-122.718457	45.454325	4.6
-122.718087	45.454408	5.8
-122.717935	45.454458	2
-122.717432	45.454808	0.5272727273
-122.71744	45.454898	1.8
-122.717608	45.454963	3
-122.717972	45.454832	7.4
-122.718527	45.454603	10.2
-122.71912	45.454367	10.6
-122.720253	45.453963	4.3354476197
-122.720622	45.453823	6.2
-122.721123	45.453633	9.4
-122.72176	45.45339	11.4
-122.722455	45.453117	12.4
-122.723213	45.452822	13.6
-122.724062	45.452495	15.2
-122.724938	45.452152	15.6
-122.725765	45.451827	14.6
-122.726497	45.451507	13
-122.72704	45.45121	10.2
-122.727322	45.451022	5.4
-122.727963	45.450368	3.76
-122.728343	45.449783	14.6
-122.728663	45.449132	15.2
-122.728977	45.448433	16.2
-122.729318	45.447688	17.4
-122.72975	45.446983	16.6
-122.730272	45.446447	14
-122.73074	45.446105	9.8
-122.730925	45.44599	2.8
-122.73124	45.445805	0.78
-122.731923	45.445495	13.2
-122.732815	45.445235	15.2
-122.733788	45.445022	16
-122.734813	45.444813	16.6
-122.735853	45.444587	17
-122.736873	45.444312	16.8
-122.737823	45.444047	15.8
-122.738793	45.443805	15.8
-122.73981	45.443585	16.6
-122.740822	45.443407	16
-122.741657	45.443283	12.4
-122.742165	45.443217	7
-122.742307	45.443197	1.4
-122.742408	45.443183	0.0769230769
-122.742967	45.443113	8.6
-122.743695	45.443032	11.4
-122.744448	45.442877	12.2
-122.74523	45.4427	12.6
-122.746175	45.442438	13.1666666667
-122.746783	45.442222	13.25
-122.747518	45.441912	13.2
-122.748437	45.441462	14.5
-122.749417	45.44099	15.3333333333
-122.750205	45.44059	15.2
-122.750895	45.440243	13
-122.751452	45.439963	10.6
-122.751738	45.43983	5.4
-122.75278	45.439278	2.8857142857
-122.753257	45.439042	9
-122.753413	45.438967	2.8
-122.754163	45.438565	3.65
-122.754892	45.438188	14.2
-122.755623	45.437818	13.8
-122.756245	45.43752	11.6
-122.756627	45.437355	6.8
-122.756732	45.43731	2
-122.757482	45.436963	1.4
-122.758073	45.436702	10.8
-122.75876	45.436415	12.4
-122.759428	45.436147	11.8
-122.76009	45.435872	12
-122.760777	45.43561	12
-122.76151	45.435345	12.8
-122.762225	45.435088	12.4
-122.762778	45.434902	9.4
-122.763153	45.43479	6.2
-122.763867	45.434498	3.2
-122.76443	45.434253	10.4
-122.765097	45.433997	11.8
-122.7658	45.43374	12.2
-122.766415	45.433493	11
-122.76686	45.433318	7.6
-122.767007	45.433265	2.4
-122.767112	45.433222	0.3333333333
-122.767198	45.433037	4.4
-122.767283	45.43278	6.2
-122.767748	45.432665	7.6
-122.768102	45.432593	5.4
-122.768645	45.432295	0.7714285714
-122.768927	45.432102	6.2
-122.769223	45.431883	6.6
-122.769588	45.431657	7.6
-122.76994	45.431435	7.2
-122.770133	45.431257	4.8
-122.769978	45.431027	5.6
-122.769618	45.430798	7.6
-122.75499	45.59029	5.2
-122.75523	45.590493	5.8
-122.755457	45.590722	6.2
-122.755993	45.591275	7.4
-122.756295	45.591575	8
-122.756585	45.591885	8.2
-122.756887	45.592195	8.2
-122.757178	45.5925	8
-122.757495	45.59283	9
-122.757893	45.593235	11
-122.758328	45.593693	12.2
-122.758777	45.594158	12.2
-122.759207	45.594608	11.8
-122.759632	45.595045	11.6
-122.760045	45.595475	11.4
-122.760433	45.595878	10.6
-122.760648	45.596293	9.6
-122.760513	45.596733	10.2
-122.760768	45.59724	12.2
-122.761108	45.597785	13
-122.761458	45.598328	13.2
-122.761798	45.598875	13
-122.762125	45.599418	13
-122.762462	45.59997	13.4
-122.762855	45.6006	15.4
-122.763218	45.601268	15.6
-122.76353	45.60178	11.2
-122.763468	45.601997	4.6
-122.76315	45.602047	4.8
-122.76282	45.602062	5
-122.762512	45.602138	4.6
-122.76245	45.60215	0.5
-122.76245	45.60215	0
-122.53804	45.497133	4.2
-122.539197	45.49706	0.6785714286
-122.539862	45.497032	10.4
-122.54054	45.497007	10.6
-122.542125	45.496962	12.4
-122.54299	45.496935	13.6
-122.543875	45.496897	13.6
-122.544738	45.496837	13.4
-122.545615	45.496772	13.8
-122.546497	45.496712	13.8
-122.547343	45.496648	13
-122.548167	45.496585	13
-122.549	45.496517	13
-122.549848	45.496443	13.2
-122.550713	45.49637	13.6
-122.551573	45.496303	13.6
-122.552433	45.496238	13.2
-122.553283	45.496177	10.8
-122.554153	45.496118	13.6
-122.555025	45.496053	13.6
-122.555888	45.495992	13.4
-122.556767	45.495913	16.6
-122.557677	45.495837	11.4
-122.558572	45.495767	14
-122.559432	45.495825	13.6
-122.560237	45.496048	13.4
-122.561745	45.496487	12.7
-122.56212	45.496625	6.4
-122.56239	45.49668	0.184
-122.562923	45.496812	8.8
-122.563523	45.496987	10
-122.564217	45.497193	11.8
-122.56496	45.497382	12.2
-122.565758	45.497448	12.6
-122.56661	45.497453	13.2
-122.567525	45.497452	14.2
-122.56839	45.49746	13.2
-122.568945	45.497485	8.4
-122.569097	45.497483	2
-122.570095	45.497447	3.28
-122.570962	45.497452	13.4
-122.571888	45.497453	14.4
-122.572772	45.497458	13.4
-122.573472	45.497477	10.6
-122.57395	45.497472	7.4
-122.575412	45.497465	11.5
-122.576133	45.497468	11
-122.576755	45.497468	9.4
-122.577247	45.497467	7.4
-122.577533	45.497467	4.2
-122.577588	45.497467	0.6
-122.57791	45.497468	0.4333333333
-122.57815	45.497468	4.2
-122.578595	45.497477	7
-122.578997	45.497507	6
-122.579185	45.497508	2.2
-122.579933	45.497478	0.3771428571
-122.58068	45.497478	11.6
-122.581432	45.49748	11.4
-122.581963	45.497497	7.4
-122.582165	45.497517	2.4
-122.582932	45.497488	1.5333333333
-122.583722	45.497488	12.6
-122.584582	45.497487	13.4
-122.585445	45.497488	13.2
-122.586308	45.497487	13.4
-122.587192	45.497488	13.6
-122.588067	45.49748	13.6
-122.588902	45.497482	12.8
-122.589738	45.49749	13
-122.590585	45.49749	13
-122.59142	45.497492	10.6
-122.592237	45.497497	12.6
-122.593017	45.497493	12
-122.593793	45.497495	12.2
-122.594572	45.497498	12.2
-122.59619	45.497502	12.5
-122.596975	45.49751	12.2
-122.597785	45.497517	12.6
-122.598582	45.497522	12.4
-122.599347	45.497525	11.8
-122.600902	45.497533	12.1
-122.601655	45.497533	5.0272904483
-122.602373	45.497537	11.2
-122.603092	45.497538	11
-122.603802	45.497538	11
-122.604513	45.497542	11
-122.605205	45.49754	10.8
-122.605885	45.49754	10.4
-122.606527	45.497543	10
-122.607162	45.497545	9.8
-122.607757	45.497545	9.2
-122.60825	45.497545	7.6
-122.608702	45.497547	7
-122.609165	45.497572	7.2
-122.60946	45.497583	4.4
-122.610328	45.497555	0.3538461538
-122.610823	45.497558	7.6
-122.611108	45.497568	4
-122.611202	45.497575	0.16
-122.611635	45.497605	7.4
-122.612338	45.497605	11
-122.613138	45.497603	12.4
-122.613932	45.497605	12.4
-122.614748	45.497608	12.8
-122.615607	45.49761	13.2
-122.616487	45.49761	13.6
-122.617315	45.49761	12.6
-122.61807	45.497617	11.8
-122.618852	45.497613	12.2
-122.619672	45.497583	13
-122.62051	45.49754	13
-122.621935	45.497438	10.6
-122.622265	45.497415	4.4
-122.62233	45.49741	0.8
-122.622447	45.497402	0.4333333333
-122.622835	45.497402	5.8
-122.622978	45.497397	1.6
-122.623732	45.497313	1.4888888889
-122.624488	45.497245	12
-122.625247	45.497177	11.8
-122.626048	45.497122	12.4
-122.626865	45.497065	12.8
-122.627705	45.497007	13.2
-122.628542	45.496947	12.8
-122.629363	45.496893	12.8
-122.6302	45.496842	13.2
-122.631057	45.496853	13
-122.682858	45.509028	7.75
-122.682912	45.508925	2
-122.682917	45.508908	0.3
-122.68302	45.508695	4.5
-122.683278	45.508312	9.6
-122.683577	45.50782	14.75
-122.683752	45.507378	8.1666666667
-122.68374	45.506985	10.75
-122.683607	45.50657	7.8333333333
-122.683245	45.506198	12.25
-122.683157	45.506017	3.8
-122.683155	45.506012	0
-122.683155	45.506012	0
-122.683155	45.506012	0
-122.683168	45.506002	2
-122.683172	45.505762	5.6
-122.683187	45.505455	6.6
-122.683197	45.505308	2.8
-122.683195	45.505263	1.2
-122.68304	45.505118	4.4
-122.682618	45.505108	6.8
-122.68217	45.505023	7.4
-122.682035	45.504688	7.8
-122.68205	45.504222	10.4
-122.682072	45.503698	11.6
-122.682092	45.503165	11.6
-122.682057	45.502763	8.6
-122.682005	45.502545	4.4
-122.681833	45.502322	1.2
-122.681608	45.50193	9.8
-122.681343	45.501423	11.8
-122.681073	45.500908	12.2
-122.680717	45.500312	14.4
-122.680358	45.499677	15
-122.680008	45.499045	15
-122.67965	45.4984	15.2
-122.679288	45.497738	15.6
-122.67893	45.497088	15.4
-122.678558	45.496427	15.8
-122.678137	45.495785	15.6
-122.677597	45.495153	16.4
-122.677202	45.494435	17
-122.677012	45.493665	17.4
-122.676887	45.492903	16.6
-122.677067	45.492242	14.8
-122.677502	45.491718	13
-122.677848	45.491427	7.8
-122.678025	45.491302	3.8
-122.6783	45.491122	5.8
-122.678503	45.49102	3.6
-122.67911	45.490757	2.95
-122.679808	45.490587	11.8
-122.680647	45.490403	13.8
-122.681553	45.49009	15.8
-122.682323	45.489588	16.2
-122.682833	45.488918	16.8
-122.68293	45.488178	16.4
-122.682863	45.487505	14.6
-122.682697	45.486898	13.8
-122.68242	45.486188	16.4
-122.682122	45.485393	18.2
-122.68156	45.484643	18.8
-122.680935	45.483903	19
-122.680635	45.483072	19
-122.680473	45.482207	19.2
-122.680312	45.481375	18.2
-122.680205	45.48073	13.6
-122.680358	45.480348	8
-122.680905	45.480197	7.2
-122.681458	45.480113	9
-122.682065	45.480035	9.4
-122.682723	45.479952	10.6
-122.683457	45.479915	11.4
-122.684245	45.480035	12.8
-122.685047	45.480242	13.2
-122.685885	45.480352	13.4
-122.68668	45.480297	11.8
-122.687147	45.480267	7
-122.687338	45.480272	2.4
-122.688162	45.480297	0.5384615385
-122.68883	45.480353	10.8
-122.689637	45.480252	13
-122.690467	45.479963	14.4
-122.691267	45.47967	14
-122.692045	45.47938	13.4
-122.69271	45.479137	11.2
-122.69312	45.47896	6.6
-122.693223	45.478907	1.4
-122.694172	45.478607	4.7778623775
-122.694948	45.478448	12.4
-122.695717	45.478308	12.2
-122.696352	45.478198	9.6
-122.696768	45.47813	6.2
-122.696933	45.478102	2
-122.696938	45.478103	0
-122.69719	45.478055	5.2
-122.697787	45.477933	10
-122.698423	45.477835	9.8
-122.69901	45.47776	9.2
-122.699502	45.477698	7.2
-122.699683	45.477678	2
-122.700422	45.477553	3.3
-122.70103	45.47733	11.2
-122.701555	45.476892	10
-122.702732	45.476117	13.9
-122.703463	45.47609	11
-122.704005	45.476103	6.6
-122.704502	45.476105	9.4
-122.705087	45.47611	9.4
-122.705712	45.476105	9.6
-122.70628	45.476095	7
-122.706538	45.476093	4.4
-122.706665	45.476087	0.6
-122.70712	45.475952	7.4
-122.707558	45.47566	9.2
-122.707778	45.47522	10.2
-122.707772	45.474675	12
-122.707755	45.474085	13.2
-122.707762	45.473508	12.8
-122.707758	45.472945	12.4
-122.707742	45.472402	11.8
-122.707732	45.471862	12
-122.707728	45.471452	10.6
-122.70774	45.471112	6
-122.707737	45.470775	7.4
-122.707737	45.47044	7.4
-122.707762	45.470123	7
-122.707892	45.469823	6.8
-122.70817	45.469543	7.4
-122.708532	45.469292	7.8
-122.708882	45.469045	7.8
-122.709242	45.468843	7
-122.709653	45.4687	7.2
-122.710098	45.46863	7
-122.710437	45.468612	5.4
-122.710818	45.468577	0.6
-122.711147	45.468547	5.2
-122.7115	45.468503	5.6
-122.71187	45.468432	5.8
-122.712233	45.468333	6
-122.712505	45.468255	4.6
-122.712655	45.468232	2.4
-122.712657	45.46823	0
-122.712657	45.46823	0
-122.71267	45.468227	0.5
-122.712928	45.468242	4
-122.713273	45.468263	5.2
-122.71344	45.468283	2.8
-122.713842	45.468275	1.24
-122.713975	45.46828	2.2
-122.714067	45.468275	1.4
-122.714197	45.468198	2.4
-122.714213	45.468017	3.6
-122.714205	45.467917	2.2
-122.714202	45.46785	1.2
-122.714307	45.467732	3.2
-122.714672	45.467667	5.8
-122.715188	45.467533	8.6
-122.715672	45.467303	9
-122.716052	45.467043	8.2
-122.716303	45.466895	5.2
-122.71652	45.466942	3.2
-122.716807	45.467077	5.4
-122.717683	45.46696	7
-122.717802	45.466937	1.8
-122.718098	45.466838	5
-122.718562	45.466628	8.6
-122.719098	45.466465	9.2
-122.719695	45.466365	9.4
-122.720298	45.466327	9.4
-122.720905	45.466353	9.4
-122.721472	45.466317	8.8
-122.72201	45.466053	10
-122.722522	45.465805	9.6
-122.72286	45.465643	6.4
-122.722963	45.46559	2
-122.722963	45.46559	1
-122.723068	45.465543	4.6464923048
-122.723207	45.465387	4
-122.723202	45.465095	6.4
-122.72318	45.464673	9.2
-122.723177	45.464307	8.2
-122.723182	45.464062	1.04
-122.723172	45.463683	8.4
-122.72316	45.463198	10.6
-122.723178	45.462735	10.2
-122.723468	45.46234	10
-122.72395	45.46198	11
-122.724282	45.46146	12.4
-122.724678	45.460898	13.8
-122.72532	45.460472	13.8
-122.725932	45.460067	13
-122.726322	45.459572	12.4
-122.726635	45.459048	12.6
-122.726878	45.458503	12.6
-122.726963	45.457937	12.6
-122.72688	45.457373	12.6
-122.726665	45.456827	12.4
-122.726437	45.456312	12
-122.726358	45.455805	11.2
-122.726358	45.455295	11.4
-122.726343	45.454948	7.6
-122.726328	45.454838	2.4
-122.726258	45.454673	3.6
-122.726012	45.454572	4.6
-122.725438	45.454568	8.8
-122.724725	45.454567	11
-122.72396	45.45456	11.8
-122.723112	45.454552	13.2
-122.72222	45.454543	13.8
-122.721383	45.45451	12.8
-122.720802	45.454482	9
-122.720617	45.454417	3.2
-122.720657	45.454243	4
-122.720825	45.45407	5.2
-122.72089	45.453993	2
-122.72091	45.453968	0.16
-122.721088	45.453695	6.8
-122.721355	45.4533	9.6
-122.721643	45.452863	10.6
-122.721978	45.45238	12
-122.722345	45.451818	13.6
-122.722725	45.451237	14.2
-122.723212	45.450688	14.2
-122.72373	45.450143	14.6
-122.72411	45.449552	14.4
-122.724458	45.44896	14.2
-122.724828	45.448312	15.4
-122.72521	45.447652	15.6
-122.725633	45.447007	15.8
-122.726037	45.446388	14.8
-122.7264	45.445838	13.4
-122.726653	45.44548	8.8
-122.726882	45.445217	6.8
-122.72711	45.444693	3.05
-122.727182	45.444093	13.4
-122.727183	45.443413	15
-122.72718	45.442712	15.4
-122.727175	45.441997	15.8
-122.727167	45.441298	15.4
-122.727163	45.440692	13.4
-122.727192	45.440235	10
-122.727243	45.439993	5.4
-122.72725	45.439918	1.6
-122.648348	45.494345	0.504
-122.63177	45.496872	10.2
-122.631943	45.496877	1.6
-122.632785	45.49694	2.1333333333
-122.633478	45.497027	10.8
-122.634278	45.497123	12.6
-122.63505	45.497247	12.2
-122.63573	45.497428	11.2
-122.636393	45.497607	11
-122.636985	45.49776	9.8
-122.637337	45.497828	5.8
-122.63839	45.49792	2.7
-122.639133	45.497983	11.6
-122.639867	45.49807	11.6
-122.640587	45.498252	11.8
-122.641323	45.498467	12.2
-122.642797	45.498895	12.4
-122.643482	45.499093	11.4
-122.644025	45.49925	9
-122.644287	45.499325	4.4
-122.64476	45.499447	1.3
-122.645385	45.499593	10.2
-122.646148	45.499728	12.2
-122.64699	45.499842	13.4
-122.647922	45.499927	14.4
-122.648893	45.500018	15.2
-122.649808	45.500167	14.4
-122.650688	45.50036	14.4
-122.65153	45.500577	13.8
-122.652352	45.500797	13.6
-122.653112	45.500977	12.4
-122.653765	45.501162	10.8
-122.654337	45.50129	9.2
-122.65466	45.501358	5.2
-122.655445	45.501503	0.5565217391
-122.656093	45.5016	10.4
-122.656625	45.50163	8
-122.656845	45.501792	5.2
-122.65684	45.501978	3.8
-122.65684	45.501978	0
-122.65684	45.501978	0
-122.656832	45.502108	3
-122.656837	45.50249	8.6
-122.65683	45.502955	10.2
-122.763485	45.601865	0.0861169102
-122.763417	45.601628	5.6
-122.76323	45.601313	8
-122.762942	45.600815	10
-122.762692	45.600363	10.6
-122.762158	45.599455	4.8002272297
-122.761832	45.598895	11
-122.761578	45.598453	10.6
-122.761362	45.598103	8.4
-122.761143	45.597755	8.4
-122.76104	45.597582	4
-122.760922	45.597397	4.4
-122.760743	45.597097	7.2
-122.760592	45.59676	7.8
-122.760653	45.596425	7.4
-122.760687	45.596108	7.4
-122.760402	45.595787	8.2
-122.76006	45.595445	9.2
-122.759717	45.595092	9.4
-122.759393	45.594763	8.8
-122.759168	45.594542	5.8
-122.758968	45.594352	5.2
-122.758715	45.594092	7
-122.758413	45.593782	8.2
-122.758092	45.593455	8.8
-122.757813	45.59317	7.6
-122.757525	45.592875	7.8
-122.757227	45.59257	8.2
-122.756942	45.592283	7.6
-122.756658	45.591987	8
-122.756382	45.591703	7.4
-122.756128	45.591443	7
-122.755897	45.591198	6.4
-122.75566	45.59096	6.4
-122.75543	45.590725	6.4
-122.755227	45.590503	5.8
-122.755038	45.590315	5
-122.754887	45.5902	4.25
-122.754753	45.59014	2
-122.75414	45.589972	1.7
-122.753775	45.589848	6.2
-122.753375	45.589722	6.8
-122.75298	45.589593	6.6
-122.752563	45.589465	7
-122.752165	45.589335	6.8
-122.751765	45.58921	6.8
-122.75141	45.589082	6.2
-122.75116	45.588993	1.1666666667
-122.751112	45.588827	3.6
-122.751263	45.588613	5
-122.751352	45.588495	2.6
-122.751372	45.58847	0.3
-122.751527	45.588252	5.4
-122.751745	45.58794	9.5
-122.75198	45.587605	6.8333333333
-122.75222	45.587255	8.4
-122.752638	45.58663	8.4444444444
-122.752702	45.586533	2
-122.752727	45.586445	2
-122.752435	45.586262	5.1666666667
-122.7519	45.586115	8.8
-122.751423	45.585975	8
-122.751115	45.585873	6.25
-122.751033	45.585852	1.2
-122.749983	45.585562	1.78
-122.749377	45.585388	10.2
-122.748752	45.585155	9
-122.747388	45.584718	11.6
-122.746702	45.584473	14.75
-122.746008	45.584247	9.8333333333
-122.745293	45.584008	12.4
-122.744582	45.583748	15.25
-122.744033	45.58335	10.3333333333
-122.743555	45.582907	15.25
-122.742948	45.582572	11.8
-122.742475	45.582375	8.4
-122.742312	45.582337	2
-122.74204	45.582322	0.6470588235
-122.741557	45.582365	7.6
-122.740997	45.582237	9.4
-122.7404	45.582058	10
-122.739962	45.581813	8.8
-122.739762	45.581512	7.2
-122.73966	45.581368	3.2
-122.73966	45.581368	0
-122.739375	45.581087	1.5384615385
-122.739018	45.58075	7.8333333333
-122.738473	45.580482	12.75
-122.737853	45.580205	9.5
-122.736445	45.579713	12.2
-122.735715	45.579485	12.4
-122.735123	45.579163	11.6
-122.734613	45.578722	12.6
-122.733577	45.57783	4.1971428571
-122.732922	45.577508	12.6
-122.732203	45.577243	15.5
-122.731482	45.576975	10.5
-122.730772	45.576713	12.6
-122.730073	45.576458	15
-122.72941	45.576213	11.6
-122.728807	45.575985	10.4
-122.728417	45.575828	6.6
-122.727732	45.57559	1.3777777778
-122.727125	45.575368	10.6
-122.726453	45.575118	11.8
-122.725743	45.57486	12.4
-122.725037	45.574595	12.4
-122.724403	45.574345	11
-122.7238	45.57413	10.6
-122.7231	45.573895	12
-122.722383	45.573632	12.6
-122.721747	45.573412	10.8
-122.721137	45.573525	9
-122.720592	45.57376	11
-122.719925	45.574027	12.2
-122.7192	45.574302	12.6
-122.718423	45.574542	13.2
-122.717595	45.57471	13.4
-122.716787	45.574852	12.8
-122.715975	45.575002	13
-122.71513	45.575148	13.4
-122.714277	45.575267	13.4
-122.713428	45.575312	13.2
-122.712565	45.575302	13.4
-122.711678	45.575272	13.8
-122.710807	45.57523	13.4
-122.70994	45.575185	13.4
-122.709085	45.57513	13.4
-122.708242	45.57502	13.2
-122.7074	45.574857	13.6
-122.706592	45.574648	13.2
-122.70579	45.574428	4.2577687213
-122.705015	45.574198	13
-122.70423	45.573942	13.4
-122.703485	45.573598	13.8
-122.702812	45.573203	13.4
-122.702182	45.572772	13.6
-122.701652	45.572278	13.6
-122.70119	45.571772	13.2
-122.700777	45.571287	12.4
-122.700477	45.570803	11.4
-122.700282	45.570433	8.4
-122.700148	45.570148	6.6
-122.699977	45.569925	5.4
-122.699578	45.56984	7
-122.698883	45.569833	11
-122.698097	45.569835	11.8
-122.697367	45.569842	11.2
-122.696673	45.569852	10.6
-122.696105	45.56987	8.6
-122.695798	45.569878	4.2
-122.695725	45.569887	0.2
-122.69551	45.569887	3.4
-122.69527	45.569848	3.8
-122.694343	45.569892	2.4666666667
-122.693697	45.569887	10
-122.693003	45.569892	10.8
-122.692293	45.569897	11
-122.691557	45.5699	11.4
-122.690033	45.569903	11.8
-122.68926	45.5699	12
-122.688497	45.569903	11.8
-122.68788	45.569905	9
-122.687625	45.569907	3.4
-122.687617	45.569905	0.0333333333
-122.687398	45.569907	3.8
-122.686048	45.569917	10.7
-122.685278	45.569902	11.8
-122.684498	45.569893	12.2
-122.683707	45.569892	12.2
-122.682937	45.569873	11.8
-122.682288	45.569852	9.8
-122.68186	45.569833	6.2
-122.681432	45.569852	0.6181818182
-122.681045	45.569887	6.2
-122.680592	45.569903	7
-122.680207	45.569903	5.8
-122.679818	45.569887	6.2
-122.679257	45.569882	8.8
-122.67866	45.56988	9.2
-122.67816	45.56988	7.4
-122.677915	45.569882	3.2
-122.677835	45.569882	0.4
-122.677375	45.569887	7.6
-122.676778	45.569898	9.4
-122.676107	45.569913	10.6
-122.675402	45.569913	10.8
-122.674655	45.569913	11.6
-122.673897	45.569925	11.8
-122.67312	45.569915	12
-122.672348	45.569918	12
-122.671593	45.569918	11.6
-122.670838	45.569923	11.6
-122.670092	45.569927	11.6
-122.669388	45.569937	10.6
-122.668933	45.569903	6.6
-122.668845	45.569237	7.4
-122.668855	45.568858	8.4
-122.668858	45.568433	9.4
-122.66886	45.56804	8.6
-122.668857	45.56764	8.8
-122.668868	45.566903	8
-122.668905	45.56668	4.4
-122.668867	45.566125	2.6
-122.66886	45.565665	10.4
-122.66886	45.565167	11
-122.668848	45.564692	10
-122.668872	45.564373	6.6
-122.668883	45.56426	1.8
-122.668822	45.563788	2.32
-122.668812	45.563343	10
-122.668818	45.562933	8.6
-122.668833	45.562647	6
-122.668823	45.562537	1.8
-122.668685	45.562022	1.8285714286
-122.668612	45.561597	9.4
-122.668537	45.561143	10.2
-122.668477	45.560707	9.4
-122.668428	45.56029	9.2
-122.668388	45.559857	9.6
-122.668355	45.559477	4.4262084333
-122.668355	45.559233	4.6
-122.668277	45.558467	1.3692307692
-122.66825	45.558095	8
-122.668255	45.557795	6.2
-122.668267	45.557658	2.4
-122.668153	45.556975	3.32
-122.668117	45.556538	9.6
-122.668083	45.5561	9.6
-122.668052	45.555658	9.8
-122.668028	45.555243	8.8
-122.668047	45.554922	6.6
-122.66805	45.554827	1.4
-122.668	45.554278	1.5111111111
-122.66799	45.553848	9.6
-122.667987	45.553382	10.2
-122.667983	45.552922	10.2
-122.667985	45.552512	8.6
-122.668003	45.552262	4.8
-122.668027	45.552177	1.4
-122.66798	45.551443	2.6333333333
-122.667973	45.55103	11
-122.667968	45.550603	9.2
-122.667965	45.550238	7.6
-122.667965	45.54998	5.4
-122.667968	45.549733	5.8
-122.667965	45.549368	8.2
-122.667963	45.548993	6.6
-122.66796	45.548742	5.8
-122.66796	45.548697	1
-122.667958	45.54859	2.2
-122.667963	45.5483	7.8
-122.668002	45.547958	7.4
-122.668023	45.547722	4.6
-122.66799	45.547182	1.8857142857
-122.667998	45.546677	11.4
-122.668005	45.546143	11.8
-122.668008	45.545057	11.9
-122.66809	45.544562	10.8
-122.668205	45.54413	9.2
-122.668218	45.5439	4
-122.668172	45.543128	3.1333333333
-122.66817	45.542612	11.4
-122.668172	45.542098	11.2
-122.668168	45.54167	8.6
-122.66816	45.541388	4.8
-122.668142	45.541248	3.2
-122.668137	45.541242	0.2
-122.66806	45.541057	3.8
-122.66793	45.540822	5.6
-122.667683	45.540227	1.9714285714
-122.667703	45.539907	7
-122.667723	45.539757	3.4
-122.667705	45.539505	0.9333333333
-122.667683	45.539078	9.4
-122.667683	45.538555	11.4
-122.667728	45.53746	12.1
-122.667747	45.536878	12.8
-122.667762	45.536297	12.8
-122.667775	45.535805	10.6
-122.667782	45.535437	8
-122.667788	45.535223	4.6
-122.667833	45.534948	6
-122.667838	45.53466	6.4
-122.667842	45.534543	2.6
-122.667848	45.534345	0.7333333333
-122.667852	45.534052	6.4
-122.667675	45.53373	7.6
-122.667303	45.533402	9.2
-122.666885	45.533043	10.2
-122.66642	45.532675	10.8
-122.666027	45.53228	10.6
-122.66586	45.531807	10.8
-122.665878	45.531353	10
-122.66588	45.531047	6.6
-122.665883	45.530967	0.45
-122.66588	45.530838	2.8
-122.665883	45.530568	6
-122.66597	45.530337	5.2
-122.66615	45.530155	4.8
-122.666387	45.530042	4.4
-122.666722	45.529777	0.65
-122.666947	45.52956	6
-122.667028	45.529418	3.2
-122.667065	45.529293	3
-122.667182	45.528925	8.2
-122.667468	45.528522	10
-122.66793	45.528233	9.6
-122.668423	45.528008	9.2
-122.564862	45.468093	1.3555555556
-122.564593	45.467835	7.2
-122.564415	45.467497	8.2
-122.56421	45.467093	9.6
-122.56387	45.46669	10.4
-122.563313	45.466453	10
-122.562698	45.466318	10
-122.562103	45.466187	9.6
-122.561537	45.46606	9.2
-122.560963	45.465932	9.4
-122.560338	45.465798	10.2
-122.559653	45.465705	11
-122.558945	45.465627	11.2
-122.558273	45.465453	11.2
-122.557738	45.465082	11
-122.55723	45.464742	11
-122.556552	45.464603	11.2
-122.555812	45.46462	11.4
-122.55508	45.464622	11.4
-122.55434	45.464635	11.6
-122.55359	45.464648	11.8
-122.552853	45.464663	11.4
-122.552133	45.464677	11.2
-122.551428	45.464687	11
-122.550723	45.464698	11
-122.550018	45.46471	11
-122.549322	45.464707	11
-122.548695	45.46467	9.4
-122.548288	45.464512	6.8
-122.548127	45.464387	3.4
-122.547988	45.464378	2.2
-122.547918	45.464493	2.8
-122.54795	45.464643	2.3333333333
-122.548202	45.464718	5.5
-122.54839	45.464703	2.4
-122.548695	45.464682	5.4
-122.549258	45.464673	9.2
-122.549952	45.464668	10.8
-122.550713	45.464663	11.8
-122.551482	45.464662	11.8
-122.552225	45.464655	11.4
-122.55299	45.464647	11.8
-122.55373	45.464642	11.4
-122.554482	45.464643	11.6
-122.555215	45.464645	11.2
-122.555933	45.464645	10.8
-122.556613	45.464648	10.6
-122.557253	45.464797	10.6
-122.557763	45.465133	11
-122.559003	45.465595	11
-122.559733	45.465673	11.4
-122.56042	45.46578	10.8
-122.561117	45.46594	11.2
-122.561815	45.466117	11.6
-122.562482	45.46629	10.8
-122.56314	45.466457	8.6
-122.563742	45.46671	13
-122.564095	45.467175	11.4
-122.564358	45.467652	9
-122.564762	45.468083	11.4
-122.56539	45.468328	11
-122.566057	45.468335	10.4
-122.566667	45.468328	9.6
-122.56727	45.468337	11
-122.567835	45.468357	7
-122.568237	45.468382	6.2
-122.568342	45.468398	1.8
-122.568342	45.468398	0
-122.568343	45.4684	0
-122.568425	45.468408	1.6666666667
-122.568812	45.468432	5.8
-122.569042	45.468452	3.8
-122.569677	45.468452	1.6
-122.570305	45.468465	10
-122.570987	45.468478	10.6
-122.571687	45.468493	8.6
-122.57238	45.468533	10.8
-122.573745	45.468562	4.5986301919
-122.574433	45.468577	8.6
-122.575133	45.468588	10.8
-122.575855	45.468607	11.2
-122.57656	45.468622	10.8
-122.57721	45.468648	10.2
-122.577713	45.468677	8
-122.578175	45.468678	1.0285714286
-122.57855	45.468687	5.6
-122.578903	45.468697	6.4
-122.579062	45.468782	3.2
-122.579052	45.469073	5.4
-122.579038	45.469473	8.8
-122.57903	45.46993	9.8
-122.579025	45.470403	10.6
-122.579018	45.470842	9.6
-122.579008	45.47111	6
-122.579003	45.471648	2.32
-122.579003	45.472092	9.6
-122.579002	45.472565	10.4
-122.579005	45.473053	10.8
-122.57901	45.473557	11
-122.57902	45.47407	11.2
-122.57905	45.474573	11.2
-122.579057	45.475047	10.4
-122.579087	45.475448	9
-122.579098	45.475683	5.2
-122.579095	45.47576	0.36
-122.579093	45.47577	0.3333333333
-122.579093	45.47577	0
-122.579093	45.475772	0
-122.579142	45.475878	2.5
-122.579415	45.475928	4.75
-122.579875	45.475907	7
-122.580405	45.475892	8
-122.580947	45.47589	8.2
-122.5815	45.475882	8.6
-122.58205	45.475885	8.4
-122.582567	45.475888	8
-122.58295	45.47589	6
-122.583402	45.475887	6.8
-122.583938	45.475887	8.2
-122.584508	45.475885	8.8
-122.585065	45.475887	8.6
-122.585608	45.47588	8.4
-122.586118	45.475882	7.8
-122.58665	45.47588	8.2
-122.587182	45.475883	8.2
-122.587698	45.475887	8
-122.588252	45.475882	8.6
-122.588817	45.47589	8.6
-122.589398	45.475893	9
-122.590008	45.475888	9.4
-122.591305	45.47588	10
-122.591952	45.475877	10
-122.592597	45.475872	10
-122.593262	45.475867	10.2
-122.59392	45.475862	10.2
-122.594557	45.475855	9.8
-122.595187	45.475853	9.8
-122.595838	45.47585	10.2
-122.596502	45.475843	10.2
-122.59716	45.475838	10.2
-122.597808	45.475838	10
-122.598463	45.475837	10
-122.599138	45.475833	10.6
-122.599812	45.475832	10.4
-122.60048	45.47583	10.2
-122.601132	45.47583	10.2
-122.601733	45.475832	9.4
-122.60209	45.475835	5.6
-122.602257	45.475835	2.4
-122.602737	45.475837	7.4
-122.60334	45.475837	9.4
-122.603973	45.475833	9.8
-122.604582	45.475835	9.4
-122.605013	45.475867	6.8
-122.605547	45.475852	0.5466666667
-122.606078	45.475848	8.2
-122.60671	45.475848	9.8
-122.607343	45.475848	9.8
-122.607905	45.475848	8.8
-122.608365	45.475848	7
-122.60855	45.475847	3
-122.608598	45.475848	0.1
-122.608765	45.475908	3.8
-122.608773	45.476158	4.6
-122.608783	45.476538	8.2
-122.608775	45.47738	4.5994644071
-122.608763	45.478233	9.4
-122.608762	45.478635	8.8
-122.608768	45.478872	5.2
-122.608768	45.478883	0.0333333333
-122.608773	45.479028	3
-122.608912	45.479183	4.2
-122.609257	45.479192	5.2
-122.609727	45.479187	7.2
-122.610232	45.479185	7.8
-122.610773	45.479183	8.2
-122.611298	45.479183	8.2
-122.611812	45.479178	7.8
-122.612157	45.479197	5.4
-122.613258	45.479192	2.8333333333
-122.613907	45.479192	9.8
-122.614533	45.479195	9.8
-122.615053	45.479198	8
-122.616147	45.479202	8.4
-122.616728	45.479203	9
-122.617293	45.479208	8.8
-122.617887	45.47921	9.2
-122.618475	45.47921	9
-122.619048	45.47921	8.8
-122.619612	45.479213	8.8
-122.62018	45.479217	8.8
-122.621327	45.479217	8.8
-122.621887	45.479215	8.8
-122.622337	45.479217	7
-122.622678	45.479218	5.2
-122.623127	45.47922	6.8
-122.623678	45.479215	8.6
-122.624292	45.479217	9.6
-122.624928	45.479218	9.8
-122.625518	45.479235	9.2
-122.625847	45.479245	5
-122.626333	45.479227	1.9
-122.626885	45.479268	8.6
-122.627428	45.479375	8.6
-122.627988	45.47937	8.6
-122.628983	45.479197	8
-122.629518	45.479223	8.2
-122.630002	45.479242	7.6
-122.630253	45.47923	3.8
-122.630388	45.479208	2
-122.630835	45.479137	7.2
-122.631397	45.479112	8.6
-122.631948	45.47921	8.8
-122.632485	45.479262	8.4
-122.632988	45.479102	8.6
-122.633517	45.478947	9
-122.633997	45.478852	7.6
-122.63428	45.478795	4.6
-122.63438	45.478768	1.6
-122.634657	45.4786	5.8
-122.634723	45.478312	6.4
-122.63448	45.478067	6.6
-122.634197	45.477868	6.8
-122.63422	45.477577	6.6
-122.634485	45.477308	7.2
-122.634782	45.476922	9.8
-122.634857	45.47643	10.8
-122.634817	45.47593	11
-122.634607	45.47547	10.6
-122.634427	45.475103	8.8
-122.63459	45.474728	8.6
-122.635128	45.474472	10
-122.635875	45.474358	11.8
-122.636712	45.474352	12.8
-122.637563	45.474355	13.2
-122.638422	45.47433	13.2
-122.639265	45.474287	13
-122.640025	45.474242	11.6
-122.640712	45.474205	10.6
-122.641202	45.474183	7.6
-122.641385	45.474183	2.8
-122.641613	45.474327	4.8
-122.641638	45.47465	6.8
-122.641768	45.474848	6
-122.642112	45.47487	4.4
-122.64238	45.474995	5.2
-122.642423	45.475307	7
-122.642455	45.475712	9
-122.642495	45.476128	9.2
-122.642548	45.476522	8.6
-122.64259	45.476888	8
-122.642418	45.477187	7.2
-122.642218	45.477407	5.8
-122.64202	45.477737	4.6318690096
-122.641667	45.47773	5.4
-122.641467	45.477717	3
-122.64125	45.477557	4.8
-122.641187	45.477137	9.8
-122.641113	45.476585	12.2
-122.641047	45.476063	11.4
-122.640938	45.47559	10.6
-122.640872	45.475228	7.8
-122.641072	45.47506	5
-122.641392	45.475008	5.4
-122.641573	45.474773	6.2
-122.641572	45.47448	6.6
-122.641553	45.47426	4.8
-122.641713	45.474132	3.8
-122.642143	45.474098	6.4
-122.642735	45.474058	9.2
-122.643348	45.47402	9.4
-122.64397	45.47398	9.6
-122.644612	45.473943	10
-122.645257	45.473908	9.8
-122.645895	45.473877	9.8
-122.64652	45.473837	9.8
-122.647117	45.4738	9.2
-122.64749	45.473777	5.6
-122.647522	45.473777	0.5
-122.647522	45.473777	0
-122.647522	45.473777	0.25
-122.647525	45.473777	0
-122.64776	45.473765	3.6
-122.648152	45.473743	6
-122.648352	45.47374	3.2
-122.648795	45.473877	1.2285714286
-122.648827	45.474167	6.4
-122.648857	45.474505	7.4
-122.64889	45.474868	8
-122.64893	45.475235	8.2
-122.64898	45.475592	7.8
-122.649013	45.475968	8.2
-122.649057	45.476365	8.8
-122.649107	45.476777	9
-122.649158	45.477183	9
-122.64921	45.477583	8.8
-122.649255	45.477987	8.8
-122.649303	45.478375	8.6
-122.64934	45.478757	8.2
-122.649383	45.479152	8.8
-122.649433	45.479573	9.2
-122.649477	45.480005	9.6
-122.64952	45.480437	9.4
-122.64957	45.480873	9.6
-122.649647	45.481793	10.1
-122.649642	45.482265	10.4
-122.649637	45.482725	10
-122.64963	45.483187	10.2
-122.649615	45.483642	10
-122.649575	45.484	7.8
-122.649563	45.484103	0.1538461538
-122.649587	45.484215	2.6
-122.649605	45.484527	6.8
-122.649595	45.484933	9
-122.649605	45.485342	9
-122.649753	45.485743	9
-122.649942	45.48614	9.2
-122.650112	45.486572	9.8
-122.650258	45.487013	10
-122.6504	45.487428	9.2
-122.650502	45.48774	7
-122.65061	45.488083	7.8
-122.650688	45.488365	6.2
-122.650757	45.48865	6.4
-122.650845	45.489003	8
-122.650937	45.489368	8
-122.651008	45.48972	7.8
-122.651077	45.490023	6.8
-122.651112	45.49018	3.2
-122.651162	45.49033	0.9
-122.651298	45.490648	7.4
-122.651473	45.491022	8.6
-122.651672	45.491415	9.2
-122.651857	45.491817	9.2
-122.652023	45.492207	9
-122.652188	45.492593	8.8
-122.652385	45.492983	9.2
-122.652548	45.493387	9.2
-122.652728	45.493795	9.4
-122.652865	45.494178	8.6
-122.652937	45.494428	5.4
-122.653157	45.495082	4.5532886119
-122.653273	45.495443	8.2
-122.653378	45.495822	8.4
-122.653487	45.496203	8.6
-122.653592	45.49657	8.2
-122.653695	45.49694	8.2
-122.653802	45.49732	8.6
-122.653913	45.497688	8.2
-122.653958	45.497973	6.2
-122.653972	45.498093	0.1238095238
-122.654052	45.498268	4.2
-122.654152	45.498592	7.2
-122.654192	45.498983	8.8
-122.654193	45.4994	9
-122.654197	45.49983	9.6
-122.65419	45.500258	9.4
-122.65418	45.500665	8.8
-122.654187	45.500915	5.2
-122.654193	45.500963	0.0714285714
-122.654218	45.501162	4.4
-122.654417	45.501317	4.4
-122.655135	45.50142	1.45
-122.655712	45.501518	9
-122.656257	45.501573	8.6
-122.656747	45.501583	7.6
-122.657405	45.501585	10.2
-122.65816	45.501592	11.8
-122.658933	45.501602	11.8
-122.659723	45.50161	12.4
-122.660522	45.501577	12.4
-122.661338	45.501513	12.8
-122.662152	45.501447	12.6
-122.662947	45.501385	12.4
-122.663787	45.501322	13.2
-122.664675	45.501252	13.8
-122.665583	45.50118	14.2
-122.666512	45.501108	14.6
-122.66747	45.501035	15
-122.668442	45.500958	15
-122.669418	45.500883	15.2
-122.670387	45.500808	15.2
-122.67134	45.500735	14.8
-122.672275	45.500663	14.6
-122.673162	45.500595	13.8
-122.673978	45.500533	12.6
-122.6747	45.500562	11.2
-122.675237	45.500872	10.8
-122.675413	45.501322	10.4
-122.675395	45.50178	10.2
-122.675572	45.502227	10.2
-122.676035	45.502595	10.8
-122.676547	45.502968	11.4
-122.677058	45.503338	11.2
-122.677553	45.503658	10.4
-122.67807	45.503775	8.4
-122.678387	45.50379	4.6
-122.678692	45.504112	1.0196078431
-122.678687	45.504367	5.8
-122.678677	45.504755	8.6
-122.678645	45.505177	9.2
-122.678635	45.505588	9
-122.678623	45.506007	9.2
-122.678615	45.506407	8.8
-122.678615	45.506808	8.8
-122.678652	45.507222	9.2
-122.678682	45.507598	6.6666666667
-122.678677	45.507738	2.8
-122.678673	45.507763	0.8
-122.67871	45.5079	3.75
-122.678982	45.508007	4.4
-122.679418	45.507985	5.8333333333
-122.67968	45.507972	3.8
-122.6804	45.507942	2.0344827586
-122.680957	45.507947	7.1666666667
-122.681362	45.50796	6.2
-122.681668	45.50799	3.8333333333
-122.681732	45.508002	0.2380952381
-122.681958	45.508105	4.4
-122.681975	45.508442	6.3333333333
-122.681858	45.508773	7.6
-122.681705	45.509078	7
-122.681557	45.509327	6
-122.681478	45.509462	2.8
-122.6814	45.509607	3.4
-122.681363	45.509767	4.5
-122.681592	45.509915	3.6666666667
-122.68172	45.509943	2
-122.681925	45.509995	0.9
-122.682602	45.510163	4.5506928958
-122.682905	45.510237	5
-122.683095	45.510287	3
-122.683117	45.510297	0.1333333333
-122.68324	45.510347	2.75
-122.683248	45.510568	4.1666666667
-122.683127	45.510797	5.2
-122.683023	45.510967	0.95
-122.682885	45.511227	6.2
-122.68274	45.511462	5.2
-122.68269	45.511527	1.4
-122.682628	45.511618	2.4
-122.682488	45.511862	5.6
-122.68235	45.512095	5.6
-122.682202	45.512328	5.6
-122.682018	45.512595	6.4
-122.681902	45.512797	4.6
-122.681667	45.513398	3.5
-122.681448	45.513793	9.2
-122.681262	45.514123	7.6
-122.681148	45.514322	4.8
-122.680945	45.51458	6.4
-122.68084	45.514752	3.8
-122.680617	45.515317	3.35
-122.680417	45.515703	9
-122.680218	45.5161	9.2
-122.67999	45.516525	10
-122.67983	45.516823	6.8
-122.679755	45.516952	3
-122.67957	45.517218	6.6
-122.67943	45.517457	5.6
-122.679408	45.517495	0.75
-122.679233	45.517938	2.5238095238
-122.67905	45.51827	8
-122.67887	45.518607	7.8
-122.678682	45.518948	8
-122.678502	45.519287	8
-122.678313	45.519635	8.2
-122.678127	45.51999	8.4
-122.677928	45.520332	8
-122.677728	45.520632	7.2
-122.677623	45.520812	4
-122.677472	45.521192	2.25
-122.67733	45.521512	7.4
-122.677172	45.52181	7
-122.677023	45.522077	6.2
-122.676918	45.52227	4.4
-122.676995	45.522415	3.8
-122.677225	45.522483	3.8
-122.677322	45.52251	1.6
-122.677323	45.522625	3.4
-122.677287	45.522758	2.6
-122.677302	45.522778	0.08
-122.677255	45.522862	2
-122.677077	45.522927	3.2
-122.676817	45.522913	4.2
-122.67645	45.522913	0.5272727273
-122.676102	45.522917	5.4
-122.67576	45.522925	5.4
-122.675323	45.522933	7
-122.674812	45.522935	8.2
-122.674212	45.52296	9.4
-122.673557	45.522978	10
-122.672925	45.522975	9.8
-122.671637	45.522982	9.9
-122.670935	45.522995	11
-122.670178	45.522993	11.8
-122.669357	45.522982	12.8
-122.668508	45.522973	13.2
-122.667642	45.52299	13.4
-122.666748	45.522985	13.8
-122.665855	45.52297	13.8
-122.664973	45.522953	13.6
-122.664122	45.522938	13.2
-122.663363	45.522918	11.6
-122.662705	45.522908	10
-122.662087	45.522915	9.6
-122.661518	45.522925	8.6
-122.660987	45.522927	8.2
-122.660468	45.522927	8
-122.659993	45.522928	7.2
-122.659575	45.522928	6.4
-122.65924	45.522927	5
-122.658967	45.522925	4.2
-122.658842	45.522925	0.2571428571
-122.658607	45.522923	3.8
-122.658358	45.522922	3.8
-122.658257	45.52292	1.4
-122.657957	45.522915	4.603353073
-122.657773	45.522918	3
-122.657432	45.522923	5.4
-122.657048	45.522927	6
-122.656667	45.522923	5.8
-122.656278	45.522922	6
-122.655885	45.522922	6.2
-122.655478	45.52292	6.2
-122.6551	45.522917	5.8
-122.654748	45.522905	5.4
-122.654448	45.522882	4.6
-122.654293	45.522872	2.2
-122.654278	45.522872	0.025
-122.654238	45.522868	0.6
-122.654203	45.522867	0.4
-122.654172	45.522863	0.8
-122.653937	45.522865	3.8
-122.653597	45.522873	5.4
-122.653157	45.522895	6.8
-122.652658	45.5229	7.8
-122.652142	45.52289	8
-122.651622	45.522888	8
-122.651087	45.522898	8.2
-122.650567	45.522903	8
-122.650113	45.522898	7
-122.64975	45.522888	5.4
-122.64963	45.522887	1.4
-122.649608	45.522887	0.1333333333
-122.649512	45.52293	1.8
-122.649488	45.523085	3.4
-122.649508	45.523338	5.8
-122.649513	45.523615	6.2
-122.649505	45.523848	5
-122.649498	45.523967	2.2
-122.6495	45.523997	0.15
-122.649493	45.524093	2
-122.649493	45.524103	0.5
-122.649493	45.524103	0
-122.64949	45.52417	1.6
-122.64949	45.524335	3.8
-122.649303	45.524492	4.6
-122.648455	45.524793	7.5
-122.647972	45.524962	8.4
-122.64702	45.525305	8.2
-122.64666	45.525442	6
-122.64654	45.525487	1.8
-122.646538	45.525487	0
-122.646538	45.525487	0
-122.646523	45.525493	1
-122.646302	45.525573	4
-122.646075	45.525657	4
-122.645682	45.525802	3.5
-122.645275	45.525948	7.2
-122.644783	45.52613	8.8
-122.644267	45.526322	8.8
-122.643823	45.526502	7.8
-122.64349	45.526562	5.2
-122.643193	45.526485	5.2
-122.642733	45.526468	7.4
-122.642193	45.526462	8.4
-122.641657	45.526457	8.2
-122.641105	45.526457	8.6
-122.640522	45.526457	9
-122.639932	45.526455	9.2
-122.639338	45.526452	9
-122.63877	45.526453	8.8
-122.63823	45.526453	8.4
-122.637725	45.526452	7.6
-122.637423	45.526452	4.2
-122.637247	45.526452	0.4285714286
-122.636788	45.526452	7.4
-122.63621	45.526452	9
-122.635573	45.526452	10
-122.63493	45.526448	9.8
-122.634298	45.526447	9.8
-122.633657	45.526448	10
-122.633	45.526448	10.2
-122.632332	45.526443	10.2
-122.631665	45.526445	10.4
-122.63098	45.52645	10.6
-122.6303	45.526448	10.4
-122.629623	45.526447	10.6
-122.62895	45.526445	10.4
-122.628267	45.526442	10.6
-122.627578	45.526442	10.6
-122.626898	45.526442	10.6
-122.626215	45.526442	10.6
-122.625552	45.526442	10.2
-122.623805	45.526433	4.5963530212
-122.623608	45.526405	2.6
-122.623518	45.526382	1.4
-122.623477	45.526368	0.8
-122.623157	45.526222	6.6
-122.622667	45.526333	7.8
-122.622185	45.52648	9
-122.62156	45.526487	9.6
-122.620902	45.526477	10.2
-122.620217	45.526473	10.6
-122.6195	45.52647	11.2
-122.618797	45.526468	10.8
-122.618097	45.526467	10.8
-122.617403	45.526463	10.8
-122.616727	45.526455	10.4
-122.61607	45.526452	10.2
-122.615448	45.526443	9.2
-122.61516	45.526448	3.8
-122.61513	45.526448	0.1333333333
-122.614802	45.52651	5.6
-122.614292	45.526533	8.2
-122.613703	45.52653	9
-122.613108	45.526527	9.2
-122.612505	45.52652	9.4
-122.611882	45.526518	9.8
-122.611227	45.526525	10.2
-122.610548	45.526518	10.4
-122.60988	45.526515	10.2
-122.609228	45.52651	10.2
-122.607892	45.526505	10.3
-122.607227	45.526503	10.4
-122.606565	45.526505	10.2
-122.6059	45.526498	10.2
-122.605237	45.526498	10.2
-122.604562	45.526497	10.6
-122.603885	45.526497	10.4
-122.603238	45.526495	10
-122.60268	45.52649	8.2
-122.60248	45.526487	2.4
-122.602372	45.526487	0.275
-122.601928	45.526485	7.2
-122.601315	45.526485	9.6
-122.600627	45.526485	10.8
-122.599937	45.52648	10.6
-122.599245	45.526477	10.8
-122.598565	45.526477	10.4
-122.597885	45.526475	10.6
-122.597197	45.52647	10.6
-122.59651	45.526468	10.6
-122.595828	45.526465	10.6
-122.595152	45.526462	10.4
-122.594483	45.52646	10.4
-122.593788	45.526457	10.8
-122.593092	45.526458	10.8
-122.5924	45.526455	10.6
-122.591712	45.526452	10.6
-122.591023	45.52645	10.8
-122.590335	45.526447	10.6
-122.589648	45.526447	10.6
-122.588958	45.526445	10.6
-122.588273	45.526443	10.6
-122.587642	45.52644	9.6
-122.58718	45.526437	6.8
-122.587008	45.526437	2
-122.587	45.526437	0.0666666667
-122.586775	45.526437	4.2
-122.586267	45.526435	8
-122.585703	45.526435	8.8
-122.585208	45.526433	7.4
-122.600722	45.366397	9.4
-122.600685	45.366548	3.4
-122.600685	45.366548	0
-122.600685	45.366548	0
-122.600677	45.366562	0.5
-122.60039	45.366733	5.6
-122.599735	45.366697	10
-122.59943	45.366222	11.8
-122.599985	45.365827	13
-122.600832	45.365572	14.8
-122.601838	45.365285	16.8
-122.60291	45.36498	18
-122.604002	45.364668	18.2
-122.605117	45.36435	18.8
-122.606273	45.364032	24
-122.607443	45.36376	19.2
-122.608493	45.363578	16.8
-122.60925	45.363487	11.8
-122.609692	45.363448	7
-122.610052	45.363453	5.6
-122.610367	45.363735	7.8
-122.610772	45.364193	11.8
-122.611253	45.364713	13.6
-122.611728	45.365165	12.4
-122.611968	45.36535	5.6
-122.61212	45.36546	3.2
-122.612558	45.36577	9.6
-122.613157	45.366153	12.6
-122.61391	45.366512	14.2
-122.614717	45.36685	14.6
-122.615563	45.367185	15
-122.6164	45.367578	15.6
-122.617922	45.368493	15.5
-122.618658	45.368933	15.2
-122.619412	45.369382	15.2
-122.620172	45.369818	15.2
-122.62104	45.370152	15.4
-122.621907	45.370442	15
-122.62277	45.370732	14.8
-122.623642	45.371065	15.6
-122.62448	45.371442	15.4
-122.625345	45.371843	16.2
-122.626225	45.37226	16.4
-122.627143	45.372695	17.2
-122.627988	45.373105	16
-122.628767	45.373572	16
-122.629577	45.374118	17.4
-122.63043	45.374668	18
-122.631238	45.375227	17.6
-122.631865	45.37575	15.2
-122.632427	45.376252	14
-122.633017	45.376763	14.6
-122.633608	45.377282	14.8
-122.634258	45.377848	16
-122.63494	45.37844	16.8
-122.635637	45.379037	17
-122.63632	45.379603	16.4
-122.636818	45.380242	16.2
-122.637077	45.38096	16.4
-122.63737	45.381697	17
-122.637902	45.38239	17.4
-122.69183	45.517257	8.4
-122.691437	45.51715	6.4
-122.691292	45.517117	2.2
-122.691292	45.517115	0
-122.690948	45.517045	0.0621118012
-122.690477	45.516923	7.8
-122.689983	45.516793	8.2
-122.689483	45.51666	8.2
-122.688953	45.516518	8.8
-122.688432	45.516385	8.4
-122.68793	45.516252	8.2
-122.687422	45.516112	8.2
-122.687047	45.51598	6.2
-122.686918	45.515935	1.6
-122.686495	45.515847	1.9
-122.686068	45.515732	7.2
-122.68561	45.515605	7.6
-122.68518	45.515482	7.2
-122.684668	45.51535	8.4
-122.684155	45.51521	8.6
-122.683682	45.51508	7.6
-122.683247	45.514967	7.2
-122.682813	45.514862	6.8
-122.682498	45.514772	5
-122.682383	45.51476	1.2
-122.682353	45.514742	0.3333333333
-122.68203	45.514678	5.4
-122.681645	45.514583	6.4
-122.6812	45.514458	7.6
-122.680735	45.514347	7.4
-122.68034	45.514245	6.6
-122.679937	45.514128	6.6
-122.679547	45.514025	6.4
-122.67925	45.51395	4.6
-122.679057	45.51392	3
-122.678907	45.51402	4.6
-122.67878	45.514237	5
-122.67874	45.514318	1
-122.678723	45.514348	0.3
-122.678602	45.514567	5.8
-122.678447	45.514835	6.2
-122.678342	45.515008	3.8
-122.678192	45.515075	3
-122.677895	45.514992	5.2
-122.67761	45.514905	0.7
-122.677343	45.514825	5
-122.676985	45.514722	6
-122.676638	45.514618	6
-122.676253	45.514503	5.2
-122.67553	45.514333	5.9
-122.674542	45.514035	8.2
-122.673942	45.513867	9.8
-122.67324	45.513682	11.6
-122.672543	45.513517	11.4
-122.671882	45.513338	10.8
-122.671202	45.513158	11.2
-122.670457	45.512973	12.2
-122.669688	45.512783	12.6
-122.668913	45.512588	12.6
-122.668125	45.512397	13
-122.66726	45.51225	13.6
-122.666365	45.512227	13.8
-122.665487	45.512253	13.6
-122.66462	45.512265	13.4
-122.663833	45.51227	12.2
-122.66308	45.512273	11.6
-122.662358	45.512273	11.2
-122.661737	45.512275	9.6
-122.661317	45.512275	6.6
-122.66106	45.512277	4.2
-122.660997	45.512288	1
-122.660873	45.512293	0.3448275862
-122.66068	45.512385	3.8
-122.660673	45.512617	5
-122.660692	45.512775	3.6
-122.6607	45.512843	0.35
-122.660702	45.513123	6
-122.660687	45.513343	4.8
-122.660692	45.513398	1.2
-122.660735	45.51402	0.6476190476
-122.660737	45.514403	8.4
-122.660742	45.514727	7.2
-122.660745	45.514922	4.2
-122.660747	45.515065	0.8
-122.660748	45.515385	7
-122.660728	45.51574	4.8316206813
-122.660713	45.51607	7.2
-122.660707	45.516433	8
-122.660702	45.516762	7.2
-122.660708	45.516865	2.2
-122.660707	45.517182	1.4
-122.660723	45.517632	10
-122.660725	45.518087	10
-122.660717	45.518525	9.6
-122.660718	45.518912	8.4
-122.660717	45.519157	5.4
-122.660718	45.519223	1.4
-122.66072	45.519302	0.36
-122.660717	45.519512	4.6
-122.660713	45.520103	2.1666666667
-122.660708	45.52058	10.6
-122.660725	45.521055	10.4
-122.660735	45.52144	8.4
-122.660713	45.52183	8.6
-122.6607	45.522228	8.6
-122.660697	45.522578	7.6
-122.660698	45.522732	3.2
-122.660693	45.523383	1.46
-122.660693	45.523763	8.4
-122.66072	45.524155	8.6
-122.660727	45.524605	10
-122.660727	45.525123	11.4
-122.660725	45.525687	12.4
-122.660723	45.526207	11.4
-122.66072	45.526657	9.8
-122.660673	45.527103	9.8
-122.660668	45.527563	10.2
-122.660658	45.52856	11
-122.660655	45.529038	10.4
-122.660653	45.529448	8.8
-122.660652	45.529667	4.6
-122.660655	45.53021	0.547826087
-122.660655	45.53064	9.4
-122.660657	45.531033	8.6
-122.660647	45.531437	8.8
-122.660632	45.53172	6
-122.660617	45.531883	3.6
-122.660613	45.531955	1.2
-122.660612	45.53245	1.18
-122.660615	45.532905	10
-122.660612	45.533462	10.1666666667
-122.660608	45.533865	8.8
-122.660612	45.534155	6
-122.660613	45.534407	5.8
-122.66061	45.534695	6.2
-122.66061	45.534917	5
-122.660612	45.53521	6.4
-122.660603	45.535375	3
-122.660713	45.535932	1.34
-122.661055	45.536273	9.2
-122.661482	45.536532	8.8
-122.66162	45.536888	8.2
-122.661607	45.537287	8.8
-122.661585	45.537623	6.8
-122.661578	45.537705	1.4
-122.661578	45.53863	3.6333333333
-122.661567	45.539175	11.8
-122.661567	45.539672	10.8
-122.661542	45.540053	8
-122.661538	45.540188	2.2
-122.661535	45.540797	2.4333333333
-122.661543	45.541243	9.8
-122.661545	45.541662	9.2
-122.661518	45.541955	5.6
-122.66151	45.54249	1.4444444444
-122.66152	45.542987	11
-122.66152	45.543505	11.4
-122.661528	45.543958	9.6
-122.661545	45.54432	7.4
-122.661555	45.544452	2.2
-122.661558	45.544452	0
-122.661558	45.544452	0
-122.661562	45.54446	2
-122.66156	45.544672	5.4
-122.661555	45.544998	7.4
-122.661545	45.54594	10.3
-122.661542	45.546173	4.2
-122.661548	45.546773	2.88
-122.661542	45.54722	9.8
-122.661533	45.5476	8
-122.661518	45.54783	4.4
-122.661515	45.54791	1.4
-122.661515	45.54791	0
-122.661515	45.54791	0
-122.66152	45.54796	4.6026025237
-122.66152	45.548228	5
-122.66152	45.548693	10.2
-122.661535	45.549187	10.8
-122.661533	45.549705	11.4
-122.661528	45.55021	11
-122.661527	45.55068	10.4
-122.661522	45.550937	5.8
-122.661497	45.551637	3.08
-122.661495	45.551873	5.2
-122.661503	45.55194	1.6
-122.661502	45.551973	0.2
-122.661497	45.552278	6.6
-122.661493	45.55273	9.8
-122.661483	45.553028	8.5
-122.661462	45.55388	2.325
-122.661457	45.554433	12.2
-122.661442	45.554995	12.4
-122.66145	45.555538	11.8
-122.661465	45.556077	11.8
-122.66147	45.556635	12.4
-122.661458	45.557175	11.8
-122.66145	45.5577	11.6
-122.661443	45.558215	11.4
-122.66144	45.558662	9.8
-122.661438	45.558923	5.8
-122.66144	45.558993	1.4
-122.661438	45.558998	0.25
-122.661438	45.558998	0
-122.661438	45.558998	0
-122.661437	45.559048	2.5
-122.661432	45.559333	6.4
-122.661422	45.559527	4.2
-122.661422	45.559948	1.3142857143
-122.661425	45.560483	11.8
-122.66142	45.561092	13.4
-122.661395	45.561663	12.6
-122.66138	45.562142	10.4
-122.661373	45.562455	7
-122.661368	45.562588	2.8
-122.661367	45.562592	0
-122.661355	45.562918	0.880952381
-122.661353	45.56342	11.2
-122.661348	45.563957	11.8
-122.661343	45.564487	11.6
-122.66134	45.56552	11.3
-122.661338	45.565977	10
-122.661337	45.566202	4.8
-122.661337	45.566708	1.9
-122.661332	45.56728	12.6
-122.661323	45.567935	14.4
-122.66132	45.568587	14.4
-122.661313	45.569237	14.2
-122.661307	45.569807	12.6
-122.661318	45.571008	13.2
-122.66131	45.57161	13.2
-122.661297	45.572213	13.2
-122.661293	45.572825	13.6
-122.66129	45.574077	13.7
-122.661285	45.574695	13.6
-122.661278	45.575257	12.2
-122.661272	45.575582	6.8
-122.66127	45.575653	1.4
-122.661272	45.57652	3.2333333333
-122.661267	45.57682	6.4
-122.661267	45.576878	1
-122.661267	45.577092	1.6666666667
-122.661268	45.577453	8.2
-122.661272	45.578007	12.4
-122.6613	45.578663	14.6
-122.661295	45.579308	14
-122.661292	45.579873	12.2
-122.661273	45.580335	10
-122.661255	45.58073	8.8
-122.661237	45.581143	9
-122.661243	45.581405	5.2
-122.661272	45.581543	1.1333333333
-122.661448	45.581953	9.8
-122.661783	45.58255	14.4
-122.662222	45.583305	18.2
-122.662697	45.58415	20.2
-122.66322	45.585065	21.8
-122.663755	45.585953	21
-122.664222	45.586753	18.8
-122.66466	45.587518	18.2
-122.665102	45.588288	18.2
-122.665568	45.589098	19.4
-122.666012	45.589875	18
-122.666327	45.590432	12.6
-122.681307	45.508008	4.2553207406
-122.681638	45.508042	4.6
-122.681677	45.508048	0.6
-122.681885	45.508102	3.6
-122.681983	45.508303	5.2
-122.681935	45.50863	7.2
-122.681818	45.508958	7.4
-122.68167	45.50923	6.2
-122.681558	45.509482	5.6
-122.681448	45.509682	4.4
-122.681402	45.509745	0.24
-122.681383	45.50988	3.2
-122.681602	45.509988	4.4
-122.681935	45.510077	5.2
-122.682342	45.510183	0.9714285714
-122.682735	45.51028	6.6
-122.683022	45.510353	4
-122.683082	45.51037	0.12
-122.648347	45.494855	11.4
-122.648323	45.495392	11.6
-122.648225	45.495928	12
-122.64811	45.49646	11.8
-122.648037	45.49698	11.4
-122.647997	45.497467	10.8
-122.64795	45.497953	10.8
-122.64797	45.498442	10.8
-122.648252	45.498887	10.6
-122.648613	45.49932	11.2
-122.648965	45.499753	10.8
-122.649827	45.500405	4.1312832752
-122.650458	45.500438	10
-122.651113	45.500523	10.4
-122.651783	45.500663	10.8
-122.652443	45.50081	10.8
-122.653057	45.500957	10
-122.65356	45.501098	8.2
-122.653905	45.501192	5.4
-122.65405	45.501227	2.2
-122.654052	45.501227	0
-122.654052	45.501227	0
-122.654052	45.501227	0
-122.654083	45.501233	1.5
-122.654417	45.501302	5.6
-122.654672	45.501357	3.8
-122.655873	45.501573	3.3333333333
-122.656458	45.501613	8.8
-122.656782	45.501682	5
-122.656837	45.501903	4.8
-122.656822	45.502007	2.2
-122.656827	45.502275	6.2
-122.656828	45.502602	7.2
-122.656822	45.50294	7.4
-122.656808	45.503283	7.4
-122.656788	45.503662	8.4
-122.656787	45.504033	8.2
-122.656768	45.50437	7.2
-122.656907	45.504682	7.2
-122.657245	45.504862	6.2
-122.65748	45.504897	3.4
-122.657637	45.504905	0.56
-122.658108	45.504912	7.6
-122.658535	45.504908	6.2
-122.65876	45.504985	4
-122.65879	45.505263	6.4
-122.658773	45.50549	4.2
-122.658762	45.505542	1.2
-122.658808	45.50578	5.8
-122.659173	45.506042	8.4
-122.659763	45.506293	11.2
-122.660477	45.50647	11.8
-122.661152	45.506523	10.2
-122.661605	45.506527	6.4
-122.661822	45.506523	3.6
-122.662307	45.506528	8.2
-122.66287	45.506542	8.2
-122.66317	45.50655	4
-122.663792	45.506568	1.0222222222
-122.66437	45.50656	8.8
-122.664845	45.506385	8.4
-122.665248	45.506115	8.8
-122.66573	45.505787	10.4
-122.666243	45.505438	11
-122.666762	45.505102	11
-122.667238	45.5048	10
-122.667703	45.504493	9.8
-122.66818	45.504183	10.2
-122.66868	45.503863	10.4
-122.669197	45.50353	11
-122.669732	45.50324	10.4
-122.670307	45.503035	10
-122.670853	45.502875	9.2
-122.671335	45.502733	8
-122.671692	45.502632	6
-122.672587	45.502568	1.8
-122.672928	45.502813	7.6
-122.673095	45.50319	8.8
-122.67329	45.503635	10.4
-122.673522	45.504107	11
-122.673797	45.504583	11.4
-122.674072	45.505042	11
-122.674433	45.505473	11
-122.674833	45.505895	11.2
-122.675097	45.506347	10.8
-122.675298	45.506793	10.4
-122.675438	45.507232	9.8
-122.67564	45.507622	9.2
-122.67605	45.507908	9
-122.676592	45.508015	8.6
-122.677057	45.508013	7
-122.677273	45.508007	3.2
-122.67757	45.508022	4.8
-122.678088	45.508032	8.2
-122.67839	45.508025	4.4
-122.67862	45.508018	3.8
-122.679078	45.508	7.2
-122.67959	45.507987	8
-122.680158	45.507978	9
-122.584702	45.526432	8
-122.584195	45.526432	7.8
-122.583673	45.526422	8
-122.583128	45.526425	8.4
-122.582592	45.526422	8.4
-122.582052	45.526422	8.2
-122.581518	45.52642	8.4
-122.580373	45.526407	8.8
-122.579853	45.526392	8
-122.579443	45.526388	6
-122.579303	45.526387	0.1333333333
-122.579102	45.526387	3.8
-122.578677	45.526383	6.8
-122.578122	45.526382	8.6
-122.577497	45.526375	9.8
-122.576783	45.526383	11.4
-122.575957	45.526392	12.8
-122.575055	45.526383	14.2
-122.574018	45.526372	16.2
-122.572083	45.526333	4.6218222453
-122.571172	45.526328	14
-122.5703	45.52632	13.4
-122.569482	45.526315	12.6
-122.568723	45.526307	11.6
-122.568013	45.5263	10.8
-122.567398	45.526305	9.2
-122.56702	45.526323	5.2
-122.566972	45.526323	0.1
-122.566915	45.526323	1
-122.566598	45.526317	5.6
-122.566013	45.5263	9.4
-122.565293	45.52629	11.2
-122.564562	45.526285	11.4
-122.563818	45.526283	11.4
-122.563107	45.526295	10.8
-122.56262	45.526305	7
-122.56244	45.526305	2.2
-122.562438	45.526305	0
-122.562242	45.526303	3.6
-122.561943	45.526425	5.4
-122.561905	45.52672	6.8
-122.561918	45.527102	8.8
-122.561923	45.527517	9
-122.561922	45.527933	9.2
-122.561922	45.528368	9.6
-122.561918	45.528795	9.2
-122.56191	45.52918	8.2
-122.56191	45.529348	3
-122.561952	45.529455	2.8
-122.562278	45.529542	5.6
-122.56274	45.529543	7.2
-122.563113	45.52955	5.4
-122.563243	45.529552	1.8
-122.563447	45.52957	3.2
-122.563672	45.529872	4.1
-122.563705	45.530107	5.4
-122.563788	45.530337	5.2
-122.563818	45.530542	4.2
-122.563825	45.530637	2
-122.63849	45.572628	2.6
-122.639407	45.572688	0.0770010132
-122.639915	45.572815	8.4
-122.640387	45.572957	7.8
-122.640883	45.57299	7.6
-122.641208	45.572765	8.75
-122.641332	45.572455	6.3333333333
-122.64135	45.572133	6.8
-122.641348	45.571978	3
-122.641343	45.57193	1
-122.641213	45.571833	2.8333333333
-122.640208	45.571833	8.5
-122.6396	45.571843	9.75
-122.639002	45.571853	7.6666666667
-122.63848	45.571858	8
-122.638203	45.57183	5
-122.63812	45.571612	4.4
-122.63815	45.5713	6.8
-122.63816	45.570935	8
-122.638188	45.570623	6.8
-122.638193	45.570217	8.8
-122.63819	45.569823	10.75
-122.63819	45.569448	8.2
-122.63818	45.56906	8.6
-122.638188	45.568717	7.6
-122.638198	45.568415	6.6
-122.638188	45.568303	2.2
-122.63817	45.568093	5
-122.638162	45.567723	6.8333333333
-122.63816	45.567318	11
-122.638163	45.566933	7.1666666667
-122.638192	45.566585	9.25
-122.63819	45.566452	2.6
-122.638183	45.566338	2.8
-122.638163	45.565965	7.1666666667
-122.638162	45.56552	9.8
-122.638158	45.565097	11.75
-122.63816	45.56471	8.4
-122.63817	45.564502	4
-122.63817	45.564445	1.4
-122.63816	45.564137	6.1666666667
-122.63816	45.563747	8.6
-122.638163	45.563375	10.25
-122.638163	45.563028	6.1666666667
-122.63818	45.562803	5.75
-122.638177	45.562745	0.4666666667
-122.638002	45.562633	3.8
-122.637858	45.562497	3.6666666667
-122.637868	45.56213	8.6
-122.637873	45.561685	12.25
-122.637875	45.561227	10.2
-122.637883	45.560768	10
-122.63789	45.560348	9.2
-122.637888	45.55949	8.5
-122.637892	45.559193	6.8
-122.63791	45.558972	4.242388215
-122.637933	45.558867	2.4
-122.637905	45.558173	3.8
-122.637908	45.557793	8.4
-122.637938	45.557587	4.6
-122.637918	45.55711	1.7666666667
-122.637925	45.55671	9
-122.63795	45.556438	5.8
-122.63795	45.556372	1.4
-122.63793	45.556083	6.6
-122.637933	45.55571	8.2
-122.637953	45.555498	4.4
-122.63795	45.555372	1
-122.637933	45.554998	7
-122.637935	45.554605	8.6
-122.63795	45.554408	5
-122.637907	45.554317	1.8333333333
-122.637535	45.554257	7.5
-122.637145	45.554263	5.8
-122.637077	45.554267	0.8
-122.637077	45.554267	0.2
-122.636777	45.554282	4.8
-122.636282	45.554285	7.4
-122.636	45.554275	4.2
-122.635855	45.554162	3.6
-122.635882	45.553893	5.8
-122.635913	45.55337	5.9
-122.63592	45.552977	8.8
-122.635905	45.552533	9.8
-122.635912	45.552085	10
-122.635912	45.551628	10.2
-122.635927	45.551147	10.6
-122.635935	45.550683	10
-122.635938	45.550423	5
-122.635938	45.550318	2.6
-122.635913	45.550093	4.6
-122.635923	45.550017	2
-122.636185	45.549863	5.6
-122.636628	45.549738	7.6
-122.637117	45.54964	7.8
-122.637618	45.549655	6.2
-122.638052	45.549785	8.6
-122.638475	45.549868	6.8
-122.638787	45.549877	4
-122.638973	45.549852	2.4
-122.63991	45.549587	7.8
-122.640328	45.549478	6.8
-122.64071	45.549442	6
-122.640957	45.54944	3.8
-122.641138	45.549353	2.8333333333
-122.641162	45.549093	7
-122.641152	45.54878	6.8
-122.64116	45.548513	6
-122.64116	45.548352	3.4
-122.641148	45.548078	6
-122.64114	45.547722	8
-122.641138	45.547358	8
-122.64114	45.546967	8.6
-122.641135	45.546563	8.8
-122.641138	45.54616	8.8
-122.641143	45.545807	7.8
-122.641142	45.54549	7
-122.641145	45.545187	6.6
-122.641143	45.54486	7.2
-122.641145	45.544497	8.2
-122.641145	45.54414	7.8
-122.641152	45.543778	8
-122.64115	45.543402	8.2
-122.64115	45.543035	8
-122.641153	45.542677	7.8
-122.64116	45.542343	7.2
-122.641165	45.542198	2.8
-122.641168	45.542015	4.6
-122.641163	45.541175	9.3
-122.641167	45.540773	8.6
-122.641198	45.540535	5
-122.641193	45.540383	3.4
-122.64117	45.540173	4.8
-122.641167	45.53991	5.8
-122.641177	45.539562	8
-122.641183	45.539222	7.2
-122.641198	45.539017	4.2
-122.641203	45.538877	3.2
-122.64117	45.538672	4.8
-122.641168	45.53836	7
-122.641177	45.538013	7.6
-122.641188	45.537667	7.6
-122.641213	45.537448	4.4
-122.64119	45.53709	4.2960034156
-122.641193	45.536717	8.4
-122.641197	45.536312	9
-122.641192	45.53591	8.8
-122.641192	45.535555	7.6
-122.641205	45.535312	5
-122.641292	45.535138	4
-122.641623	45.535053	5.6
-122.642112	45.535022	7.8
-122.642595	45.535027	7.4
-122.643077	45.535032	6
-122.643578	45.535038	7.8
-122.644112	45.535042	8.2
-122.64465	45.535043	8.4
-122.64513	45.535043	7.4
-122.645587	45.535042	7
-122.646657	45.535042	8.3
-122.64716	45.535038	7.6
-122.647655	45.535038	7.8
-122.648137	45.535038	7.4
-122.648612	45.535037	7.4
-122.6491	45.535037	7.4
-122.649588	45.535035	7.6
-122.650108	45.535032	8
-122.650618	45.535032	7.8
-122.651122	45.535033	8
-122.651595	45.535035	7.4
-122.652085	45.535037	7.6
-122.652607	45.535038	8
-122.653078	45.53504	7.2
-122.653345	45.535053	4.2
-122.654588	45.53504	0.392
-122.655087	45.535045	7.6
-122.655597	45.53505	8
-122.65611	45.535053	7.8
-122.656608	45.535058	7.6
-122.657793	45.535062	9.3
-122.65833	45.535065	8.2
-122.658917	45.535068	9.2
-122.659587	45.53507	10.4
-122.660262	45.535072	10.6
-122.660925	45.535077	10.2
-122.661525	45.535108	9
-122.661895	45.53513	5.4
-122.66309	45.535135	3.1666666667
-122.663442	45.535143	4.8
-122.664332	45.535107	2.64
-122.664895	45.53508	8.6
-122.665277	45.535077	6
-122.665588	45.535077	4.8
-122.666065	45.53508	7.4
-122.666562	45.535085	7.6
-122.667075	45.535132	8
-122.667612	45.535145	8.2
-122.668148	45.535152	8.4
-122.668598	45.535073	7.2
-122.668978	45.534858	7.6
-122.669385	45.534625	8
-122.669832	45.534368	9
-122.6703	45.534083	9.6
-122.670853	45.533765	11
-122.67145	45.53344	11.8
-122.67205	45.53309	12
-122.672715	45.532713	13.2
-122.673412	45.53232	13.8
-122.674085	45.531918	13.8
-122.674743	45.531543	13
-122.675398	45.531178	13
-122.67604	45.530818	12.6
-122.676613	45.530498	11.4
-122.677037	45.530265	8.2
-122.677383	45.530047	7.4
-122.677655	45.529763	7.4
-122.677688	45.529397	8
-122.677665	45.528987	9.2
-122.677645	45.528577	9
-122.677617	45.528248	7
-122.677553	45.528042	4.8
-122.677263	45.52797	4.8
-122.677057	45.527968	3
-122.676248	45.528023	1.575
-122.675787	45.52804	7
-122.67558	45.52796	3.6
-122.675527	45.527777	4
-122.675522	45.527637	3
-122.67552	45.527465	3.8
-122.675518	45.52718	6.4
-122.67551	45.52692	5.6
-122.675508	45.526795	4.3402350308
-122.675525	45.526563	5.4
-122.675547	45.526258	6.6
-122.675548	45.526085	3.6
-122.67554	45.525883	0.6857142857
-122.675537	45.525523	7.8
-122.675528	45.525347	3.8
-122.675528	45.52511	5.2
-122.675545	45.524852	5.6
-122.675543	45.524745	2.2
-122.675493	45.524212	1.0166666667
-122.675493	45.523967	5
-122.675497	45.523923	0.8
-122.675497	45.523923	0
-122.675497	45.523863	2.6666666667
-122.675485	45.523537	7.4
-122.675473	45.52325	6.4
-122.675462	45.522895	7.8
-122.675605	45.522537	8.2
-122.675765	45.522208	7.6
-122.675937	45.52187	8
-122.676088	45.521603	6.2
-122.676293	45.521328	5
-122.676453	45.521038	6.6
-122.676695	45.520433	0.4814814815
-122.676862	45.520132	7
-122.677045	45.519802	9.4
-122.677227	45.519473	6.2
-122.677403	45.51915	7.6
-122.677555	45.518902	6
-122.677723	45.518583	7.4
-122.67787	45.518313	6.4
-122.677903	45.518245	1.8
-122.677903	45.518245	0
-122.677903	45.518245	0
-122.677907	45.518233	0.5
-122.678042	45.51803	4.8
-122.67823	45.517742	7
-122.678295	45.517627	3
-122.678558	45.51706	1.0153846154
-122.678748	45.516708	8.2
-122.67894	45.516383	7.8
-122.679115	45.516067	7.4
-122.679313	45.515715	8.4
-122.679492	45.515377	7.8
-122.679658	45.515067	7.4
-122.679755	45.514903	3.8
-122.679912	45.51469	5.4
-122.68009	45.514428	6.4
-122.680142	45.514312	2.6
-122.680322	45.51386	0.7571428571
-122.680503	45.513517	8.2
-122.680697	45.513132	8.8
-122.680842	45.512868	6.2
-122.680982	45.512563	7.2
-122.68116	45.512227	7.8
-122.68134	45.511892	8
-122.681465	45.511653	5.2
-122.68155	45.511513	3.6
-122.68176	45.511213	7.6
-122.681898	45.51096	5.6
-122.682187	45.510308	3.08
-122.682355	45.509937	8.6
-122.68256	45.509542	9.4
-122.682775	45.509142	9.4
-122.682952	45.508768	8.6
-122.683022	45.508413	7.8
-122.683038	45.508133	6
-122.682883	45.507968	3.6
-122.682533	45.50793	5.4
-122.682145	45.50794	6.4
-122.681717	45.507903	6.8
-122.681267	45.507847	7.4
-122.680802	45.507818	7.4
-122.68036	45.507795	6.6
-122.680045	45.507797	4.8
-122.679278	45.507855	6
-122.679003	45.507873	3.8
-122.67872	45.507897	4.8
-122.678298	45.507905	6.6
-122.677875	45.507898	6.4
-122.677637	45.507912	3.6
-122.677242	45.507933	6.4
-122.676732	45.507933	8
-122.67621	45.507857	8.2
-122.675788	45.507632	8.2
-122.67556	45.507295	8.4
-122.675455	45.506892	9.2
-122.67506	45.50598	4.3570443685
-122.674708	45.50556	12.8
-122.674318	45.50519	8
-122.674045	45.504818	9.4
-122.673818	45.504453	8.6
-122.67359	45.504055	9.6
-122.673377	45.50364	9.8
-122.673182	45.503237	9.4
-122.672997	45.502863	8.6
-122.67279	45.502572	7.2
-122.672627	45.502462	3.8
-122.672623	45.50246	0
-122.672623	45.50246	0
-122.672623	45.50246	0
-122.672535	45.502428	1.75
-122.672275	45.502402	4.75
-122.671817	45.502532	6.3333333333
-122.671378	45.502675	7.6
-122.67103	45.502787	6
-122.67044	45.502958	1.5806451613
-122.669808	45.503135	8.8333333333
-122.669428	45.503363	9.75
-122.668942	45.503678	10.2
-122.668437	45.504015	10.8
-122.667827	45.504418	10.8333333333
-122.667228	45.50481	10.5
-122.666762	45.505112	9.8
-122.6663	45.50541	9.8
-122.665723	45.505782	10
-122.665225	45.5061	10.4
-122.664668	45.506447	9.6666666667
-122.664075	45.50656	7.8333333333
-122.663682	45.506548	6
-122.66356	45.506545	1.8
-122.66356	45.506545	0
-122.66356	45.506545	0
-122.66356	45.506545	0
-122.663457	45.50654	2.6666666667
-122.663037	45.506527	6.6
-122.662475	45.506507	7.1666666667
-122.662362	45.5065	1.6
-122.66166	45.506505	1.8666666667
-122.660948	45.506493	9.1666666667
-122.660472	45.506442	9.25
-122.659908	45.506315	9.2
-122.65942	45.506112	8.8
-122.658928	45.505857	7.8333333333
-122.658768	45.505703	5
-122.658767	45.505343	6.8333333333
-122.65879	45.505052	6.2
-122.658797	45.504972	1.6
-122.65872	45.50486	3.5
-122.658288	45.504788	5.6666666667
-122.658103	45.504795	2.4
-122.658103	45.504795	0
-122.658103	45.504795	0.5
-122.65803	45.5048	3
-122.657632	45.504812	6.4
-122.656902	45.504575	6.3
-122.656582	45.504503	4.3333333333
-122.656193	45.5043	7.8
-122.65569	45.504017	10.2
-122.655212	45.503737	9.4
-122.654925	45.50355	5.6
-122.654882	45.503527	0.12
-122.654695	45.503415	4.4
-122.654492	45.503202	7.25
-122.65434	45.502717	9.3333333333
-122.654308	45.502255	10.4
-122.654282	45.501823	9.2
-122.654285	45.501585	4.8
-122.654283	45.501508	1.2
-122.654283	45.501508	0
-122.654283	45.501508	0
-122.654283	45.501508	0
-122.654285	45.501413	3.5
-122.654278	45.501162	5.6
-122.654027	45.500997	5.2
-122.653658	45.500908	6
-122.653305	45.500815	5.8
-122.652902	45.500717	7
-122.652482	45.500625	8.75
-122.651727	45.50044	10.5
-122.651042	45.500243	11.6
-122.65032	45.500068	11.6
-122.649648	45.499917	11
-122.649075	45.499685	10
-122.648712	45.499303	8.2
-122.648305	45.498408	4.0738040359
-122.648328	45.497982	9.6
-122.648337	45.497688	6.6
-122.648337	45.49758	2.6
-122.648335	45.497528	0.3333333333
-122.648332	45.497228	6.6
-122.648318	45.496778	10
-122.648333	45.496358	11.5
-122.648462	45.495688	12.5
-122.648562	45.495133	12.2
-122.648603	45.494645	10.8
-122.648657	45.494283	8
-122.648663	45.494123	3.6
-122.648562	45.493512	0.2057971014
-122.648545	45.492997	11.4
-122.648545	45.492427	12.6
-122.648587	45.491913	11.2
-122.648647	45.491617	6.2
-122.648638	45.490807	3
-122.64864	45.490627	3.6
-122.648638	45.490588	0.125
-122.648553	45.490368	5.6
-122.64806	45.490255	8.6
-122.647327	45.490257	11.6
-122.64643	45.490258	14.2
-122.645425	45.490257	15.6
-122.644428	45.49026	15.4
-122.643463	45.490262	14.8
-122.642512	45.490255	14.8
-122.64159	45.490247	14
-122.64076	45.490248	12.6
-122.640148	45.49025	8.8
-122.639827	45.490248	4.2
-122.639733	45.490248	0.45
-122.639357	45.490247	6.2
-122.638837	45.49027	8.6
-122.638222	45.490277	9.2
-122.637883	45.490277	4.6
-122.637557	45.490278	5.6
-122.637032	45.490283	8.4
-122.635642	45.490277	11
-122.634863	45.490278	12
-122.63418	45.490407	8.8
-122.633528	45.4906	13.2
-122.632883	45.490603	8
-122.632165	45.490605	13.4
-122.631343	45.490607	12.8
-122.630565	45.490557	9.6
-122.629932	45.490348	11
-122.629227	45.490315	11
-122.62845	45.490308	12
-122.627655	45.490307	12.4
-122.626878	45.490307	12
-122.626048	45.490307	12.8
-122.625195	45.490303	13.2
-122.624383	45.4903	12.8
-122.623748	45.49029	9.8
-122.623475	45.490282	4.4
-122.622478	45.490288	1.3
-122.621772	45.490293	11
-122.62107	45.490293	10.8
-122.620425	45.490292	10
-122.619767	45.490288	10.4
-122.619095	45.490287	10.4
-122.618405	45.490292	10.8
-122.617708	45.490292	10.8
-122.61699	45.490285	11.2
-122.616265	45.490283	11.2
-122.615477	45.490282	12.2
-122.614658	45.490285	12.8
-122.6139	45.49029	11.6
-122.613142	45.490292	11.8
-122.61239	45.490297	11.6
-122.611602	45.490293	12.4
-122.610815	45.490292	12.2
-122.610067	45.49029	11.6
-122.609453	45.490283	9.4
-122.609197	45.490278	3.8
-122.609185	45.490278	0
-122.608935	45.49028	4.2
-122.608305	45.490287	10
-122.60747	45.490292	13
-122.606608	45.490293	13.4
-122.605805	45.490287	12.4
-122.605047	45.49029	11.8
-122.604288	45.490287	11.8
-122.60351	45.490285	12.2
-122.602723	45.490282	12.2
-122.601157	45.490275	4.0942573413
-122.600385	45.490272	12
-122.599702	45.490262	10.2
-122.5993	45.490248	5.8
-122.59822	45.490287	3.48
-122.597537	45.490303	10.8
-122.59685	45.4903	10.6
-122.596197	45.490298	10
-122.595525	45.490298	10.4
-122.594873	45.490297	10
-122.594538	45.490285	4.4
-122.59452	45.490285	0
-122.59452	45.490285	0
-122.59452	45.490285	0
-122.594495	45.490283	1.5
-122.594223	45.490255	4.8
-122.593965	45.490223	3.4
-122.592757	45.490237	4
-122.592077	45.490235	10.4
-122.591447	45.490233	9.8
-122.59014	45.490235	10.1
-122.58961	45.490225	7.6
-122.589438	45.490225	1.8
-122.589367	45.490225	0.25
-122.588917	45.490227	6.8
-122.588253	45.490225	10
-122.58751	45.490232	11.6
-122.586783	45.490238	11.2
-122.586088	45.490233	10.8
-122.584675	45.490233	12
-122.58396	45.490233	11.2
-122.583232	45.490225	11.2
-122.582517	45.490227	9
-122.582283	45.490218	3.8
-122.58099	45.490232	3.96
-122.580243	45.490232	11.6
-122.579662	45.490228	9
-122.579338	45.490227	5
-122.579283	45.49023	0.3333333333
-122.578988	45.49023	4.4
-122.578533	45.490222	7.2
-122.57809	45.490202	6.8
-122.577302	45.490208	2.0333333333
-122.576942	45.490207	5.6
-122.576923	45.490205	0.0333333333
-122.576615	45.490207	4.8
-122.575977	45.490212	10
-122.575242	45.490215	11.2
-122.574448	45.490172	12.4
-122.573693	45.490132	12
-122.572863	45.490115	12.8
-122.57199	45.490085	13.6
-122.571048	45.49006	14.6
-122.570158	45.490037	13.6
-122.569595	45.49002	8.8
-122.569083	45.49001	7.8
-122.568473	45.489995	9.6
-122.567783	45.489953	10.8
-122.567132	45.489932	10
-122.566918	45.489923	3
-122.566318	45.48995	2.4
-122.565548	45.489933	12
-122.56465	45.489918	13.8
-122.563705	45.489897	14.8
-122.562718	45.489873	15.2
-122.561738	45.489848	15.2
-122.56079	45.489813	14.8
-122.55976	45.489805	16
-122.55872	45.48978	16.2
-122.557693	45.489768	15.8
-122.556792	45.489767	13.8
-122.556178	45.48976	9.2
-122.555625	45.48976	8.6
-122.554937	45.489762	10.8
-122.554073	45.489762	13.4
-122.553128	45.489757	14.8
-122.552155	45.489755	15
-122.551227	45.489753	14.4
-122.550353	45.489747	13.4
-122.549503	45.489747	13.2
-122.54873	45.489743	11.8
-122.548295	45.489742	6.4
-122.5482	45.489742	1.2
-122.5482	45.489742	0
-122.5482	45.489742	0.5
-122.548188	45.489742	0.5
-122.547823	45.489738	6
-122.547103	45.489732	11.4
-122.546148	45.489717	5.0939903416
-122.545087	45.489692	16.4
-122.544377	45.489648	10.6
-122.543685	45.489673	2.16
-122.54294	45.489668	11.8
-122.541017	45.489638	14.9
-122.54009	45.489627	14.4
-122.539222	45.489615	13.2
-122.538592	45.489605	9.4
-122.538258	45.4896	4.8
-122.538138	45.489598	2
-122.537713	45.489573	6.8
-122.537268	45.48955	6.6
-122.536293	45.489605	3.2
-122.535482	45.489612	12.6
-122.534592	45.489615	14
-122.533648	45.48962	14.6
-122.532698	45.489623	14.6
-122.531808	45.489632	13.6
-122.530943	45.489635	13.6
-122.530075	45.489637	13.2
-122.528273	45.489648	14
-122.527552	45.489633	10.6
-122.527127	45.489617	6.2
-122.527	45.489615	1.4
-122.683242	45.51044	2.8
-122.683208	45.510697	5.8
-122.68303	45.511038	8
-122.682858	45.51137	7.8
-122.682747	45.51156	4.4
-122.682722	45.511587	0.0666666667
-122.682563	45.511827	5.8
-122.682375	45.512093	6.6
-122.682162	45.512563	1.8
-122.682028	45.512807	5.8
-122.681967	45.5129	2.2
-122.681957	45.512903	0
-122.681957	45.512903	0
-122.681957	45.512903	0.3333333333
-122.681945	45.512922	0.5
-122.681788	45.513138	5.4
-122.681617	45.5134	6.4
-122.68154	45.513532	3
-122.681245	45.514195	3.85
-122.681067	45.51451	7.2
-122.680945	45.514713	4.8
-122.680903	45.514785	1.6
-122.680902	45.514788	0
-122.680902	45.514788	0
-122.68085	45.514887	2.4
-122.680727	45.515133	5.8
-122.680603	45.515358	5.2
-122.68057	45.515423	1.4
-122.680558	45.515443	0.2
-122.680548	45.515462	0.2
-122.680475	45.5156	0.6333333333
-122.680293	45.515893	7
-122.680127	45.516143	6
-122.679902	45.516697	0.9846153846
-122.679802	45.51689	4.2
-122.67977	45.516965	1.8
-122.67965	45.517225	6.4
-122.67951	45.517492	6.2
-122.679343	45.517817	7.8
-122.679178	45.518132	7
-122.679108	45.518257	2.6
-122.679023	45.518398	4
-122.678845	45.518717	7.6
-122.67864	45.519037	7.8
-122.678433	45.519325	7
-122.678328	45.519523	4
-122.678113	45.520008	0.9230769231
-122.677932	45.520337	7.8
-122.677765	45.520665	7.6
-122.67766	45.520857	3.8
-122.6776	45.520988	3.8
-122.677423	45.52132	7.8
-122.677293	45.521538	4.4
-122.67722	45.521687	4
-122.67707	45.521993	7.4
-122.676935	45.522217	4.6
-122.676863	45.522318	0.5
-122.676665	45.522538	5.8
-122.676538	45.522745	5
-122.676465	45.523283	0.76
-122.67648	45.523538	5.8
-122.676467	45.523605	1.6
-122.67647	45.523723	0.4
-122.676488	45.52407	7.6
-122.676497	45.524305	5
-122.676502	45.524378	0.5333333333
-122.676513	45.524675	6.6
-122.676528	45.52495	6
-122.676533	45.525053	2.2
-122.676523	45.525282	5
-122.676513	45.525635	4.1314564277
-122.67659	45.526238	0.9857142857
-122.676595	45.526442	4.4
-122.676655	45.526613	3.6
-122.677017	45.526662	6.2
-122.677353	45.526633	4.4
-122.677535	45.526663	0.75
-122.677597	45.526918	6
-122.677598	45.527143	4.6
-122.6776	45.527185	0.6
-122.6776	45.527185	0
-122.677598	45.527188	1
-122.67761	45.527378	4.8
-122.677593	45.527668	6.2
-122.677625	45.528313	1.825
-122.677638	45.528813	11.2
-122.677652	45.52936	11.8
-122.677643	45.529638	5.2
-122.677637	45.529673	0.16
-122.677505	45.529902	6.2
-122.677017	45.530207	10.6
-122.676368	45.530538	12.6
-122.675663	45.53091	13.8
-122.674912	45.53133	15
-122.673997	45.531833	14.6666666667
-122.673303	45.532222	13.8
-122.672637	45.532602	13
-122.672103	45.532905	13.5
-122.671422	45.533245	12.6
-122.670822	45.53357	11.6
-122.670137	45.533967	11.5
-122.669562	45.534287	11.2
-122.669057	45.53438	7.75
-122.668403	45.534382	8.5
-122.66794	45.534383	7.2
-122.667357	45.534382	8.8
-122.66667	45.534377	10.8
-122.665122	45.534372	10.9090909091
-122.664597	45.534368	10.25
-122.66379	45.534363	10.5
-122.66307	45.53436	11.2
-122.662178	45.534353	11.5
-122.661528	45.534342	10
-122.661212	45.534328	5
-122.660073	45.534337	1.76
-122.659508	45.534333	8.8
-122.659018	45.534318	7.4
-122.658848	45.534312	2.6
-122.65818	45.53433	1.8
-122.657427	45.534322	11.8
-122.65663	45.53432	12.2
-122.655978	45.534322	12.75
-122.65494	45.534322	13.3333333333
-122.654205	45.534318	11.2
-122.653803	45.534302	6
-122.65279	45.534315	2
-122.652133	45.534313	10.2
-122.651448	45.534313	10.8
-122.65085	45.534312	9
-122.650292	45.534308	8.8
-122.649632	45.534305	10.4
-122.648925	45.5343	11
-122.64818	45.534295	11.6
-122.647387	45.534293	12.4
-122.646608	45.534288	12
-122.645855	45.53429	11.6
-122.645333	45.534283	7.6
-122.645058	45.534275	3.8
-122.643907	45.534295	3.76
-122.643215	45.534293	10.6
-122.641812	45.534318	10.9
-122.64132	45.534317	7
-122.641132	45.534438	4.2
-122.641142	45.534732	6.2
-122.64115	45.534902	3
-122.64116	45.534943	0.125
-122.641115	45.535163	5.2
-122.64108	45.535363	4
-122.641143	45.536008	3.12
-122.641157	45.536498	10.6
-122.641157	45.536958	10
-122.64114	45.537327	7.4
-122.641117	45.537513	4.2
-122.641175	45.537895	9.4
-122.641165	45.538442	9.8
-122.641143	45.538852	9.2
-122.641115	45.53905	4.6
-122.641167	45.53943	8.2
-122.64112	45.540403	4.1291465497
-122.641108	45.540603	4.4
-122.64114	45.541005	8.6
-122.641138	45.541572	12.6
-122.641115	45.541903	7.4
-122.641117	45.542017	2.4
-122.641127	45.54241	8.6
-122.641132	45.542962	12
-122.641132	45.543533	12.6
-122.641132	45.544058	11.8
-122.641132	45.544442	8.4
-122.641128	45.544897	10
-122.641137	45.545443	12
-122.641135	45.54592	10.6
-122.641135	45.546355	9.6
-122.641137	45.54682	10.2
-122.64114	45.547287	10.4
-122.641138	45.547658	8
-122.641135	45.547982	7.2
-122.641133	45.548098	2.6
-122.641135	45.548235	0.6
-122.64114	45.54861	8.4
-122.641137	45.549	8.6
-122.641128	45.549257	5.4
-122.641125	45.54935	2
-122.640983	45.54947	3.6
-122.640518	45.549478	7.2
-122.640135	45.549537	6
-122.639643	45.549692	8.4
-122.639407	45.549758	3.6
-122.63931	45.549778	1.4
-122.639198	45.5498	1.8
-122.638767	45.549855	7
-122.638262	45.549827	7.8
-122.637713	45.549687	9
-122.637172	45.54962	8.6
-122.636608	45.549745	9
-122.636225	45.549868	6.4
-122.635995	45.549955	3.8
-122.635887	45.550152	4.4
-122.635885	45.550242	2
-122.63589	45.550563	7.4
-122.635913	45.551042	10.8
-122.635922	45.551557	11.2
-122.635922	45.552513	10.6
-122.635915	45.552997	10.6
-122.635918	45.553483	10.8
-122.635917	45.553873	8.4
-122.635912	45.554108	5
-122.635915	45.554228	2.4
-122.635933	45.554283	1.75
-122.636397	45.554342	6.1666666667
-122.636753	45.554335	5.2
-122.636868	45.554333	1.8
-122.637093	45.554343	3.4
-122.637237	45.554345	2.2
-122.63737	45.554335	2
-122.637683	45.554317	5
-122.637845	45.554317	2.2
-122.637968	45.554378	3
-122.637995	45.554705	6.1666666667
-122.637987	45.555058	7.8
-122.637968	45.555285	4.4
-122.637962	45.555413	1.0666666667
-122.637947	45.55612	7.7
-122.637942	45.556228	2.2
-122.637942	45.55652	7
-122.637935	45.557008	10.6
-122.637903	45.557393	8.2
-122.637923	45.557693	6.6
-122.637927	45.558012	7
-122.637925	45.558395	8.6
-122.637908	45.55876	7.8
-122.637897	45.558933	3.2
-122.637898	45.558955	0.6
-122.637907	45.559163	5.2
-122.637915	45.55954	8.4
-122.63791	45.560002	10.2
-122.63791	45.560455	9.8
-122.637907	45.560878	9.4
-122.637898	45.56131	9.4
-122.6379	45.561743	9.6
-122.6379	45.56215	8.8
-122.637883	45.562472	6.8
-122.637875	45.562592	2
-122.637877	45.562597	0.0333333333
-122.637942	45.562708	3
-122.638137	45.562775	3.2
-122.638188	45.563262	4.1369963236
-122.638177	45.563633	8.2
-122.638172	45.564018	8.4
-122.638158	45.564302	5.4
-122.638153	45.564385	2.2
-122.638155	45.564713	7.8
-122.638152	45.565133	9.2
-122.638158	45.565555	9.2
-122.638162	45.565907	7.6
-122.638143	45.566175	5.2
-122.638138	45.566242	1.6
-122.638168	45.566545	7.6
-122.638165	45.567018	10.4
-122.638165	45.567465	9.4
-122.63817	45.567802	7.4
-122.63817	45.568097	5.8
-122.63817	45.568135	0.4
-122.638167	45.568377	6.6
-122.638165	45.56876	6.8
-122.638165	45.569133	8.2
-122.638167	45.569555	9.2
-122.63815	45.570368	9
-122.638147	45.570707	7.4
-122.638145	45.571053	7.6
-122.638143	45.571462	9
-122.638138	45.571725	5.8
-122.638135	45.571755	0.8
-122.638132	45.571782	0.4
-122.638152	45.571893	2.4
-122.638188	45.572115	4.8
-122.638158	45.572363	5.6
-122.638145	45.57252	3.4
-122.638313	45.57262	3.4
(12245 rows)
