{"features": [{"geometry": {"coordinates": [-122.680895, 45.51474], "type": "Point"}, "properties": {"speed": 6}, "type": "Feature"}, {"geometry": {"coordinates": [-122.680838, 45.514825], "type": "Point"}, "properties": {"speed": 2}, "type": "Feature"}, {"geometry": {"coordinates": [-122.680567, 45.515458], "type": "Point"}, "properties": {"speed": 6}, "type": "Feature"}, {"geometry": {"coordinates": [-122.67949, 45.51726], "type": "Point"}, "properties": {"speed": 6}, "type": "Feature"}, {"geometry": {"coordinates": [-122.679048, 45.518122], "type": "Point"}, "properties": {"speed": 7}, "type": "Feature"}, {"geometry": {"coordinates": [-122.677895, 45.520295], "type": "Point"}, "properties": {"speed": 2}, "type": "Feature"}, {"geometry": {"coordinates": [-122.67703, 45.522035], "type": "Point"}, "properties": {"speed": 7}, "type": "Feature"}, {"geometry": {"coordinates": [-122.67691, 45.52222], "type": "Point"}, "properties": {"speed": 4}, "type": "Feature"}, {"geometry": {"coordinates": [-122.676882, 45.522353], "type": "Point"}, "properties": {"speed": 3}, "type": "Feature"}, {"geometry": {"coordinates": [-122.677298, 45.522758], "type": "Point"}, "properties": {"speed": 4}, "type": "Feature"}, {"geometry": {"coordinates": [-122.673037, 45.522985], "type": "Point"}, "properties": {"speed": 8}, "type": "Feature"}, {"geometry": {"coordinates": [-122.672687, 45.522987], "type": "Point"}, "properties": {"speed": 0}, "type": "Feature"}, {"geometry": {"coordinates": [-122.671252, 45.523025], "type": "Point"}, "properties": {"speed": 10}, "type": "Feature"}, {"geometry": {"coordinates": [-122.669755, 45.523017], "type": "Point"}, "properties": {"speed": 12}, "type": "Feature"}, {"geometry": {"coordinates": [-122.664522, 45.522937], "type": "Point"}, "properties": {"speed": 15}, "type": "Feature"}, {"geometry": {"coordinates": [-122.662638, 45.522897], "type": "Point"}, "properties": {"speed": 14}, "type": "Feature"}, {"geometry": {"coordinates": [-122.657893, 45.522888], "type": "Point"}, "properties": {"speed": 4}, "type": "Feature"}, {"geometry": {"coordinates": [-122.655623, 45.522897], "type": "Point"}, "properties": {"speed": 6}, "type": "Feature"}, {"geometry": {"coordinates": [-122.654593, 45.522885], "type": "Point"}, "properties": {"speed": 8}, "type": "Feature"}, {"geometry": {"coordinates": [-122.652152, 45.522857], "type": "Point"}, "properties": {"speed": 10}, "type": "Feature"}, {"geometry": {"coordinates": [-122.649493, 45.52392], "type": "Point"}, "properties": {"speed": 9}, "type": "Feature"}, {"geometry": {"coordinates": [-122.649488, 45.524257], "type": "Point"}, "properties": {"speed": 0}, "type": "Feature"}, {"geometry": {"coordinates": [-122.649488, 45.524257], "type": "Point"}, "properties": {"speed": 0}, "type": "Feature"}, {"geometry": {"coordinates": [-122.64831, 45.524832], "type": "Point"}, "properties": {"speed": 9}, "type": "Feature"}, {"geometry": {"coordinates": [-122.644807, 45.526118], "type": "Point"}, "properties": {"speed": 10}, "type": "Feature"}, {"geometry": {"coordinates": [-122.641222, 45.527533], "type": "Point"}, "properties": {"speed": 8}, "type": "Feature"}, {"geometry": {"coordinates": [-122.636448, 45.529373], "type": "Point"}, "properties": {"speed": 9}, "type": "Feature"}, {"geometry": {"coordinates": [-122.632927, 45.53078], "type": "Point"}, "properties": {"speed": 9}, "type": "Feature"}, {"geometry": {"coordinates": [-122.62916, 45.532275], "type": "Point"}, "properties": {"speed": 10}, "type": "Feature"}, {"geometry": {"coordinates": [-122.62702, 45.53314], "type": "Point"}, "properties": {"speed": 11}, "type": "Feature"}, {"geometry": {"coordinates": [-122.624462, 45.534173], "type": "Point"}, "properties": {"speed": 7}, "type": "Feature"}, {"geometry": {"coordinates": [-122.621432, 45.535428], "type": "Point"}, "properties": {"speed": 9}, "type": "Feature"}, {"geometry": {"coordinates": [-122.620933, 45.535633], "type": "Point"}, "properties": {"speed": 9}, "type": "Feature"}, {"geometry": {"coordinates": [-122.620098, 45.53598], "type": "Point"}, "properties": {"speed": 6}, "type": "Feature"}, {"geometry": {"coordinates": [-122.619723, 45.536148], "type": "Point"}, "properties": {"speed": 5}, "type": "Feature"}, {"geometry": {"coordinates": [-122.618283, 45.53681], "type": "Point"}, "properties": {"speed": 9}, "type": "Feature"}, {"geometry": {"coordinates": [-122.611437, 45.539562], "type": "Point"}, "properties": {"speed": 4}, "type": "Feature"}, {"geometry": {"coordinates": [-122.6049, 45.542048], "type": "Point"}, "properties": {"speed": 7}, "type": "Feature"}, {"geometry": {"coordinates": [-122.594488, 45.546122], "type": "Point"}, "properties": {"speed": 3}, "type": "Feature"}, {"geometry": {"coordinates": [-122.591032, 45.547442], "type": "Point"}, "properties": {"speed": 4}, "type": "Feature"}, {"geometry": {"coordinates": [-122.5889, 45.548295], "type": "Point"}, "properties": {"speed": 10}, "type": "Feature"}, {"geometry": {"coordinates": [-122.587705, 45.548767], "type": "Point"}, "properties": {"speed": 10}, "type": "Feature"}, {"geometry": {"coordinates": [-122.586432, 45.549258], "type": "Point"}, "properties": {"speed": 12}, "type": "Feature"}, {"geometry": {"coordinates": [-122.584268, 45.55011], "type": "Point"}, "properties": {"speed": 13}, "type": "Feature"}, {"geometry": {"coordinates": [-122.58059, 45.551603], "type": "Point"}, "properties": {"speed": 13}, "type": "Feature"}, {"geometry": {"coordinates": [-122.578992, 45.552243], "type": "Point"}, "properties": {"speed": 1}, "type": "Feature"}, {"geometry": {"coordinates": [-122.578437, 45.552473], "type": "Point"}, "properties": {"speed": 6}, "type": "Feature"}, {"geometry": {"coordinates": [-122.577625, 45.552807], "type": "Point"}, "properties": {"speed": 10}, "type": "Feature"}, {"geometry": {"coordinates": [-122.570803, 45.555602], "type": "Point"}, "properties": {"speed": 1}, "type": "Feature"}, {"geometry": {"coordinates": [-122.564203, 45.558773], "type": "Point"}, "properties": {"speed": 3}, "type": "Feature"}, {"geometry": {"coordinates": [-122.769607, 45.430812], "type": "Point"}, "properties": {"speed": 8}, "type": "Feature"}, {"geometry": {"coordinates": [-122.770082, 45.431235], "type": "Point"}, "properties": {"speed": 3}, "type": "Feature"}, {"geometry": {"coordinates": [-122.769327, 45.431715], "type": "Point"}, "properties": {"speed": 6}, "type": "Feature"}, {"geometry": {"coordinates": [-122.768048, 45.432457], "type": "Point"}, "properties": {"speed": 6}, "type": "Feature"}, {"geometry": {"coordinates": [-122.764825, 45.433933], "type": "Point"}, "properties": {"speed": 10}, "type": "Feature"}, {"geometry": {"coordinates": [-122.762145, 45.434953], "type": "Point"}, "properties": {"speed": 13}, "type": "Feature"}, {"geometry": {"coordinates": [-122.760087, 45.435695], "type": "Point"}, "properties": {"speed": 10}, "type": "Feature"}, {"geometry": {"coordinates": [-122.75556, 45.437633], "type": "Point"}, "properties": {"speed": 13}, "type": "Feature"}, {"geometry": {"coordinates": [-122.750492, 45.440253], "type": "Point"}, "properties": {"speed": 2}, "type": "Feature"}, {"geometry": {"coordinates": [-122.74998, 45.440515], "type": "Point"}, "properties": {"speed": 10}, "type": "Feature"}, {"geometry": {"coordinates": [-122.748757, 45.441152], "type": "Point"}, "properties": {"speed": 12}, "type": "Feature"}, {"geometry": {"coordinates": [-122.744207, 45.442793], "type": "Point"}, "properties": {"speed": 14}, "type": "Feature"}, {"geometry": {"coordinates": [-122.742658, 45.443028], "type": "Point"}, "properties": {"speed": 11}, "type": "Feature"}, {"geometry": {"coordinates": [-122.741042, 45.44325], "type": "Point"}, "properties": {"speed": 13}, "type": "Feature"}, {"geometry": {"coordinates": [-122.740285, 45.443377], "type": "Point"}, "properties": {"speed": 12}, "type": "Feature"}, {"geometry": {"coordinates": [-122.739638, 45.443498], "type": "Point"}, "properties": {"speed": 10}, "type": "Feature"}, {"geometry": {"coordinates": [-122.739057, 45.443617], "type": "Point"}, "properties": {"speed": 0}, "type": "Feature"}, {"geometry": {"coordinates": [-122.739057, 45.443617], "type": "Point"}, "properties": {"speed": 0}, "type": "Feature"}, {"geometry": {"coordinates": [-122.738152, 45.443828], "type": "Point"}, "properties": {"speed": 10}, "type": "Feature"}, {"geometry": {"coordinates": [-122.728842, 45.448323], "type": "Point"}, "properties": {"speed": 17}, "type": "Feature"}, {"geometry": {"coordinates": [-122.721435, 45.453385], "type": "Point"}, "properties": {"speed": 9}, "type": "Feature"}, {"geometry": {"coordinates": [-122.718047, 45.454448], "type": "Point"}, "properties": {"speed": 7}, "type": "Feature"}, {"geometry": {"coordinates": [-122.714408, 45.456153], "type": "Point"}, "properties": {"speed": 14}, "type": "Feature"}, {"geometry": {"coordinates": [-122.709885, 45.458588], "type": "Point"}, "properties": {"speed": 15}, "type": "Feature"}, {"geometry": {"coordinates": [-122.709137, 45.45902], "type": "Point"}, "properties": {"speed": 15}, "type": "Feature"}, {"geometry": {"coordinates": [-122.701402, 45.463478], "type": "Point"}, "properties": {"speed": 11}, "type": "Feature"}, {"geometry": {"coordinates": [-122.697663, 45.465583], "type": "Point"}, "properties": {"speed": 5}, "type": "Feature"}, {"geometry": {"coordinates": [-122.696297, 45.466432], "type": "Point"}, "properties": {"speed": 13}, "type": "Feature"}, {"geometry": {"coordinates": [-122.694818, 45.467287], "type": "Point"}, "properties": {"speed": 15}, "type": "Feature"}, {"geometry": {"coordinates": [-122.694063, 45.467715], "type": "Point"}, "properties": {"speed": 15}, "type": "Feature"}, {"geometry": {"coordinates": [-122.691098, 45.469412], "type": "Point"}, "properties": {"speed": 12}, "type": "Feature"}, {"geometry": {"coordinates": [-122.685828, 45.471005], "type": "Point"}, "properties": {"speed": 12}, "type": "Feature"}, {"geometry": {"coordinates": [-122.685113, 45.470995], "type": "Point"}, "properties": {"speed": 11}, "type": "Feature"}, {"geometry": {"coordinates": [-122.684283, 45.47099], "type": "Point"}, "properties": {"speed": 13}, "type": "Feature"}, {"geometry": {"coordinates": [-122.683377, 45.470993], "type": "Point"}, "properties": {"speed": 14}, "type": "Feature"}, {"geometry": {"coordinates": [-122.680415, 45.481828], "type": "Point"}, "properties": {"speed": 17}, "type": "Feature"}, {"geometry": {"coordinates": [-122.680943, 45.484162], "type": "Point"}, "properties": {"speed": 17}, "type": "Feature"}, {"geometry": {"coordinates": [-122.681497, 45.484823], "type": "Point"}, "properties": {"speed": 17}, "type": "Feature"}, {"geometry": {"coordinates": [-122.680978, 45.490135], "type": "Point"}, "properties": {"speed": 14}, "type": "Feature"}, {"geometry": {"coordinates": [-122.680122, 45.490343], "type": "Point"}, "properties": {"speed": 14}, "type": "Feature"}, {"geometry": {"coordinates": [-122.67691, 45.492417], "type": "Point"}, "properties": {"speed": 13}, "type": "Feature"}, {"geometry": {"coordinates": [-122.681452, 45.501938], "type": "Point"}, "properties": {"speed": 8}, "type": "Feature"}, {"geometry": {"coordinates": [-122.681513, 45.502063], "type": "Point"}, "properties": {"speed": 2}, "type": "Feature"}, {"geometry": {"coordinates": [-122.681992, 45.504153], "type": "Point"}, "properties": {"speed": 12}, "type": "Feature"}, {"geometry": {"coordinates": [-122.681983, 45.505095], "type": "Point"}, "properties": {"speed": 10}, "type": "Feature"}, {"geometry": {"coordinates": [-122.681442, 45.509412], "type": "Point"}, "properties": {"speed": 6}, "type": "Feature"}, {"geometry": {"coordinates": [-122.680477, 45.511258], "type": "Point"}, "properties": {"speed": 8}, "type": "Feature"}, {"geometry": {"coordinates": [-122.68072, 45.51205], "type": "Point"}, "properties": {"speed": 5}, "type": "Feature"}, {"geometry": {"coordinates": [-122.681115, 45.512145], "type": "Point"}, "properties": {"speed": 2}, "type": "Feature"}, {"geometry": {"coordinates": [-122.682107, 45.512672], "type": "Point"}, "properties": {"speed": 4}, "type": "Feature"}, {"geometry": {"coordinates": [-122.681623, 45.513548], "type": "Point"}, "properties": {"speed": 8}, "type": "Feature"}, {"geometry": {"coordinates": [-122.681453, 45.513887], "type": "Point"}, "properties": {"speed": 8}, "type": "Feature"}, {"geometry": {"coordinates": [-122.67544, 45.527727], "type": "Point"}, "properties": {"speed": 0}, "type": "Feature"}, {"geometry": {"coordinates": [-122.67544, 45.527727], "type": "Point"}, "properties": {"speed": 0}, "type": "Feature"}, {"geometry": {"coordinates": [-122.67544, 45.527727], "type": "Point"}, "properties": {"speed": 0}, "type": "Feature"}, {"geometry": {"coordinates": [-122.67544, 45.527727], "type": "Point"}, "properties": {"speed": 0}, "type": "Feature"}, {"geometry": {"coordinates": [-122.67544, 45.527727], "type": "Point"}, "properties": {"speed": 0}, "type": "Feature"}, {"geometry": {"coordinates": [-122.67544, 45.527727], "type": "Point"}, "properties": {"speed": 0}, "type": "Feature"}, {"geometry": {"coordinates": [-122.67544, 45.527727], "type": "Point"}, "properties": {"speed": 0}, "type": "Feature"}, {"geometry": {"coordinates": [-122.67544, 45.527727], "type": "Point"}, "properties": {"speed": 0}, "type": "Feature"}, {"geometry": {"coordinates": [-122.67544, 45.527727], "type": "Point"}, "properties": {"speed": 0}, "type": "Feature"}, {"geometry": {"coordinates": [-122.67544, 45.527727], "type": "Point"}, "properties": {"speed": 0}, "type": "Feature"}, {"geometry": {"coordinates": [-122.67544, 45.527727], "type": "Point"}, "properties": {"speed": 0}, "type": "Feature"}, {"geometry": {"coordinates": [-122.67544, 45.527727], "type": "Point"}, "properties": {"speed": 0}, "type": "Feature"}, {"geometry": {"coordinates": [-122.67544, 45.527727], "type": "Point"}, "properties": {"speed": 0}, "type": "Feature"}, {"geometry": {"coordinates": [-122.67544, 45.527727], "type": "Point"}, "properties": {"speed": 0}, "type": "Feature"}, {"geometry": {"coordinates": [-122.67544, 45.527727], "type": "Point"}, "properties": {"speed": 0}, "type": "Feature"}, {"geometry": {"coordinates": [-122.67544, 45.527727], "type": "Point"}, "properties": {"speed": 0}, "type": "Feature"}, {"geometry": {"coordinates": [-122.67544, 45.527727], "type": "Point"}, "properties": {"speed": 0}, "type": "Feature"}, {"geometry": {"coordinates": [-122.67544, 45.527727], "type": "Point"}, "properties": {"speed": 0}, "type": "Feature"}, {"geometry": {"coordinates": [-122.67544, 45.527727], "type": "Point"}, "properties": {"speed": 0}, "type": "Feature"}, {"geometry": {"coordinates": [-122.67544, 45.527727], "type": "Point"}, "properties": {"speed": 0}, "type": "Feature"}, {"geometry": {"coordinates": [-122.67544, 45.527727], "type": "Point"}, "properties": {"speed": 0}, "type": "Feature"}, {"geometry": {"coordinates": [-122.67544, 45.527727], "type": "Point"}, "properties": {"speed": 0}, "type": "Feature"}, {"geometry": {"coordinates": [-122.67544, 45.527727], "type": "Point"}, "properties": {"speed": 0}, "type": "Feature"}, {"geometry": {"coordinates": [-122.67544, 45.527727], "type": "Point"}, "properties": {"speed": 0}, "type": "Feature"}, {"geometry": {"coordinates": [-122.67544, 45.527727], "type": "Point"}, "properties": {"speed": 0}, "type": "Feature"}, {"geometry": {"coordinates": [-122.67544, 45.527727], "type": "Point"}, "properties": {"speed": 0}, "type": "Feature"}, {"geometry": {"coordinates": [-122.67544, 45.527727], "type": "Point"}, "properties": {"speed": 0}, "type": "Feature"}, {"geometry": {"coordinates": [-122.67544, 45.527727], "type": "Point"}, "properties": {"speed": 0}, "type": "Feature"}, {"geometry": {"coordinates": [-122.67544, 45.527727], "type": "Point"}, "properties": {"speed": 0}, "type": "Feature"}, {"geometry": {"coordinates": [-122.67544, 45.527727], "type": "Point"}, "properties": {"speed": 0}, "type": "Feature"}, {"geometry": {"coordinates": [-122.67544, 45.527727], "type": "Point"}, "properties": {"speed": 0}, "type": "Feature"}, {"geometry": {"coordinates": [-122.67544, 45.527727], "type": "Point"}, "properties": {"speed": 0}, "type": "Feature"}, {"geometry": {"coordinates": [-122.67544, 45.527727], "type": "Point"}, "properties": {"speed": 0}, "type": "Feature"}, {"geometry": {"coordinates": [-122.67544, 45.527727], "type": "Point"}, "properties": {"speed": 0}, "type": "Feature"}, {"geometry": {"coordinates": [-122.67544, 45.527727], "type": "Point"}, "properties": {"speed": 0}, "type": "Feature"}, {"geometry": {"coordinates": [-122.67544, 45.527727], "type": "Point"}, "properties": {"speed": 0}, "type": "Feature"}, {"geometry": {"coordinates": [-122.67544, 45.527727], "type": "Point"}, "properties": {"speed": 0}, "type": "Feature"}, {"geometry": {"coordinates": [-122.67544, 45.527727], "type": "Point"}, "properties": {"speed": 0}, "type": "Feature"}, {"geometry": {"coordinates": [-122.67558, 45.526253], "type": "Point"}, "properties": {"speed": 7}, "type": "Feature"}, {"geometry": {"coordinates": [-122.675487, 45.525455], "type": "Point"}, "properties": {"speed": 5}, "type": "Feature"}, {"geometry": {"coordinates": [-122.675455, 45.524933], "type": "Point"}, "properties": {"speed": 6}, "type": "Feature"}, {"geometry": {"coordinates": [-122.67544, 45.524773], "type": "Point"}, "properties": {"speed": 3}, "type": "Feature"}, {"geometry": {"coordinates": [-122.675445, 45.524767], "type": "Point"}, "properties": {"speed": 0}, "type": "Feature"}, {"geometry": {"coordinates": [-122.675445, 45.524767], "type": "Point"}, "properties": {"speed": 0}, "type": "Feature"}, {"geometry": {"coordinates": [-122.675445, 45.524767], "type": "Point"}, "properties": {"speed": 0}, "type": "Feature"}, {"geometry": {"coordinates": [-122.675455, 45.524747], "type": "Point"}, "properties": {"speed": 1}, "type": "Feature"}, {"geometry": {"coordinates": [-122.67539, 45.52328], "type": "Point"}, "properties": {"speed": 2}, "type": "Feature"}, {"geometry": {"coordinates": [-122.675375, 45.523085], "type": "Point"}, "properties": {"speed": 4}, "type": "Feature"}, {"geometry": {"coordinates": [-122.676047, 45.521573], "type": "Point"}, "properties": {"speed": 3}, "type": "Feature"}, {"geometry": {"coordinates": [-122.676325, 45.521178], "type": "Point"}, "properties": {"speed": 6}, "type": "Feature"}, {"geometry": {"coordinates": [-122.676415, 45.520958], "type": "Point"}, "properties": {"speed": 1}, "type": "Feature"}, {"geometry": {"coordinates": [-122.676415, 45.520958], "type": "Point"}, "properties": {"speed": 0}, "type": "Feature"}, {"geometry": {"coordinates": [-122.676427, 45.520937], "type": "Point"}, "properties": {"speed": 1}, "type": "Feature"}, {"geometry": {"coordinates": [-122.676867, 45.520062], "type": "Point"}, "properties": {"speed": 8}, "type": "Feature"}, {"geometry": {"coordinates": [-122.677043, 45.519722], "type": "Point"}, "properties": {"speed": 8}, "type": "Feature"}, {"geometry": {"coordinates": [-122.677688, 45.518533], "type": "Point"}, "properties": {"speed": 7}, "type": "Feature"}, {"geometry": {"coordinates": [-122.677845, 45.51825], "type": "Point"}, "properties": {"speed": 0}, "type": "Feature"}, {"geometry": {"coordinates": [-122.678977, 45.516238], "type": "Point"}, "properties": {"speed": 3}, "type": "Feature"}, {"geometry": {"coordinates": [-122.679322, 45.515558], "type": "Point"}, "properties": {"speed": 6}, "type": "Feature"}, {"geometry": {"coordinates": [-122.680072, 45.514352], "type": "Point"}, "properties": {"speed": 3}, "type": "Feature"}, {"geometry": {"coordinates": [-122.680587, 45.513282], "type": "Point"}, "properties": {"speed": 6}, "type": "Feature"}, {"geometry": {"coordinates": [-122.681448, 45.511662], "type": "Point"}, "properties": {"speed": 1}, "type": "Feature"}, {"geometry": {"coordinates": [-122.681917, 45.510937], "type": "Point"}, "properties": {"speed": 0}, "type": "Feature"}, {"geometry": {"coordinates": [-122.681917, 45.510937], "type": "Point"}, "properties": {"speed": 1}, "type": "Feature"}, {"geometry": {"coordinates": [-122.682433, 45.509915], "type": "Point"}, "properties": {"speed": 7}, "type": "Feature"}, {"geometry": {"coordinates": [-122.683038, 45.508477], "type": "Point"}, "properties": {"speed": 8}, "type": "Feature"}, {"geometry": {"coordinates": [-122.682913, 45.507978], "type": "Point"}, "properties": {"speed": 5}, "type": "Feature"}, {"geometry": {"coordinates": [-122.680212, 45.50779], "type": "Point"}, "properties": {"speed": 5}, "type": "Feature"}, {"geometry": {"coordinates": [-122.678157, 45.507917], "type": "Point"}, "properties": {"speed": 8}, "type": "Feature"}, {"geometry": {"coordinates": [-122.67534, 45.506618], "type": "Point"}, "properties": {"speed": 9}, "type": "Feature"}, {"geometry": {"coordinates": [-122.675158, 45.50623], "type": "Point"}, "properties": {"speed": 9}, "type": "Feature"}, {"geometry": {"coordinates": [-122.673197, 45.50333], "type": "Point"}, "properties": {"speed": 8}, "type": "Feature"}, {"geometry": {"coordinates": [-122.672565, 45.502463], "type": "Point"}, "properties": {"speed": 1}, "type": "Feature"}, {"geometry": {"coordinates": [-122.672565, 45.502463], "type": "Point"}, "properties": {"speed": 0}, "type": "Feature"}, {"geometry": {"coordinates": [-122.672565, 45.502463], "type": "Point"}, "properties": {"speed": 0}, "type": "Feature"}, {"geometry": {"coordinates": [-122.672565, 45.502462], "type": "Point"}, "properties": {"speed": 0}, "type": "Feature"}, {"geometry": {"coordinates": [-122.669385, 45.50339], "type": "Point"}, "properties": {"speed": 8}, "type": "Feature"}, {"geometry": {"coordinates": [-122.668967, 45.503667], "type": "Point"}, "properties": {"speed": 9}, "type": "Feature"}, {"geometry": {"coordinates": [-122.663677, 45.506548], "type": "Point"}, "properties": {"speed": 6}, "type": "Feature"}, {"geometry": {"coordinates": [-122.663522, 45.506545], "type": "Point"}, "properties": {"speed": 0}, "type": "Feature"}, {"geometry": {"coordinates": [-122.663522, 45.506545], "type": "Point"}, "properties": {"speed": 0}, "type": "Feature"}, {"geometry": {"coordinates": [-122.663468, 45.506545], "type": "Point"}, "properties": {"speed": 3}, "type": "Feature"}, {"geometry": {"coordinates": [-122.66243, 45.506527], "type": "Point"}, "properties": {"speed": 5}, "type": "Feature"}, {"geometry": {"coordinates": [-122.662335, 45.506523], "type": "Point"}, "properties": {"speed": 1}, "type": "Feature"}, {"geometry": {"coordinates": [-122.662335, 45.506523], "type": "Point"}, "properties": {"speed": 0}, "type": "Feature"}, {"geometry": {"coordinates": [-122.662335, 45.506523], "type": "Point"}, "properties": {"speed": 0}, "type": "Feature"}, {"geometry": {"coordinates": [-122.658765, 45.505658], "type": "Point"}, "properties": {"speed": 7}, "type": "Feature"}, {"geometry": {"coordinates": [-122.65877, 45.505312], "type": "Point"}, "properties": {"speed": 8}, "type": "Feature"}, {"geometry": {"coordinates": [-122.65879, 45.504987], "type": "Point"}, "properties": {"speed": 1}, "type": "Feature"}, {"geometry": {"coordinates": [-122.65874, 45.504875], "type": "Point"}, "properties": {"speed": 3}, "type": "Feature"}, {"geometry": {"coordinates": [-122.656827, 45.504558], "type": "Point"}, "properties": {"speed": 7}, "type": "Feature"}, {"geometry": {"coordinates": [-122.656468, 45.504447], "type": "Point"}, "properties": {"speed": 6}, "type": "Feature"}, {"geometry": {"coordinates": [-122.65568, 45.504015], "type": "Point"}, "properties": {"speed": 8}, "type": "Feature"}, {"geometry": {"coordinates": [-122.655278, 45.503783], "type": "Point"}, "properties": {"speed": 8}, "type": "Feature"}, {"geometry": {"coordinates": [-122.654887, 45.503537], "type": "Point"}, "properties": {"speed": 0}, "type": "Feature"}, {"geometry": {"coordinates": [-122.654887, 45.503537], "type": "Point"}, "properties": {"speed": 1}, "type": "Feature"}, {"geometry": {"coordinates": [-122.653897, 45.500972], "type": "Point"}, "properties": {"speed": 7}, "type": "Feature"}, {"geometry": {"coordinates": [-122.65348, 45.500865], "type": "Point"}, "properties": {"speed": 7}, "type": "Feature"}, {"geometry": {"coordinates": [-122.64961, 45.500005], "type": "Point"}, "properties": {"speed": 15}, "type": "Feature"}, {"geometry": {"coordinates": [-122.646618, 45.49966], "type": "Point"}, "properties": {"speed": 15}, "type": "Feature"}, {"geometry": {"coordinates": [-122.640622, 45.49812], "type": "Point"}, "properties": {"speed": 11}, "type": "Feature"}, {"geometry": {"coordinates": [-122.635217, 45.497167], "type": "Point"}, "properties": {"speed": 11}, "type": "Feature"}, {"geometry": {"coordinates": [-122.633827, 45.496945], "type": "Point"}, "properties": {"speed": 11}, "type": "Feature"}, {"geometry": {"coordinates": [-122.631962, 45.49674], "type": "Point"}, "properties": {"speed": 8}, "type": "Feature"}, {"geometry": {"coordinates": [-122.62977, 45.496738], "type": "Point"}, "properties": {"speed": 12}, "type": "Feature"}, {"geometry": {"coordinates": [-122.628997, 45.496788], "type": "Point"}, "properties": {"speed": 12}, "type": "Feature"}, {"geometry": {"coordinates": [-122.623057, 45.497212], "type": "Point"}, "properties": {"speed": 5}, "type": "Feature"}, {"geometry": {"coordinates": [-122.61656, 45.497495], "type": "Point"}, "properties": {"speed": 12}, "type": "Feature"}, {"geometry": {"coordinates": [-122.613183, 45.497483], "type": "Point"}, "properties": {"speed": 8}, "type": "Feature"}, {"geometry": {"coordinates": [-122.609358, 45.497432], "type": "Point"}, "properties": {"speed": 1}, "type": "Feature"}, {"geometry": {"coordinates": [-122.608577, 45.497398], "type": "Point"}, "properties": {"speed": 3}, "type": "Feature"}, {"geometry": {"coordinates": [-122.606092, 45.497425], "type": "Point"}, "properties": {"speed": 15}, "type": "Feature"}, {"geometry": {"coordinates": [-122.601208, 45.497412], "type": "Point"}, "properties": {"speed": 15}, "type": "Feature"}, {"geometry": {"coordinates": [-122.599363, 45.497407], "type": "Point"}, "properties": {"speed": 14}, "type": "Feature"}, {"geometry": {"coordinates": [-122.595458, 45.497383], "type": "Point"}, "properties": {"speed": 2}, "type": "Feature"}, {"geometry": {"coordinates": [-122.594748, 45.497387], "type": "Point"}, "properties": {"speed": 11}, "type": "Feature"}, {"geometry": {"coordinates": [-122.592297, 45.497378], "type": "Point"}, "properties": {"speed": 13}, "type": "Feature"}, {"geometry": {"coordinates": [-122.588938, 45.49737], "type": "Point"}, "properties": {"speed": 13}, "type": "Feature"}, {"geometry": {"coordinates": [-122.582553, 45.497357], "type": "Point"}, "properties": {"speed": 11}, "type": "Feature"}, {"geometry": {"coordinates": [-122.581962, 45.497345], "type": "Point"}, "properties": {"speed": 9}, "type": "Feature"}, {"geometry": {"coordinates": [-122.578847, 45.497342], "type": "Point"}, "properties": {"speed": 8}, "type": "Feature"}, {"geometry": {"coordinates": [-122.578398, 45.497322], "type": "Point"}, "properties": {"speed": 7}, "type": "Feature"}, {"geometry": {"coordinates": [-122.578182, 45.497318], "type": "Point"}, "properties": {"speed": 3}, "type": "Feature"}, {"geometry": {"coordinates": [-122.57058, 45.49733], "type": "Point"}, "properties": {"speed": 10}, "type": "Feature"}, {"geometry": {"coordinates": [-122.566175, 45.49732], "type": "Point"}, "properties": {"speed": 11}, "type": "Feature"}, {"geometry": {"coordinates": [-122.564757, 45.4972], "type": "Point"}, "properties": {"speed": 0}, "type": "Feature"}, {"geometry": {"coordinates": [-122.564755, 45.4972], "type": "Point"}, "properties": {"speed": 0}, "type": "Feature"}, {"geometry": {"coordinates": [-122.564512, 45.49715], "type": "Point"}, "properties": {"speed": 4}, "type": "Feature"}, {"geometry": {"coordinates": [-122.563955, 45.497032], "type": "Point"}, "properties": {"speed": 9}, "type": "Feature"}, {"geometry": {"coordinates": [-122.558937, 45.495723], "type": "Point"}, "properties": {"speed": 12}, "type": "Feature"}, {"geometry": {"coordinates": [-122.55802, 45.495743], "type": "Point"}, "properties": {"speed": 4}, "type": "Feature"}, {"geometry": {"coordinates": [-122.55513, 45.495987], "type": "Point"}, "properties": {"speed": 13}, "type": "Feature"}, {"geometry": {"coordinates": [-122.551568, 45.496278], "type": "Point"}, "properties": {"speed": 14}, "type": "Feature"}, {"geometry": {"coordinates": [-122.546648, 45.496648], "type": "Point"}, "properties": {"speed": 12}, "type": "Feature"}, {"geometry": {"coordinates": [-122.539427, 45.497008], "type": "Point"}, "properties": {"speed": 11}, "type": "Feature"}, {"geometry": {"coordinates": [-122.53797, 45.497037], "type": "Point"}, "properties": {"speed": 3}, "type": "Feature"}, {"geometry": {"coordinates": [-122.536972, 45.497055], "type": "Point"}, "properties": {"speed": 9}, "type": "Feature"}, {"geometry": {"coordinates": [-122.534918, 45.497163], "type": "Point"}, "properties": {"speed": 11}, "type": "Feature"}, {"geometry": {"coordinates": [-122.534217, 45.497192], "type": "Point"}, "properties": {"speed": 11}, "type": "Feature"}, {"geometry": {"coordinates": [-122.533505, 45.497217], "type": "Point"}, "properties": {"speed": 11}, "type": "Feature"}, {"geometry": {"coordinates": [-122.532042, 45.497267], "type": "Point"}, "properties": {"speed": 9}, "type": "Feature"}, {"geometry": {"coordinates": [-122.531328, 45.497295], "type": "Point"}, "properties": {"speed": 11}, "type": "Feature"}, {"geometry": {"coordinates": [-122.530027, 45.497335], "type": "Point"}, "properties": {"speed": 8}, "type": "Feature"}, {"geometry": {"coordinates": [-122.529782, 45.49733], "type": "Point"}, "properties": {"speed": 4}, "type": "Feature"}, {"geometry": {"coordinates": [-122.525787, 45.497483], "type": "Point"}, "properties": {"speed": 0}, "type": "Feature"}, {"geometry": {"coordinates": [-122.524362, 45.497685], "type": "Point"}, "properties": {"speed": 10}, "type": "Feature"}, {"geometry": {"coordinates": [-122.518903, 45.498652], "type": "Point"}, "properties": {"speed": 16}, "type": "Feature"}, {"geometry": {"coordinates": [-122.513405, 45.498783], "type": "Point"}, "properties": {"speed": 13}, "type": "Feature"}, {"geometry": {"coordinates": [-122.506018, 45.496842], "type": "Point"}, "properties": {"speed": 13}, "type": "Feature"}, {"geometry": {"coordinates": [-122.501447, 45.495742], "type": "Point"}, "properties": {"speed": 12}, "type": "Feature"}, {"geometry": {"coordinates": [-122.500698, 45.495585], "type": "Point"}, "properties": {"speed": 12}, "type": "Feature"}, {"geometry": {"coordinates": [-122.486212, 45.49261], "type": "Point"}, "properties": {"speed": 14}, "type": "Feature"}, {"geometry": {"coordinates": [-122.483452, 45.492057], "type": "Point"}, "properties": {"speed": 12}, "type": "Feature"}, {"geometry": {"coordinates": [-122.482613, 45.491862], "type": "Point"}, "properties": {"speed": 14}, "type": "Feature"}, {"geometry": {"coordinates": [-122.475843, 45.490392], "type": "Point"}, "properties": {"speed": 1}, "type": "Feature"}, {"geometry": {"coordinates": [-122.473258, 45.489672], "type": "Point"}, "properties": {"speed": 14}, "type": "Feature"}, {"geometry": {"coordinates": [-122.472308, 45.48955], "type": "Point"}, "properties": {"speed": 15}, "type": "Feature"}, {"geometry": {"coordinates": [-122.471285, 45.489555], "type": "Point"}, "properties": {"speed": 16}, "type": "Feature"}, {"geometry": {"coordinates": [-122.466587, 45.491365], "type": "Point"}, "properties": {"speed": 21}, "type": "Feature"}, {"geometry": {"coordinates": [-122.463182, 45.493433], "type": "Point"}, "properties": {"speed": 17}, "type": "Feature"}, {"geometry": {"coordinates": [-122.455247, 45.497027], "type": "Point"}, "properties": {"speed": 14}, "type": "Feature"}, {"geometry": {"coordinates": [-122.451688, 45.497037], "type": "Point"}, "properties": {"speed": 14}, "type": "Feature"}, {"geometry": {"coordinates": [-122.448337, 45.497058], "type": "Point"}, "properties": {"speed": 12}, "type": "Feature"}, {"geometry": {"coordinates": [-122.447817, 45.497062], "type": "Point"}, "properties": {"speed": 8}, "type": "Feature"}, {"geometry": {"coordinates": [-122.446242, 45.497073], "type": "Point"}, "properties": {"speed": 12}, "type": "Feature"}, {"geometry": {"coordinates": [-122.43942, 45.497083], "type": "Point"}, "properties": {"speed": 16}, "type": "Feature"}, {"geometry": {"coordinates": [-122.434158, 45.49719], "type": "Point"}, "properties": {"speed": 10}, "type": "Feature"}, {"geometry": {"coordinates": [-122.432768, 45.497552], "type": "Point"}, "properties": {"speed": 13}, "type": "Feature"}, {"geometry": {"coordinates": [-122.431162, 45.497925], "type": "Point"}, "properties": {"speed": 0}, "type": "Feature"}, {"geometry": {"coordinates": [-122.431162, 45.497925], "type": "Point"}, "properties": {"speed": 0}, "type": "Feature"}, {"geometry": {"coordinates": [-122.430937, 45.49824], "type": "Point"}, "properties": {"speed": 6}, "type": "Feature"}, {"geometry": {"coordinates": [-122.43102, 45.500238], "type": "Point"}, "properties": {"speed": 7}, "type": "Feature"}, {"geometry": {"coordinates": [-122.442368, 45.504555], "type": "Point"}, "properties": {"speed": 12}, "type": "Feature"}, {"geometry": {"coordinates": [-122.444947, 45.504562], "type": "Point"}, "properties": {"speed": 14}, "type": "Feature"}, {"geometry": {"coordinates": [-122.448663, 45.504533], "type": "Point"}, "properties": {"speed": 14}, "type": "Feature"}, {"geometry": {"coordinates": [-122.449573, 45.504523], "type": "Point"}, "properties": {"speed": 14}, "type": "Feature"}, {"geometry": {"coordinates": [-122.451475, 45.504505], "type": "Point"}, "properties": {"speed": 15}, "type": "Feature"}, {"geometry": {"coordinates": [-122.452452, 45.504497], "type": "Point"}, "properties": {"speed": 15}, "type": "Feature"}, {"geometry": {"coordinates": [-122.454315, 45.50449], "type": "Point"}, "properties": {"speed": 17}, "type": "Feature"}, {"geometry": {"coordinates": [-122.472695, 45.504593], "type": "Point"}, "properties": {"speed": 14}, "type": "Feature"}, {"geometry": {"coordinates": [-122.476407, 45.504632], "type": "Point"}, "properties": {"speed": 7}, "type": "Feature"}, {"geometry": {"coordinates": [-122.478705, 45.504623], "type": "Point"}, "properties": {"speed": 13}, "type": "Feature"}, {"geometry": {"coordinates": [-122.491107, 45.504612], "type": "Point"}, "properties": {"speed": 9}, "type": "Feature"}, {"geometry": {"coordinates": [-122.491822, 45.504608], "type": "Point"}, "properties": {"speed": 11}, "type": "Feature"}, {"geometry": {"coordinates": [-122.499183, 45.504537], "type": "Point"}, "properties": {"speed": 13}, "type": "Feature"}, {"geometry": {"coordinates": [-122.503547, 45.504415], "type": "Point"}, "properties": {"speed": 12}, "type": "Feature"}, {"geometry": {"coordinates": [-122.505273, 45.504365], "type": "Point"}, "properties": {"speed": 13}, "type": "Feature"}, {"geometry": {"coordinates": [-122.509068, 45.504297], "type": "Point"}, "properties": {"speed": 12}, "type": "Feature"}, {"geometry": {"coordinates": [-122.510135, 45.504293], "type": "Point"}, "properties": {"speed": 6}, "type": "Feature"}, {"geometry": {"coordinates": [-122.51353, 45.50423], "type": "Point"}, "properties": {"speed": 13}, "type": "Feature"}, {"geometry": {"coordinates": [-122.518613, 45.504153], "type": "Point"}, "properties": {"speed": 14}, "type": "Feature"}, {"geometry": {"coordinates": [-122.537338, 45.504172], "type": "Point"}, "properties": {"speed": 0}, "type": "Feature"}, {"geometry": {"coordinates": [-122.537338, 45.504172], "type": "Point"}, "properties": {"speed": 0}, "type": "Feature"}, {"geometry": {"coordinates": [-122.537343, 45.504172], "type": "Point"}, "properties": {"speed": 0}, "type": "Feature"}, {"geometry": {"coordinates": [-122.538258, 45.504185], "type": "Point"}, "properties": {"speed": 6}, "type": "Feature"}, {"geometry": {"coordinates": [-122.538715, 45.504168], "type": "Point"}, "properties": {"speed": 5}, "type": "Feature"}, {"geometry": {"coordinates": [-122.543138, 45.504217], "type": "Point"}, "properties": {"speed": 12}, "type": "Feature"}, {"geometry": {"coordinates": [-122.544195, 45.50422], "type": "Point"}, "properties": {"speed": 5}, "type": "Feature"}, {"geometry": {"coordinates": [-122.547048, 45.504247], "type": "Point"}, "properties": {"speed": 0}, "type": "Feature"}, {"geometry": {"coordinates": [-122.54799, 45.504262], "type": "Point"}, "properties": {"speed": 7}, "type": "Feature"}, {"geometry": {"coordinates": [-122.549278, 45.50427], "type": "Point"}, "properties": {"speed": 11}, "type": "Feature"}, {"geometry": {"coordinates": [-122.552685, 45.504297], "type": "Point"}, "properties": {"speed": 14}, "type": "Feature"}, {"geometry": {"coordinates": [-122.562887, 45.504435], "type": "Point"}, "properties": {"speed": 9}, "type": "Feature"}, {"geometry": {"coordinates": [-122.567442, 45.504512], "type": "Point"}, "properties": {"speed": 7}, "type": "Feature"}, {"geometry": {"coordinates": [-122.583927, 45.505413], "type": "Point"}, "properties": {"speed": 13}, "type": "Feature"}, {"geometry": {"coordinates": [-122.584765, 45.505408], "type": "Point"}, "properties": {"speed": 13}, "type": "Feature"}, {"geometry": {"coordinates": [-122.58731, 45.505407], "type": "Point"}, "properties": {"speed": 10}, "type": "Feature"}, {"geometry": {"coordinates": [-122.58893, 45.505403], "type": "Point"}, "properties": {"speed": 13}, "type": "Feature"}, {"geometry": {"coordinates": [-122.591635, 45.505398], "type": "Point"}, "properties": {"speed": 14}, "type": "Feature"}, {"geometry": {"coordinates": [-122.59835, 45.505382], "type": "Point"}, "properties": {"speed": 12}, "type": "Feature"}, {"geometry": {"coordinates": [-122.599913, 45.505373], "type": "Point"}, "properties": {"speed": 12}, "type": "Feature"}, {"geometry": {"coordinates": [-122.60069, 45.505362], "type": "Point"}, "properties": {"speed": 12}, "type": "Feature"}, {"geometry": {"coordinates": [-122.602383, 45.505372], "type": "Point"}, "properties": {"speed": 5}, "type": "Feature"}, {"geometry": {"coordinates": [-122.604497, 45.505345], "type": "Point"}, "properties": {"speed": 12}, "type": "Feature"}, {"geometry": {"coordinates": [-122.610092, 45.50533], "type": "Point"}, "properties": {"speed": 8}, "type": "Feature"}, {"geometry": {"coordinates": [-122.613677, 45.505305], "type": "Point"}, "properties": {"speed": 8}, "type": "Feature"}, {"geometry": {"coordinates": [-122.617903, 45.50528], "type": "Point"}, "properties": {"speed": 9}, "type": "Feature"}, {"geometry": {"coordinates": [-122.619742, 45.504752], "type": "Point"}, "properties": {"speed": 6}, "type": "Feature"}, {"geometry": {"coordinates": [-122.62483, 45.504792], "type": "Point"}, "properties": {"speed": 9}, "type": "Feature"}, {"geometry": {"coordinates": [-122.629538, 45.504798], "type": "Point"}, "properties": {"speed": 8}, "type": "Feature"}, {"geometry": {"coordinates": [-122.63123, 45.504797], "type": "Point"}, "properties": {"speed": 9}, "type": "Feature"}, {"geometry": {"coordinates": [-122.633043, 45.504792], "type": "Point"}, "properties": {"speed": 9}, "type": "Feature"}, {"geometry": {"coordinates": [-122.633628, 45.504793], "type": "Point"}, "properties": {"speed": 9}, "type": "Feature"}, {"geometry": {"coordinates": [-122.634467, 45.504803], "type": "Point"}, "properties": {"speed": 5}, "type": "Feature"}, {"geometry": {"coordinates": [-122.636998, 45.5048], "type": "Point"}, "properties": {"speed": 11}, "type": "Feature"}, {"geometry": {"coordinates": [-122.642475, 45.504817], "type": "Point"}, "properties": {"speed": 11}, "type": "Feature"}, {"geometry": {"coordinates": [-122.644135, 45.504828], "type": "Point"}, "properties": {"speed": 6}, "type": "Feature"}, {"geometry": {"coordinates": [-122.647267, 45.504847], "type": "Point"}, "properties": {"speed": 10}, "type": "Feature"}, {"geometry": {"coordinates": [-122.653003, 45.504887], "type": "Point"}, "properties": {"speed": 8}, "type": "Feature"}, {"geometry": {"coordinates": [-122.658183, 45.504923], "type": "Point"}, "properties": {"speed": 7}, "type": "Feature"}, {"geometry": {"coordinates": [-122.658725, 45.505543], "type": "Point"}, "properties": {"speed": 9}, "type": "Feature"}, {"geometry": {"coordinates": [-122.660897, 45.506537], "type": "Point"}, "properties": {"speed": 12}, "type": "Feature"}, {"geometry": {"coordinates": [-122.661797, 45.506547], "type": "Point"}, "properties": {"speed": 5}, "type": "Feature"}, {"geometry": {"coordinates": [-122.663225, 45.506573], "type": "Point"}, "properties": {"speed": 2}, "type": "Feature"}, {"geometry": {"coordinates": [-122.664315, 45.506583], "type": "Point"}, "properties": {"speed": 8}, "type": "Feature"}, {"geometry": {"coordinates": [-122.667412, 45.504712], "type": "Point"}, "properties": {"speed": 12}, "type": "Feature"}, {"geometry": {"coordinates": [-122.672242, 45.502515], "type": "Point"}, "properties": {"speed": 6}, "type": "Feature"}, {"geometry": {"coordinates": [-122.673232, 45.503483], "type": "Point"}, "properties": {"speed": 12}, "type": "Feature"}, {"geometry": {"coordinates": [-122.673817, 45.504575], "type": "Point"}, "properties": {"speed": 13}, "type": "Feature"}, {"geometry": {"coordinates": [-122.677427, 45.508], "type": "Point"}, "properties": {"speed": 4}, "type": "Feature"}, {"geometry": {"coordinates": [-122.679732, 45.507977], "type": "Point"}, "properties": {"speed": 0}, "type": "Feature"}, {"geometry": {"coordinates": [-122.679732, 45.507977], "type": "Point"}, "properties": {"speed": 0}, "type": "Feature"}, {"geometry": {"coordinates": [-122.679732, 45.507977], "type": "Point"}, "properties": {"speed": 1}, "type": "Feature"}, {"geometry": {"coordinates": [-122.680222, 45.507962], "type": "Point"}, "properties": {"speed": 7}, "type": "Feature"}, {"geometry": {"coordinates": [-122.681363, 45.507985], "type": "Point"}, "properties": {"speed": 8}, "type": "Feature"}, {"geometry": {"coordinates": [-122.681985, 45.508457], "type": "Point"}, "properties": {"speed": 7}, "type": "Feature"}, {"geometry": {"coordinates": [-122.681862, 45.508853], "type": "Point"}, "properties": {"speed": 9}, "type": "Feature"}, {"geometry": {"coordinates": [-122.682042, 45.510087], "type": "Point"}, "properties": {"speed": 4}, "type": "Feature"}, {"geometry": {"coordinates": [-122.683292, 45.51051], "type": "Point"}, "properties": {"speed": 4}, "type": "Feature"}, {"geometry": {"coordinates": [-122.683163, 45.510773], "type": "Point"}, "properties": {"speed": 6}, "type": "Feature"}, {"geometry": {"coordinates": [-122.682705, 45.5116], "type": "Point"}, "properties": {"speed": 0}, "type": "Feature"}, {"geometry": {"coordinates": [-122.682705, 45.5116], "type": "Point"}, "properties": {"speed": 0}, "type": "Feature"}, {"geometry": {"coordinates": [-122.6827, 45.511607], "type": "Point"}, "properties": {"speed": 1}, "type": "Feature"}, {"geometry": {"coordinates": [-122.681953, 45.512938], "type": "Point"}, "properties": {"speed": 1}, "type": "Feature"}, {"geometry": {"coordinates": [-122.681953, 45.512938], "type": "Point"}, "properties": {"speed": 0}, "type": "Feature"}, {"geometry": {"coordinates": [-122.681277, 45.514055], "type": "Point"}, "properties": {"speed": 7}, "type": "Feature"}, {"geometry": {"coordinates": [-122.679792, 45.516915], "type": "Point"}, "properties": {"speed": 1}, "type": "Feature"}, {"geometry": {"coordinates": [-122.679792, 45.516915], "type": "Point"}, "properties": {"speed": 0}, "type": "Feature"}, {"geometry": {"coordinates": [-122.679792, 45.516915], "type": "Point"}, "properties": {"speed": 0}, "type": "Feature"}, {"geometry": {"coordinates": [-122.679405, 45.517525], "type": "Point"}, "properties": {"speed": 0}, "type": "Feature"}, {"geometry": {"coordinates": [-122.678847, 45.518635], "type": "Point"}, "properties": {"speed": 6}, "type": "Feature"}, {"geometry": {"coordinates": [-122.678003, 45.520195], "type": "Point"}, "properties": {"speed": 5}, "type": "Feature"}, {"geometry": {"coordinates": [-122.677782, 45.520502], "type": "Point"}, "properties": {"speed": 5}, "type": "Feature"}, {"geometry": {"coordinates": [-122.676992, 45.522102], "type": "Point"}, "properties": {"speed": 2}, "type": "Feature"}, {"geometry": {"coordinates": [-122.676917, 45.522243], "type": "Point"}, "properties": {"speed": 1}, "type": "Feature"}, {"geometry": {"coordinates": [-122.676722, 45.522577], "type": "Point"}, "properties": {"speed": 8}, "type": "Feature"}, {"geometry": {"coordinates": [-122.676547, 45.52284], "type": "Point"}, "properties": {"speed": 1}, "type": "Feature"}, {"geometry": {"coordinates": [-122.676435, 45.523107], "type": "Point"}, "properties": {"speed": 6}, "type": "Feature"}, {"geometry": {"coordinates": [-122.67646, 45.523585], "type": "Point"}, "properties": {"speed": 3}, "type": "Feature"}, {"geometry": {"coordinates": [-122.676458, 45.523588], "type": "Point"}, "properties": {"speed": 0}, "type": "Feature"}, {"geometry": {"coordinates": [-122.676455, 45.523598], "type": "Point"}, "properties": {"speed": 0}, "type": "Feature"}, {"geometry": {"coordinates": [-122.676467, 45.524117], "type": "Point"}, "properties": {"speed": 7}, "type": "Feature"}, {"geometry": {"coordinates": [-122.676585, 45.527538], "type": "Point"}, "properties": {"speed": 6}, "type": "Feature"}, {"geometry": {"coordinates": [-122.676587, 45.527595], "type": "Point"}, "properties": {"speed": 0}, "type": "Feature"}, {"geometry": {"coordinates": [-122.676107, 45.528013], "type": "Point"}, "properties": {"speed": 4}, "type": "Feature"}, {"geometry": {"coordinates": [-122.676075, 45.528015], "type": "Point"}, "properties": {"speed": 1}, "type": "Feature"}, {"geometry": {"coordinates": [-122.675523, 45.524815], "type": "Point"}, "properties": {"speed": 4}, "type": "Feature"}, {"geometry": {"coordinates": [-122.675452, 45.524265], "type": "Point"}, "properties": {"speed": 8}, "type": "Feature"}, {"geometry": {"coordinates": [-122.675413, 45.523945], "type": "Point"}, "properties": {"speed": 0}, "type": "Feature"}, {"geometry": {"coordinates": [-122.675413, 45.523935], "type": "Point"}, "properties": {"speed": 1}, "type": "Feature"}, {"geometry": {"coordinates": [-122.676042, 45.521607], "type": "Point"}, "properties": {"speed": 3}, "type": "Feature"}, {"geometry": {"coordinates": [-122.676347, 45.52107], "type": "Point"}, "properties": {"speed": 7}, "type": "Feature"}, {"geometry": {"coordinates": [-122.677743, 45.51853], "type": "Point"}, "properties": {"speed": 8}, "type": "Feature"}, {"geometry": {"coordinates": [-122.679548, 45.515137], "type": "Point"}, "properties": {"speed": 6}, "type": "Feature"}, {"geometry": {"coordinates": [-122.680052, 45.514438], "type": "Point"}, "properties": {"speed": 6}, "type": "Feature"}, {"geometry": {"coordinates": [-122.681153, 45.512183], "type": "Point"}, "properties": {"speed": 9}, "type": "Feature"}, {"geometry": {"coordinates": [-122.681448, 45.511608], "type": "Point"}, "properties": {"speed": 1}, "type": "Feature"}, {"geometry": {"coordinates": [-122.681983, 45.510678], "type": "Point"}, "properties": {"speed": 10}, "type": "Feature"}, {"geometry": {"coordinates": [-122.682585, 45.50797], "type": "Point"}, "properties": {"speed": 6}, "type": "Feature"}, {"geometry": {"coordinates": [-122.68097, 45.507827], "type": "Point"}, "properties": {"speed": 8}, "type": "Feature"}, {"geometry": {"coordinates": [-122.680207, 45.507783], "type": "Point"}, "properties": {"speed": 4}, "type": "Feature"}, {"geometry": {"coordinates": [-122.678697, 45.507895], "type": "Point"}, "properties": {"speed": 5}, "type": "Feature"}, {"geometry": {"coordinates": [-122.678245, 45.507922], "type": "Point"}, "properties": {"speed": 7}, "type": "Feature"}, {"geometry": {"coordinates": [-122.677223, 45.507943], "type": "Point"}, "properties": {"speed": 7}, "type": "Feature"}, {"geometry": {"coordinates": [-122.674022, 45.5048], "type": "Point"}, "properties": {"speed": 12}, "type": "Feature"}, {"geometry": {"coordinates": [-122.673713, 45.504298], "type": "Point"}, "properties": {"speed": 12}, "type": "Feature"}, {"geometry": {"coordinates": [-122.673182, 45.50324], "type": "Point"}, "properties": {"speed": 12}, "type": "Feature"}, {"geometry": {"coordinates": [-122.672712, 45.502513], "type": "Point"}, "properties": {"speed": 7}, "type": "Feature"}, {"geometry": {"coordinates": [-122.6726, 45.50245], "type": "Point"}, "properties": {"speed": 0}, "type": "Feature"}, {"geometry": {"coordinates": [-122.6726, 45.50245], "type": "Point"}, "properties": {"speed": 0}, "type": "Feature"}, {"geometry": {"coordinates": [-122.6726, 45.50245], "type": "Point"}, "properties": {"speed": 0}, "type": "Feature"}, {"geometry": {"coordinates": [-122.669663, 45.50319], "type": "Point"}, "properties": {"speed": 10}, "type": "Feature"}, {"geometry": {"coordinates": [-122.663818, 45.506542], "type": "Point"}, "properties": {"speed": 7}, "type": "Feature"}, {"geometry": {"coordinates": [-122.663537, 45.506532], "type": "Point"}, "properties": {"speed": 0}, "type": "Feature"}, {"geometry": {"coordinates": [-122.56418, 45.55872], "type": "Point"}, "properties": {"speed": 3}, "type": "Feature"}, {"geometry": {"coordinates": [-122.564135, 45.558517], "type": "Point"}, "properties": {"speed": 0}, "type": "Feature"}, {"geometry": {"coordinates": [-122.564135, 45.558517], "type": "Point"}, "properties": {"speed": 0}, "type": "Feature"}, {"geometry": {"coordinates": [-122.56419, 45.558362], "type": "Point"}, "properties": {"speed": 3}, "type": "Feature"}, {"geometry": {"coordinates": [-122.56492, 45.558108], "type": "Point"}, "properties": {"speed": 8}, "type": "Feature"}, {"geometry": {"coordinates": [-122.565482, 45.55788], "type": "Point"}, "properties": {"speed": 10}, "type": "Feature"}, {"geometry": {"coordinates": [-122.566108, 45.557633], "type": "Point"}, "properties": {"speed": 11}, "type": "Feature"}, {"geometry": {"coordinates": [-122.566787, 45.557363], "type": "Point"}, "properties": {"speed": 12}, "type": "Feature"}, {"geometry": {"coordinates": [-122.568155, 45.556807], "type": "Point"}, "properties": {"speed": 12}, "type": "Feature"}, {"geometry": {"coordinates": [-122.574048, 45.55438], "type": "Point"}, "properties": {"speed": 12}, "type": "Feature"}, {"geometry": {"coordinates": [-122.577675, 45.552913], "type": "Point"}, "properties": {"speed": 12}, "type": "Feature"}, {"geometry": {"coordinates": [-122.57841, 45.552623], "type": "Point"}, "properties": {"speed": 4}, "type": "Feature"}, {"geometry": {"coordinates": [-122.583145, 45.550662], "type": "Point"}, "properties": {"speed": 11}, "type": "Feature"}, {"geometry": {"coordinates": [-122.585127, 45.549863], "type": "Point"}, "properties": {"speed": 12}, "type": "Feature"}, {"geometry": {"coordinates": [-122.586493, 45.549335], "type": "Point"}, "properties": {"speed": 13}, "type": "Feature"}, {"geometry": {"coordinates": [-122.587962, 45.548752], "type": "Point"}, "properties": {"speed": 12}, "type": "Feature"}, {"geometry": {"coordinates": [-122.595643, 45.545763], "type": "Point"}, "properties": {"speed": 15}, "type": "Feature"}, {"geometry": {"coordinates": [-122.596482, 45.54544], "type": "Point"}, "properties": {"speed": 15}, "type": "Feature"}, {"geometry": {"coordinates": [-122.59734, 45.545107], "type": "Point"}, "properties": {"speed": 15}, "type": "Feature"}, {"geometry": {"coordinates": [-122.598697, 45.544572], "type": "Point"}, "properties": {"speed": 10}, "type": "Feature"}, {"geometry": {"coordinates": [-122.599245, 45.544363], "type": "Point"}, "properties": {"speed": 10}, "type": "Feature"}, {"geometry": {"coordinates": [-122.599952, 45.544087], "type": "Point"}, "properties": {"speed": 13}, "type": "Feature"}, {"geometry": {"coordinates": [-122.602372, 45.543138], "type": "Point"}, "properties": {"speed": 14}, "type": "Feature"}, {"geometry": {"coordinates": [-122.609078, 45.54049], "type": "Point"}, "properties": {"speed": 5}, "type": "Feature"}, {"geometry": {"coordinates": [-122.612008, 45.539508], "type": "Point"}, "properties": {"speed": 13}, "type": "Feature"}, {"geometry": {"coordinates": [-122.624053, 45.534467], "type": "Point"}, "properties": {"speed": 11}, "type": "Feature"}, {"geometry": {"coordinates": [-122.624725, 45.53418], "type": "Point"}, "properties": {"speed": 0}, "type": "Feature"}, {"geometry": {"coordinates": [-122.624725, 45.53418], "type": "Point"}, "properties": {"speed": 0}, "type": "Feature"}, {"geometry": {"coordinates": [-122.625575, 45.533838], "type": "Point"}, "properties": {"speed": 10}, "type": "Feature"}, {"geometry": {"coordinates": [-122.629183, 45.53237], "type": "Point"}, "properties": {"speed": 13}, "type": "Feature"}, {"geometry": {"coordinates": [-122.629873, 45.532092], "type": "Point"}, "properties": {"speed": 12}, "type": "Feature"}, {"geometry": {"coordinates": [-122.634673, 45.530192], "type": "Point"}, "properties": {"speed": 11}, "type": "Feature"}, {"geometry": {"coordinates": [-122.638163, 45.528852], "type": "Point"}, "properties": {"speed": 11}, "type": "Feature"}, {"geometry": {"coordinates": [-122.638783, 45.528607], "type": "Point"}, "properties": {"speed": 11}, "type": "Feature"}, {"geometry": {"coordinates": [-122.643597, 45.526722], "type": "Point"}, "properties": {"speed": 10}, "type": "Feature"}, {"geometry": {"coordinates": [-122.644703, 45.52627], "type": "Point"}, "properties": {"speed": 10}, "type": "Feature"}, {"geometry": {"coordinates": [-122.649375, 45.524558], "type": "Point"}, "properties": {"speed": 1}, "type": "Feature"}, {"geometry": {"coordinates": [-122.649375, 45.524558], "type": "Point"}, "properties": {"speed": 0}, "type": "Feature"}, {"geometry": {"coordinates": [-122.649375, 45.524558], "type": "Point"}, "properties": {"speed": 0}, "type": "Feature"}, {"geometry": {"coordinates": [-122.649398, 45.524548], "type": "Point"}, "properties": {"speed": 1}, "type": "Feature"}, {"geometry": {"coordinates": [-122.653377, 45.52364], "type": "Point"}, "properties": {"speed": 3}, "type": "Feature"}, {"geometry": {"coordinates": [-122.655795, 45.523647], "type": "Point"}, "properties": {"speed": 8}, "type": "Feature"}, {"geometry": {"coordinates": [-122.660715, 45.523667], "type": "Point"}, "properties": {"speed": 9}, "type": "Feature"}, {"geometry": {"coordinates": [-122.663367, 45.523022], "type": "Point"}, "properties": {"speed": 9}, "type": "Feature"}, {"geometry": {"coordinates": [-122.665842, 45.523065], "type": "Point"}, "properties": {"speed": 14}, "type": "Feature"}, {"geometry": {"coordinates": [-122.666745, 45.523088], "type": "Point"}, "properties": {"speed": 14}, "type": "Feature"}, {"geometry": {"coordinates": [-122.674167, 45.52315], "type": "Point"}, "properties": {"speed": 6}, "type": "Feature"}, {"geometry": {"coordinates": [-122.677153, 45.519552], "type": "Point"}, "properties": {"speed": 2}, "type": "Feature"}, {"geometry": {"coordinates": [-122.678572, 45.51686], "type": "Point"}, "properties": {"speed": 9}, "type": "Feature"}, {"geometry": {"coordinates": [-122.679478, 45.514973], "type": "Point"}, "properties": {"speed": 5}, "type": "Feature"}, {"geometry": {"coordinates": [-122.680785, 45.512742], "type": "Point"}, "properties": {"speed": 5}, "type": "Feature"}, {"geometry": {"coordinates": [-122.681458, 45.511478], "type": "Point"}, "properties": {"speed": 7}, "type": "Feature"}, {"geometry": {"coordinates": [-122.683125, 45.508478], "type": "Point"}, "properties": {"speed": 10}, "type": "Feature"}, {"geometry": {"coordinates": [-122.683195, 45.506027], "type": "Point"}, "properties": {"speed": 0}, "type": "Feature"}, {"geometry": {"coordinates": [-122.683195, 45.506027], "type": "Point"}, "properties": {"speed": 0}, "type": "Feature"}, {"geometry": {"coordinates": [-122.683195, 45.506027], "type": "Point"}, "properties": {"speed": 0}, "type": "Feature"}, {"geometry": {"coordinates": [-122.683208, 45.505308], "type": "Point"}, "properties": {"speed": 0}, "type": "Feature"}, {"geometry": {"coordinates": [-122.683208, 45.50524], "type": "Point"}, "properties": {"speed": 2}, "type": "Feature"}, {"geometry": {"coordinates": [-122.682078, 45.504688], "type": "Point"}, "properties": {"speed": 7}, "type": "Feature"}, {"geometry": {"coordinates": [-122.682103, 45.503745], "type": "Point"}, "properties": {"speed": 12}, "type": "Feature"}, {"geometry": {"coordinates": [-122.680045, 45.499087], "type": "Point"}, "properties": {"speed": 14}, "type": "Feature"}, {"geometry": {"coordinates": [-122.678338, 45.491093], "type": "Point"}, "properties": {"speed": 9}, "type": "Feature"}, {"geometry": {"coordinates": [-122.680627, 45.490393], "type": "Point"}, "properties": {"speed": 14}, "type": "Feature"}, {"geometry": {"coordinates": [-122.679787, 45.477328], "type": "Point"}, "properties": {"speed": 17}, "type": "Feature"}, {"geometry": {"coordinates": [-122.679268, 45.47375], "type": "Point"}, "properties": {"speed": 15}, "type": "Feature"}, {"geometry": {"coordinates": [-122.681087, 45.471432], "type": "Point"}, "properties": {"speed": 0}, "type": "Feature"}, {"geometry": {"coordinates": [-122.681087, 45.471432], "type": "Point"}, "properties": {"speed": 0}, "type": "Feature"}, {"geometry": {"coordinates": [-122.68524, 45.471145], "type": "Point"}, "properties": {"speed": 0}, "type": "Feature"}, {"geometry": {"coordinates": [-122.68524, 45.471145], "type": "Point"}, "properties": {"speed": 0}, "type": "Feature"}, {"geometry": {"coordinates": [-122.68524, 45.471145], "type": "Point"}, "properties": {"speed": 0}, "type": "Feature"}, {"geometry": {"coordinates": [-122.686378, 45.471153], "type": "Point"}, "properties": {"speed": 10}, "type": "Feature"}, {"geometry": {"coordinates": [-122.687855, 45.471085], "type": "Point"}, "properties": {"speed": 3}, "type": "Feature"}, {"geometry": {"coordinates": [-122.693812, 45.468005], "type": "Point"}, "properties": {"speed": 12}, "type": "Feature"}, {"geometry": {"coordinates": [-122.695952, 45.466765], "type": "Point"}, "properties": {"speed": 14}, "type": "Feature"}, {"geometry": {"coordinates": [-122.69851, 45.465282], "type": "Point"}, "properties": {"speed": 9}, "type": "Feature"}, {"geometry": {"coordinates": [-122.69982, 45.464537], "type": "Point"}, "properties": {"speed": 14}, "type": "Feature"}, {"geometry": {"coordinates": [-122.70725, 45.460262], "type": "Point"}, "properties": {"speed": 13}, "type": "Feature"}, {"geometry": {"coordinates": [-122.709605, 45.458903], "type": "Point"}, "properties": {"speed": 9}, "type": "Feature"}, {"geometry": {"coordinates": [-122.712752, 45.457102], "type": "Point"}, "properties": {"speed": 15}, "type": "Feature"}, {"geometry": {"coordinates": [-122.71359, 45.456683], "type": "Point"}, "properties": {"speed": 16}, "type": "Feature"}, {"geometry": {"coordinates": [-122.717153, 45.455147], "type": "Point"}, "properties": {"speed": 14}, "type": "Feature"}, {"geometry": {"coordinates": [-122.718597, 45.454543], "type": "Point"}, "properties": {"speed": 4}, "type": "Feature"}, {"geometry": {"coordinates": [-122.718435, 45.454322], "type": "Point"}, "properties": {"speed": 5}, "type": "Feature"}, {"geometry": {"coordinates": [-122.722048, 45.45328], "type": "Point"}, "properties": {"speed": 13}, "type": "Feature"}, {"geometry": {"coordinates": [-122.725713, 45.45185], "type": "Point"}, "properties": {"speed": 17}, "type": "Feature"}, {"geometry": {"coordinates": [-122.727992, 45.45032], "type": "Point"}, "properties": {"speed": 17}, "type": "Feature"}, {"geometry": {"coordinates": [-122.741742, 45.443273], "type": "Point"}, "properties": {"speed": 11}, "type": "Feature"}, {"geometry": {"coordinates": [-122.744573, 45.442872], "type": "Point"}, "properties": {"speed": 9}, "type": "Feature"}, {"geometry": {"coordinates": [-122.744778, 45.442833], "type": "Point"}, "properties": {"speed": 0}, "type": "Feature"}, {"geometry": {"coordinates": [-122.746393, 45.442372], "type": "Point"}, "properties": {"speed": 9}, "type": "Feature"}, {"geometry": {"coordinates": [-122.746893, 45.442188], "type": "Point"}, "properties": {"speed": 9}, "type": "Feature"}, {"geometry": {"coordinates": [-122.748272, 45.441547], "type": "Point"}, "properties": {"speed": 13}, "type": "Feature"}, {"geometry": {"coordinates": [-122.750322, 45.440538], "type": "Point"}, "properties": {"speed": 11}, "type": "Feature"}, {"geometry": {"coordinates": [-122.755925, 45.437677], "type": "Point"}, "properties": {"speed": 14}, "type": "Feature"}, {"geometry": {"coordinates": [-122.757612, 45.436903], "type": "Point"}, "properties": {"speed": 11}, "type": "Feature"}, {"geometry": {"coordinates": [-122.758882, 45.43636], "type": "Point"}, "properties": {"speed": 10}, "type": "Feature"}, {"geometry": {"coordinates": [-122.759297, 45.436187], "type": "Point"}, "properties": {"speed": 2}, "type": "Feature"}, {"geometry": {"coordinates": [-122.764943, 45.434047], "type": "Point"}, "properties": {"speed": 13}, "type": "Feature"}, {"geometry": {"coordinates": [-122.766285, 45.433542], "type": "Point"}, "properties": {"speed": 10}, "type": "Feature"}, {"geometry": {"coordinates": [-122.766645, 45.43339], "type": "Point"}, "properties": {"speed": 5}, "type": "Feature"}, {"geometry": {"coordinates": [-122.767218, 45.432932], "type": "Point"}, "properties": {"speed": 5}, "type": "Feature"}, {"geometry": {"coordinates": [-122.76897, 45.432085], "type": "Point"}, "properties": {"speed": 6}, "type": "Feature"}, {"geometry": {"coordinates": [-122.76956, 45.430395], "type": "Point"}, "properties": {"speed": 4}, "type": "Feature"}, {"geometry": {"coordinates": [-122.769543, 45.431575], "type": "Point"}, "properties": {"speed": 7}, "type": "Feature"}, {"geometry": {"coordinates": [-122.765197, 45.4338], "type": "Point"}, "properties": {"speed": 12}, "type": "Feature"}, {"geometry": {"coordinates": [-122.764452, 45.434073], "type": "Point"}, "properties": {"speed": 13}, "type": "Feature"}, {"geometry": {"coordinates": [-122.763075, 45.434615], "type": "Point"}, "properties": {"speed": 11}, "type": "Feature"}, {"geometry": {"coordinates": [-122.761588, 45.435153], "type": "Point"}, "properties": {"speed": 9}, "type": "Feature"}, {"geometry": {"coordinates": [-122.761023, 45.435357], "type": "Point"}, "properties": {"speed": 3}, "type": "Feature"}, {"geometry": {"coordinates": [-122.760958, 45.435382], "type": "Point"}, "properties": {"speed": 1}, "type": "Feature"}, {"geometry": {"coordinates": [-122.760687, 45.43548], "type": "Point"}, "properties": {"speed": 5}, "type": "Feature"}, {"geometry": {"coordinates": [-122.759228, 45.436025], "type": "Point"}, "properties": {"speed": 9}, "type": "Feature"}, {"geometry": {"coordinates": [-122.757958, 45.436548], "type": "Point"}, "properties": {"speed": 12}, "type": "Feature"}, {"geometry": {"coordinates": [-122.752107, 45.439408], "type": "Point"}, "properties": {"speed": 14}, "type": "Feature"}, {"geometry": {"coordinates": [-122.748153, 45.441455], "type": "Point"}, "properties": {"speed": 15}, "type": "Feature"}, {"geometry": {"coordinates": [-122.74321, 45.442953], "type": "Point"}, "properties": {"speed": 11}, "type": "Feature"}, {"geometry": {"coordinates": [-122.7398, 45.443457], "type": "Point"}, "properties": {"speed": 12}, "type": "Feature"}, {"geometry": {"coordinates": [-122.735043, 45.444645], "type": "Point"}, "properties": {"speed": 15}, "type": "Feature"}, {"geometry": {"coordinates": [-122.729098, 45.447738], "type": "Point"}, "properties": {"speed": 15}, "type": "Feature"}, {"geometry": {"coordinates": [-122.727667, 45.450452], "type": "Point"}, "properties": {"speed": 15}, "type": "Feature"}, {"geometry": {"coordinates": [-122.721657, 45.45325], "type": "Point"}, "properties": {"speed": 8}, "type": "Feature"}, {"geometry": {"coordinates": [-122.719807, 45.453992], "type": "Point"}, "properties": {"speed": 17}, "type": "Feature"}, {"geometry": {"coordinates": [-122.718362, 45.454393], "type": "Point"}, "properties": {"speed": 6}, "type": "Feature"}, {"geometry": {"coordinates": [-122.715315, 45.455775], "type": "Point"}, "properties": {"speed": 13}, "type": "Feature"}, {"geometry": {"coordinates": [-122.714547, 45.456097], "type": "Point"}, "properties": {"speed": 14}, "type": "Feature"}, {"geometry": {"coordinates": [-122.707755, 45.459795], "type": "Point"}, "properties": {"speed": 5}, "type": "Feature"}, {"geometry": {"coordinates": [-122.704562, 45.461647], "type": "Point"}, "properties": {"speed": 15}, "type": "Feature"}, {"geometry": {"coordinates": [-122.703808, 45.46208], "type": "Point"}, "properties": {"speed": 15}, "type": "Feature"}, {"geometry": {"coordinates": [-122.69793, 45.465427], "type": "Point"}, "properties": {"speed": 8}, "type": "Feature"}, {"geometry": {"coordinates": [-122.69504, 45.467135], "type": "Point"}, "properties": {"speed": 15}, "type": "Feature"}, {"geometry": {"coordinates": [-122.694285, 45.467568], "type": "Point"}, "properties": {"speed": 15}, "type": "Feature"}, {"geometry": {"coordinates": [-122.693522, 45.467992], "type": "Point"}, "properties": {"speed": 15}, "type": "Feature"}, {"geometry": {"coordinates": [-122.689283, 45.470378], "type": "Point"}, "properties": {"speed": 11}, "type": "Feature"}, {"geometry": {"coordinates": [-122.679232, 45.473152], "type": "Point"}, "properties": {"speed": 15}, "type": "Feature"}, {"geometry": {"coordinates": [-122.67964, 45.476743], "type": "Point"}, "properties": {"speed": 16}, "type": "Feature"}, {"geometry": {"coordinates": [-122.68087, 45.484018], "type": "Point"}, "properties": {"speed": 17}, "type": "Feature"}, {"geometry": {"coordinates": [-122.681402, 45.484688], "type": "Point"}, "properties": {"speed": 17}, "type": "Feature"}, {"geometry": {"coordinates": [-122.682658, 45.4886], "type": "Point"}, "properties": {"speed": 14}, "type": "Feature"}, {"geometry": {"coordinates": [-122.680982, 45.490123], "type": "Point"}, "properties": {"speed": 15}, "type": "Feature"}, {"geometry": {"coordinates": [-122.67706, 45.494205], "type": "Point"}, "properties": {"speed": 14}, "type": "Feature"}, {"geometry": {"coordinates": [-122.679858, 45.498998], "type": "Point"}, "properties": {"speed": 12}, "type": "Feature"}, {"geometry": {"coordinates": [-122.680137, 45.499505], "type": "Point"}, "properties": {"speed": 12}, "type": "Feature"}, {"geometry": {"coordinates": [-122.681748, 45.508877], "type": "Point"}, "properties": {"speed": 8}, "type": "Feature"}, {"geometry": {"coordinates": [-122.68144, 45.509387], "type": "Point"}, "properties": {"speed": 5}, "type": "Feature"}, {"geometry": {"coordinates": [-122.681092, 45.510127], "type": "Point"}, "properties": {"speed": 6}, "type": "Feature"}, {"geometry": {"coordinates": [-122.680898, 45.510463], "type": "Point"}, "properties": {"speed": 8}, "type": "Feature"}, {"geometry": {"coordinates": [-122.681028, 45.512087], "type": "Point"}, "properties": {"speed": 1}, "type": "Feature"}, {"geometry": {"coordinates": [-122.681268, 45.512152], "type": "Point"}, "properties": {"speed": 4}, "type": "Feature"}, {"geometry": {"coordinates": [-122.681697, 45.51226], "type": "Point"}, "properties": {"speed": 7}, "type": "Feature"}, {"geometry": {"coordinates": [-122.681148, 45.514357], "type": "Point"}, "properties": {"speed": 5}, "type": "Feature"}, {"geometry": {"coordinates": [-122.680928, 45.514643], "type": "Point"}, "properties": {"speed": 6}, "type": "Feature"}, {"geometry": {"coordinates": [-122.67988, 45.51661], "type": "Point"}, "properties": {"speed": 6}, "type": "Feature"}, {"geometry": {"coordinates": [-122.67935, 45.51742], "type": "Point"}, "properties": {"speed": 5}, "type": "Feature"}, {"geometry": {"coordinates": [-122.677538, 45.520787], "type": "Point"}, "properties": {"speed": 5}, "type": "Feature"}, {"geometry": {"coordinates": [-122.67692, 45.522128], "type": "Point"}, "properties": {"speed": 4}, "type": "Feature"}, {"geometry": {"coordinates": [-122.677208, 45.522488], "type": "Point"}, "properties": {"speed": 1}, "type": "Feature"}, {"geometry": {"coordinates": [-122.674865, 45.522835], "type": "Point"}, "properties": {"speed": 9}, "type": "Feature"}, {"geometry": {"coordinates": [-122.674285, 45.522827], "type": "Point"}, "properties": {"speed": 9}, "type": "Feature"}, {"geometry": {"coordinates": [-122.670305, 45.522957], "type": "Point"}, "properties": {"speed": 10}, "type": "Feature"}, {"geometry": {"coordinates": [-122.663033, 45.522877], "type": "Point"}, "properties": {"speed": 10}, "type": "Feature"}, {"geometry": {"coordinates": [-122.655218, 45.522895], "type": "Point"}, "properties": {"speed": 9}, "type": "Feature"}, {"geometry": {"coordinates": [-122.654625, 45.522883], "type": "Point"}, "properties": {"speed": 9}, "type": "Feature"}, {"geometry": {"coordinates": [-122.654158, 45.522852], "type": "Point"}, "properties": {"speed": 7}, "type": "Feature"}, {"geometry": {"coordinates": [-122.653833, 45.522832], "type": "Point"}, "properties": {"speed": 1}, "type": "Feature"}, {"geometry": {"coordinates": [-122.649482, 45.522983], "type": "Point"}, "properties": {"speed": 4}, "type": "Feature"}, {"geometry": {"coordinates": [-122.64949, 45.523288], "type": "Point"}, "properties": {"speed": 7}, "type": "Feature"}, {"geometry": {"coordinates": [-122.647968, 45.524947], "type": "Point"}, "properties": {"speed": 11}, "type": "Feature"}, {"geometry": {"coordinates": [-122.647333, 45.525177], "type": "Point"}, "properties": {"speed": 11}, "type": "Feature"}, {"geometry": {"coordinates": [-122.642233, 45.527135], "type": "Point"}, "properties": {"speed": 4}, "type": "Feature"}, {"geometry": {"coordinates": [-122.63783, 45.528845], "type": "Point"}, "properties": {"speed": 11}, "type": "Feature"}, {"geometry": {"coordinates": [-122.62967, 45.532077], "type": "Point"}, "properties": {"speed": 8}, "type": "Feature"}, {"geometry": {"coordinates": [-122.625432, 45.533793], "type": "Point"}, "properties": {"speed": 11}, "type": "Feature"}, {"geometry": {"coordinates": [-122.624315, 45.53424], "type": "Point"}, "properties": {"speed": 10}, "type": "Feature"}, {"geometry": {"coordinates": [-122.619942, 45.536057], "type": "Point"}, "properties": {"speed": 5}, "type": "Feature"}, {"geometry": {"coordinates": [-122.619722, 45.536148], "type": "Point"}, "properties": {"speed": 4}, "type": "Feature"}, {"geometry": {"coordinates": [-122.619625, 45.536192], "type": "Point"}, "properties": {"speed": 2}, "type": "Feature"}, {"geometry": {"coordinates": [-122.615978, 45.537857], "type": "Point"}, "properties": {"speed": 9}, "type": "Feature"}, {"geometry": {"coordinates": [-122.61518, 45.53821], "type": "Point"}, "properties": {"speed": 4}, "type": "Feature"}, {"geometry": {"coordinates": [-122.609413, 45.540268], "type": "Point"}, "properties": {"speed": 12}, "type": "Feature"}, {"geometry": {"coordinates": [-122.607567, 45.540992], "type": "Point"}, "properties": {"speed": 4}, "type": "Feature"}, {"geometry": {"coordinates": [-122.600002, 45.543977], "type": "Point"}, "properties": {"speed": 10}, "type": "Feature"}, {"geometry": {"coordinates": [-122.59756, 45.544932], "type": "Point"}, "properties": {"speed": 11}, "type": "Feature"}, {"geometry": {"coordinates": [-122.596933, 45.545177], "type": "Point"}, "properties": {"speed": 11}, "type": "Feature"}, {"geometry": {"coordinates": [-122.595675, 45.545668], "type": "Point"}, "properties": {"speed": 11}, "type": "Feature"}, {"geometry": {"coordinates": [-122.595057, 45.54591], "type": "Point"}, "properties": {"speed": 11}, "type": "Feature"}, {"geometry": {"coordinates": [-122.588697, 45.548373], "type": "Point"}, "properties": {"speed": 10}, "type": "Feature"}, {"geometry": {"coordinates": [-122.585333, 45.549688], "type": "Point"}, "properties": {"speed": 12}, "type": "Feature"}, {"geometry": {"coordinates": [-122.579483, 45.55204], "type": "Point"}, "properties": {"speed": 8}, "type": "Feature"}, {"geometry": {"coordinates": [-122.575747, 45.553552], "type": "Point"}, "properties": {"speed": 13}, "type": "Feature"}, {"geometry": {"coordinates": [-122.57429, 45.554162], "type": "Point"}, "properties": {"speed": 13}, "type": "Feature"}, {"geometry": {"coordinates": [-122.571042, 45.555483], "type": "Point"}, "properties": {"speed": 8}, "type": "Feature"}, {"geometry": {"coordinates": [-122.57002, 45.555903], "type": "Point"}, "properties": {"speed": 10}, "type": "Feature"}, {"geometry": {"coordinates": [-122.654108, 45.50124], "type": "Point"}, "properties": {"speed": 0}, "type": "Feature"}, {"geometry": {"coordinates": [-122.654108, 45.50124], "type": "Point"}, "properties": {"speed": 0}, "type": "Feature"}, {"geometry": {"coordinates": [-122.654113, 45.501242], "type": "Point"}, "properties": {"speed": 1}, "type": "Feature"}, {"geometry": {"coordinates": [-122.65618, 45.501603], "type": "Point"}, "properties": {"speed": 9}, "type": "Feature"}, {"geometry": {"coordinates": [-122.656863, 45.501783], "type": "Point"}, "properties": {"speed": 5}, "type": "Feature"}, {"geometry": {"coordinates": [-122.657487, 45.504877], "type": "Point"}, "properties": {"speed": 9}, "type": "Feature"}, {"geometry": {"coordinates": [-122.658605, 45.50491], "type": "Point"}, "properties": {"speed": 8}, "type": "Feature"}, {"geometry": {"coordinates": [-122.66132, 45.506532], "type": "Point"}, "properties": {"speed": 10}, "type": "Feature"}, {"geometry": {"coordinates": [-122.662475, 45.506542], "type": "Point"}, "properties": {"speed": 8}, "type": "Feature"}, {"geometry": {"coordinates": [-122.667228, 45.504825], "type": "Point"}, "properties": {"speed": 9}, "type": "Feature"}, {"geometry": {"coordinates": [-122.670775, 45.502893], "type": "Point"}, "properties": {"speed": 8}, "type": "Feature"}, {"geometry": {"coordinates": [-122.674283, 45.5053], "type": "Point"}, "properties": {"speed": 10}, "type": "Feature"}, {"geometry": {"coordinates": [-122.675557, 45.507508], "type": "Point"}, "properties": {"speed": 10}, "type": "Feature"}, {"geometry": {"coordinates": [-122.675927, 45.507832], "type": "Point"}, "properties": {"speed": 9}, "type": "Feature"}, {"geometry": {"coordinates": [-122.676402, 45.50799], "type": "Point"}, "properties": {"speed": 8}, "type": "Feature"}, {"geometry": {"coordinates": [-122.679462, 45.508], "type": "Point"}, "properties": {"speed": 7}, "type": "Feature"}, {"geometry": {"coordinates": [-122.681485, 45.508017], "type": "Point"}, "properties": {"speed": 7}, "type": "Feature"}, {"geometry": {"coordinates": [-122.682577, 45.510213], "type": "Point"}, "properties": {"speed": 6}, "type": "Feature"}, {"geometry": {"coordinates": [-122.68304, 45.511072], "type": "Point"}, "properties": {"speed": 1}, "type": "Feature"}, {"geometry": {"coordinates": [-122.682882, 45.511372], "type": "Point"}, "properties": {"speed": 7}, "type": "Feature"}, {"geometry": {"coordinates": [-122.682753, 45.511595], "type": "Point"}, "properties": {"speed": 1}, "type": "Feature"}, {"geometry": {"coordinates": [-122.682753, 45.511595], "type": "Point"}, "properties": {"speed": 0}, "type": "Feature"}, {"geometry": {"coordinates": [-122.682753, 45.511595], "type": "Point"}, "properties": {"speed": 0}, "type": "Feature"}, {"geometry": {"coordinates": [-122.681085, 45.514527], "type": "Point"}, "properties": {"speed": 7}, "type": "Feature"}, {"geometry": {"coordinates": [-122.680308, 45.515962], "type": "Point"}, "properties": {"speed": 7}, "type": "Feature"}, {"geometry": {"coordinates": [-122.680207, 45.516107], "type": "Point"}, "properties": {"speed": 0}, "type": "Feature"}, {"geometry": {"coordinates": [-122.679942, 45.516835], "type": "Point"}, "properties": {"speed": 6}, "type": "Feature"}, {"geometry": {"coordinates": [-122.67935, 45.518007], "type": "Point"}, "properties": {"speed": 7}, "type": "Feature"}, {"geometry": {"coordinates": [-122.677838, 45.520557], "type": "Point"}, "properties": {"speed": 8}, "type": "Feature"}, {"geometry": {"coordinates": [-122.677122, 45.521862], "type": "Point"}, "properties": {"speed": 6}, "type": "Feature"}, {"geometry": {"coordinates": [-122.67683, 45.522377], "type": "Point"}, "properties": {"speed": 1}, "type": "Feature"}, {"geometry": {"coordinates": [-122.67648, 45.523317], "type": "Point"}, "properties": {"speed": 3}, "type": "Feature"}, {"geometry": {"coordinates": [-122.676512, 45.523677], "type": "Point"}, "properties": {"speed": 6}, "type": "Feature"}, {"geometry": {"coordinates": [-122.676497, 45.524053], "type": "Point"}, "properties": {"speed": 0}, "type": "Feature"}, {"geometry": {"coordinates": [-122.676497, 45.524053], "type": "Point"}, "properties": {"speed": 0}, "type": "Feature"}, {"geometry": {"coordinates": [-122.676538, 45.52495], "type": "Point"}, "properties": {"speed": 4}, "type": "Feature"}, {"geometry": {"coordinates": [-122.676535, 45.525193], "type": "Point"}, "properties": {"speed": 7}, "type": "Feature"}, {"geometry": {"coordinates": [-122.676518, 45.525462], "type": "Point"}, "properties": {"speed": 0}, "type": "Feature"}, {"geometry": {"coordinates": [-122.675725, 45.528055], "type": "Point"}, "properties": {"speed": 2}, "type": "Feature"}, {"geometry": {"coordinates": [-122.67542, 45.527817], "type": "Point"}, "properties": {"speed": 3}, "type": "Feature"}, {"geometry": {"coordinates": [-122.67544, 45.527727], "type": "Point"}, "properties": {"speed": 0}, "type": "Feature"}, {"geometry": {"coordinates": [-122.67544, 45.527727], "type": "Point"}, "properties": {"speed": 0}, "type": "Feature"}, {"geometry": {"coordinates": [-122.67544, 45.527727], "type": "Point"}, "properties": {"speed": 0}, "type": "Feature"}, {"geometry": {"coordinates": [-122.67544, 45.527727], "type": "Point"}, "properties": {"speed": 0}, "type": "Feature"}, {"geometry": {"coordinates": [-122.67544, 45.527727], "type": "Point"}, "properties": {"speed": 0}, "type": "Feature"}, {"geometry": {"coordinates": [-122.67544, 45.527727], "type": "Point"}, "properties": {"speed": 0}, "type": "Feature"}, {"geometry": {"coordinates": [-122.67544, 45.527727], "type": "Point"}, "properties": {"speed": 0}, "type": "Feature"}, {"geometry": {"coordinates": [-122.67544, 45.527727], "type": "Point"}, "properties": {"speed": 0}, "type": "Feature"}, {"geometry": {"coordinates": [-122.67544, 45.527727], "type": "Point"}, "properties": {"speed": 0}, "type": "Feature"}, {"geometry": {"coordinates": [-122.67544, 45.527727], "type": "Point"}, "properties": {"speed": 0}, "type": "Feature"}, {"geometry": {"coordinates": [-122.67544, 45.527727], "type": "Point"}, "properties": {"speed": 0}, "type": "Feature"}, {"geometry": {"coordinates": [-122.67544, 45.527727], "type": "Point"}, "properties": {"speed": 0}, "type": "Feature"}, {"geometry": {"coordinates": [-122.67544, 45.527727], "type": "Point"}, "properties": {"speed": 0}, "type": "Feature"}, {"geometry": {"coordinates": [-122.67544, 45.527727], "type": "Point"}, "properties": {"speed": 0}, "type": "Feature"}, {"geometry": {"coordinates": [-122.67544, 45.527727], "type": "Point"}, "properties": {"speed": 0}, "type": "Feature"}, {"geometry": {"coordinates": [-122.67544, 45.527727], "type": "Point"}, "properties": {"speed": 0}, "type": "Feature"}, {"geometry": {"coordinates": [-122.67544, 45.527727], "type": "Point"}, "properties": {"speed": 0}, "type": "Feature"}, {"geometry": {"coordinates": [-122.67544, 45.527727], "type": "Point"}, "properties": {"speed": 0}, "type": "Feature"}, {"geometry": {"coordinates": [-122.67544, 45.527727], "type": "Point"}, "properties": {"speed": 0}, "type": "Feature"}, {"geometry": {"coordinates": [-122.67544, 45.527727], "type": "Point"}, "properties": {"speed": 0}, "type": "Feature"}, {"geometry": {"coordinates": [-122.67544, 45.527727], "type": "Point"}, "properties": {"speed": 0}, "type": "Feature"}, {"geometry": {"coordinates": [-122.67544, 45.527727], "type": "Point"}, "properties": {"speed": 0}, "type": "Feature"}, {"geometry": {"coordinates": [-122.67544, 45.527727], "type": "Point"}, "properties": {"speed": 0}, "type": "Feature"}, {"geometry": {"coordinates": [-122.67544, 45.527727], "type": "Point"}, "properties": {"speed": 0}, "type": "Feature"}, {"geometry": {"coordinates": [-122.67544, 45.527727], "type": "Point"}, "properties": {"speed": 0}, "type": "Feature"}, {"geometry": {"coordinates": [-122.67544, 45.527727], "type": "Point"}, "properties": {"speed": 0}, "type": "Feature"}, {"geometry": {"coordinates": [-122.67544, 45.527727], "type": "Point"}, "properties": {"speed": 0}, "type": "Feature"}, {"geometry": {"coordinates": [-122.67544, 45.527727], "type": "Point"}, "properties": {"speed": 0}, "type": "Feature"}, {"geometry": {"coordinates": [-122.67544, 45.527727], "type": "Point"}, "properties": {"speed": 0}, "type": "Feature"}, {"geometry": {"coordinates": [-122.67544, 45.527727], "type": "Point"}, "properties": {"speed": 0}, "type": "Feature"}, {"geometry": {"coordinates": [-122.67544, 45.527727], "type": "Point"}, "properties": {"speed": 0}, "type": "Feature"}, {"geometry": {"coordinates": [-122.67544, 45.527727], "type": "Point"}, "properties": {"speed": 0}, "type": "Feature"}, {"geometry": {"coordinates": [-122.67544, 45.527727], "type": "Point"}, "properties": {"speed": 0}, "type": "Feature"}, {"geometry": {"coordinates": [-122.67544, 45.527727], "type": "Point"}, "properties": {"speed": 0}, "type": "Feature"}, {"geometry": {"coordinates": [-122.67544, 45.527727], "type": "Point"}, "properties": {"speed": 0}, "type": "Feature"}, {"geometry": {"coordinates": [-122.67544, 45.527727], "type": "Point"}, "properties": {"speed": 0}, "type": "Feature"}, {"geometry": {"coordinates": [-122.67544, 45.527727], "type": "Point"}, "properties": {"speed": 0}, "type": "Feature"}, {"geometry": {"coordinates": [-122.67544, 45.527727], "type": "Point"}, "properties": {"speed": 0}, "type": "Feature"}, {"geometry": {"coordinates": [-122.69089, 45.517068], "type": "Point"}, "properties": {"speed": 7}, "type": "Feature"}, {"geometry": {"coordinates": [-122.69006, 45.516818], "type": "Point"}, "properties": {"speed": 7}, "type": "Feature"}, {"geometry": {"coordinates": [-122.687178, 45.51601], "type": "Point"}, "properties": {"speed": 7}, "type": "Feature"}, {"geometry": {"coordinates": [-122.683833, 45.515003], "type": "Point"}, "properties": {"speed": 7}, "type": "Feature"}, {"geometry": {"coordinates": [-122.681213, 45.514367], "type": "Point"}, "properties": {"speed": 6}, "type": "Feature"}, {"geometry": {"coordinates": [-122.663533, 45.506532], "type": "Point"}, "properties": {"speed": 0}, "type": "Feature"}, {"geometry": {"coordinates": [-122.66278, 45.506515], "type": "Point"}, "properties": {"speed": 8}, "type": "Feature"}, {"geometry": {"coordinates": [-122.766527, 45.473363], "type": "Point"}, "properties": {"speed": 12}, "type": "Feature"}, {"geometry": {"coordinates": [-122.763198, 45.478957], "type": "Point"}, "properties": {"speed": 12}, "type": "Feature"}, {"geometry": {"coordinates": [-122.762138, 45.479902], "type": "Point"}, "properties": {"speed": 11}, "type": "Feature"}, {"geometry": {"coordinates": [-122.760852, 45.480545], "type": "Point"}, "properties": {"speed": 12}, "type": "Feature"}, {"geometry": {"coordinates": [-122.76017, 45.480872], "type": "Point"}, "properties": {"speed": 16}, "type": "Feature"}, {"geometry": {"coordinates": [-122.759478, 45.481208], "type": "Point"}, "properties": {"speed": 11}, "type": "Feature"}, {"geometry": {"coordinates": [-122.751998, 45.484715], "type": "Point"}, "properties": {"speed": 12}, "type": "Feature"}, {"geometry": {"coordinates": [-122.74919, 45.486045], "type": "Point"}, "properties": {"speed": 3}, "type": "Feature"}, {"geometry": {"coordinates": [-122.748527, 45.486168], "type": "Point"}, "properties": {"speed": 2}, "type": "Feature"}, {"geometry": {"coordinates": [-122.748102, 45.48627], "type": "Point"}, "properties": {"speed": 5}, "type": "Feature"}, {"geometry": {"coordinates": [-122.74531, 45.486922], "type": "Point"}, "properties": {"speed": 13}, "type": "Feature"}, {"geometry": {"coordinates": [-122.74069, 45.487022], "type": "Point"}, "properties": {"speed": 12}, "type": "Feature"}, {"geometry": {"coordinates": [-122.739917, 45.487018], "type": "Point"}, "properties": {"speed": 12}, "type": "Feature"}, {"geometry": {"coordinates": [-122.738347, 45.487012], "type": "Point"}, "properties": {"speed": 12}, "type": "Feature"}, {"geometry": {"coordinates": [-122.734288, 45.486985], "type": "Point"}, "properties": {"speed": 11}, "type": "Feature"}, {"geometry": {"coordinates": [-122.724515, 45.485867], "type": "Point"}, "properties": {"speed": 13}, "type": "Feature"}, {"geometry": {"coordinates": [-122.705225, 45.480573], "type": "Point"}, "properties": {"speed": 9}, "type": "Feature"}, {"geometry": {"coordinates": [-122.702128, 45.479905], "type": "Point"}, "properties": {"speed": 14}, "type": "Feature"}, {"geometry": {"coordinates": [-122.700733, 45.479143], "type": "Point"}, "properties": {"speed": 14}, "type": "Feature"}, {"geometry": {"coordinates": [-122.698787, 45.478248], "type": "Point"}, "properties": {"speed": 11}, "type": "Feature"}, {"geometry": {"coordinates": [-122.696803, 45.478013], "type": "Point"}, "properties": {"speed": 5}, "type": "Feature"}, {"geometry": {"coordinates": [-122.686648, 45.48025], "type": "Point"}, "properties": {"speed": 9}, "type": "Feature"}, {"geometry": {"coordinates": [-122.685015, 45.480278], "type": "Point"}, "properties": {"speed": 13}, "type": "Feature"}, {"geometry": {"coordinates": [-122.683423, 45.479967], "type": "Point"}, "properties": {"speed": 13}, "type": "Feature"}, {"geometry": {"coordinates": [-122.680785, 45.483767], "type": "Point"}, "properties": {"speed": 17}, "type": "Feature"}, {"geometry": {"coordinates": [-122.681287, 45.490032], "type": "Point"}, "properties": {"speed": 16}, "type": "Feature"}, {"geometry": {"coordinates": [-122.676947, 45.49229], "type": "Point"}, "properties": {"speed": 15}, "type": "Feature"}, {"geometry": {"coordinates": [-122.677132, 45.494458], "type": "Point"}, "properties": {"speed": 16}, "type": "Feature"}, {"geometry": {"coordinates": [-122.67741, 45.508482], "type": "Point"}, "properties": {"speed": 9}, "type": "Feature"}, {"geometry": {"coordinates": [-122.677095, 45.509237], "type": "Point"}, "properties": {"speed": 1}, "type": "Feature"}, {"geometry": {"coordinates": [-122.676987, 45.509558], "type": "Point"}, "properties": {"speed": 5}, "type": "Feature"}, {"geometry": {"coordinates": [-122.67724, 45.50968], "type": "Point"}, "properties": {"speed": 4}, "type": "Feature"}, {"geometry": {"coordinates": [-122.681958, 45.510735], "type": "Point"}, "properties": {"speed": 7}, "type": "Feature"}, {"geometry": {"coordinates": [-122.682368, 45.512172], "type": "Point"}, "properties": {"speed": 8}, "type": "Feature"}, {"geometry": {"coordinates": [-122.68149, 45.513705], "type": "Point"}, "properties": {"speed": 9}, "type": "Feature"}, {"geometry": {"coordinates": [-122.680278, 45.516072], "type": "Point"}, "properties": {"speed": 6}, "type": "Feature"}, {"geometry": {"coordinates": [-122.680188, 45.516255], "type": "Point"}, "properties": {"speed": 0}, "type": "Feature"}, {"geometry": {"coordinates": [-122.679915, 45.516702], "type": "Point"}, "properties": {"speed": 7}, "type": "Feature"}, {"geometry": {"coordinates": [-122.678153, 45.519962], "type": "Point"}, "properties": {"speed": 7}, "type": "Feature"}, {"geometry": {"coordinates": [-122.678033, 45.520177], "type": "Point"}, "properties": {"speed": 5}, "type": "Feature"}, {"geometry": {"coordinates": [-122.677268, 45.521765], "type": "Point"}, "properties": {"speed": 5}, "type": "Feature"}, {"geometry": {"coordinates": [-122.677012, 45.522258], "type": "Point"}, "properties": {"speed": 4}, "type": "Feature"}, {"geometry": {"coordinates": [-122.677378, 45.522532], "type": "Point"}, "properties": {"speed": 2}, "type": "Feature"}, {"geometry": {"coordinates": [-122.67734, 45.522745], "type": "Point"}, "properties": {"speed": 3}, "type": "Feature"}, {"geometry": {"coordinates": [-122.677318, 45.522803], "type": "Point"}, "properties": {"speed": 1}, "type": "Feature"}, {"geometry": {"coordinates": [-122.707165, 45.460297], "type": "Point"}, "properties": {"speed": 6}, "type": "Feature"}, {"geometry": {"coordinates": [-122.708485, 45.459537], "type": "Point"}, "properties": {"speed": 10}, "type": "Feature"}, {"geometry": {"coordinates": [-122.710385, 45.458432], "type": "Point"}, "properties": {"speed": 14}, "type": "Feature"}, {"geometry": {"coordinates": [-122.713608, 45.456657], "type": "Point"}, "properties": {"speed": 17}, "type": "Feature"}, {"geometry": {"coordinates": [-122.71451, 45.456227], "type": "Point"}, "properties": {"speed": 17}, "type": "Feature"}, {"geometry": {"coordinates": [-122.716258, 45.455492], "type": "Point"}, "properties": {"speed": 15}, "type": "Feature"}, {"geometry": {"coordinates": [-122.717727, 45.454903], "type": "Point"}, "properties": {"speed": 12}, "type": "Feature"}, {"geometry": {"coordinates": [-122.718577, 45.454313], "type": "Point"}, "properties": {"speed": 4}, "type": "Feature"}, {"geometry": {"coordinates": [-122.717448, 45.454843], "type": "Point"}, "properties": {"speed": 0}, "type": "Feature"}, {"geometry": {"coordinates": [-122.717463, 45.45487], "type": "Point"}, "properties": {"speed": 1}, "type": "Feature"}, {"geometry": {"coordinates": [-122.718802, 45.454487], "type": "Point"}, "properties": {"speed": 11}, "type": "Feature"}, {"geometry": {"coordinates": [-122.720765, 45.453755], "type": "Point"}, "properties": {"speed": 12}, "type": "Feature"}, {"geometry": {"coordinates": [-122.72324, 45.4528], "type": "Point"}, "properties": {"speed": 15}, "type": "Feature"}, {"geometry": {"coordinates": [-122.72415, 45.452452], "type": "Point"}, "properties": {"speed": 16}, "type": "Feature"}, {"geometry": {"coordinates": [-122.732827, 45.445205], "type": "Point"}, "properties": {"speed": 18}, "type": "Feature"}, {"geometry": {"coordinates": [-122.739037, 45.443738], "type": "Point"}, "properties": {"speed": 16}, "type": "Feature"}, {"geometry": {"coordinates": [-122.746708, 45.44223], "type": "Point"}, "properties": {"speed": 13}, "type": "Feature"}, {"geometry": {"coordinates": [-122.75053, 45.440413], "type": "Point"}, "properties": {"speed": 12}, "type": "Feature"}, {"geometry": {"coordinates": [-122.752062, 45.439623], "type": "Point"}, "properties": {"speed": 15}, "type": "Feature"}, {"geometry": {"coordinates": [-122.758782, 45.436377], "type": "Point"}, "properties": {"speed": 13}, "type": "Feature"}, {"geometry": {"coordinates": [-122.761917, 45.435143], "type": "Point"}, "properties": {"speed": 0}, "type": "Feature"}, {"geometry": {"coordinates": [-122.761917, 45.435143], "type": "Point"}, "properties": {"speed": 0}, "type": "Feature"}, {"geometry": {"coordinates": [-122.766285, 45.433538], "type": "Point"}, "properties": {"speed": 12}, "type": "Feature"}, {"geometry": {"coordinates": [-122.766998, 45.433255], "type": "Point"}, "properties": {"speed": 3}, "type": "Feature"}, {"geometry": {"coordinates": [-122.767198, 45.433122], "type": "Point"}, "properties": {"speed": 4}, "type": "Feature"}, {"geometry": {"coordinates": [-122.76828, 45.43248], "type": "Point"}, "properties": {"speed": 7}, "type": "Feature"}, {"geometry": {"coordinates": [-122.769407, 45.431733], "type": "Point"}, "properties": {"speed": 9}, "type": "Feature"}, {"geometry": {"coordinates": [-122.770028, 45.431008], "type": "Point"}, "properties": {"speed": 3}, "type": "Feature"}, {"geometry": {"coordinates": [-122.769823, 45.430883], "type": "Point"}, "properties": {"speed": 4}, "type": "Feature"}, {"geometry": {"coordinates": [-122.769953, 45.431065], "type": "Point"}, "properties": {"speed": 0}, "type": "Feature"}, {"geometry": {"coordinates": [-122.769953, 45.431065], "type": "Point"}, "properties": {"speed": 0}, "type": "Feature"}, {"geometry": {"coordinates": [-122.770007, 45.431303], "type": "Point"}, "properties": {"speed": 4}, "type": "Feature"}, {"geometry": {"coordinates": [-122.768928, 45.431923], "type": "Point"}, "properties": {"speed": 7}, "type": "Feature"}, {"geometry": {"coordinates": [-122.76862, 45.432108], "type": "Point"}, "properties": {"speed": 6}, "type": "Feature"}, {"geometry": {"coordinates": [-122.766972, 45.433033], "type": "Point"}, "properties": {"speed": 6}, "type": "Feature"}, {"geometry": {"coordinates": [-122.760325, 45.435623], "type": "Point"}, "properties": {"speed": 10}, "type": "Feature"}, {"geometry": {"coordinates": [-122.75885, 45.436183], "type": "Point"}, "properties": {"speed": 8}, "type": "Feature"}, {"geometry": {"coordinates": [-122.758127, 45.436488], "type": "Point"}, "properties": {"speed": 0}, "type": "Feature"}, {"geometry": {"coordinates": [-122.752595, 45.439173], "type": "Point"}, "properties": {"speed": 4}, "type": "Feature"}, {"geometry": {"coordinates": [-122.750985, 45.440007], "type": "Point"}, "properties": {"speed": 8}, "type": "Feature"}, {"geometry": {"coordinates": [-122.750477, 45.440267], "type": "Point"}, "properties": {"speed": 10}, "type": "Feature"}, {"geometry": {"coordinates": [-122.749955, 45.440535], "type": "Point"}, "properties": {"speed": 10}, "type": "Feature"}, {"geometry": {"coordinates": [-122.749112, 45.44097], "type": "Point"}, "properties": {"speed": 6}, "type": "Feature"}, {"geometry": {"coordinates": [-122.747407, 45.441827], "type": "Point"}, "properties": {"speed": 8}, "type": "Feature"}, {"geometry": {"coordinates": [-122.746045, 45.44235], "type": "Point"}, "properties": {"speed": 10}, "type": "Feature"}, {"geometry": {"coordinates": [-122.744287, 45.442772], "type": "Point"}, "properties": {"speed": 11}, "type": "Feature"}, {"geometry": {"coordinates": [-122.742995, 45.442972], "type": "Point"}, "properties": {"speed": 8}, "type": "Feature"}, {"geometry": {"coordinates": [-122.741128, 45.44323], "type": "Point"}, "properties": {"speed": 12}, "type": "Feature"}, {"geometry": {"coordinates": [-122.735668, 45.444507], "type": "Point"}, "properties": {"speed": 17}, "type": "Feature"}, {"geometry": {"coordinates": [-122.732613, 45.445172], "type": "Point"}, "properties": {"speed": 17}, "type": "Feature"}, {"geometry": {"coordinates": [-122.728825, 45.448425], "type": "Point"}, "properties": {"speed": 18}, "type": "Feature"}, {"geometry": {"coordinates": [-122.72167, 45.453265], "type": "Point"}, "properties": {"speed": 7}, "type": "Feature"}, {"geometry": {"coordinates": [-122.7199, 45.45397], "type": "Point"}, "properties": {"speed": 12}, "type": "Feature"}, {"geometry": {"coordinates": [-122.717785, 45.454515], "type": "Point"}, "properties": {"speed": 6}, "type": "Feature"}, {"geometry": {"coordinates": [-122.713985, 45.45634], "type": "Point"}, "properties": {"speed": 16}, "type": "Feature"}, {"geometry": {"coordinates": [-122.712483, 45.457092], "type": "Point"}, "properties": {"speed": 16}, "type": "Feature"}, {"geometry": {"coordinates": [-122.711532, 45.457648], "type": "Point"}, "properties": {"speed": 16}, "type": "Feature"}, {"geometry": {"coordinates": [-122.71073, 45.458107], "type": "Point"}, "properties": {"speed": 16}, "type": "Feature"}, {"geometry": {"coordinates": [-122.708002, 45.459672], "type": "Point"}, "properties": {"speed": 4}, "type": "Feature"}, {"geometry": {"coordinates": [-122.707622, 45.459888], "type": "Point"}, "properties": {"speed": 8}, "type": "Feature"}, {"geometry": {"coordinates": [-122.697858, 45.465495], "type": "Point"}, "properties": {"speed": 8}, "type": "Feature"}, {"geometry": {"coordinates": [-122.684758, 45.470985], "type": "Point"}, "properties": {"speed": 12}, "type": "Feature"}, {"geometry": {"coordinates": [-122.681415, 45.471177], "type": "Point"}, "properties": {"speed": 0}, "type": "Feature"}, {"geometry": {"coordinates": [-122.679418, 45.472663], "type": "Point"}, "properties": {"speed": 16}, "type": "Feature"}, {"geometry": {"coordinates": [-122.6792, 45.473373], "type": "Point"}, "properties": {"speed": 16}, "type": "Feature"}, {"geometry": {"coordinates": [-122.680197, 45.480368], "type": "Point"}, "properties": {"speed": 14}, "type": "Feature"}, {"geometry": {"coordinates": [-122.681082, 45.484327], "type": "Point"}, "properties": {"speed": 17}, "type": "Feature"}, {"geometry": {"coordinates": [-122.682582, 45.487502], "type": "Point"}, "properties": {"speed": 0}, "type": "Feature"}, {"geometry": {"coordinates": [-122.682582, 45.487502], "type": "Point"}, "properties": {"speed": 0}, "type": "Feature"}, {"geometry": {"coordinates": [-122.682582, 45.487502], "type": "Point"}, "properties": {"speed": 0}, "type": "Feature"}, {"geometry": {"coordinates": [-122.682613, 45.487638], "type": "Point"}, "properties": {"speed": 4}, "type": "Feature"}, {"geometry": {"coordinates": [-122.68266, 45.488548], "type": "Point"}, "properties": {"speed": 12}, "type": "Feature"}, {"geometry": {"coordinates": [-122.682458, 45.489118], "type": "Point"}, "properties": {"speed": 13}, "type": "Feature"}, {"geometry": {"coordinates": [-122.681225, 45.490043], "type": "Point"}, "properties": {"speed": 15}, "type": "Feature"}, {"geometry": {"coordinates": [-122.678043, 45.491045], "type": "Point"}, "properties": {"speed": 3}, "type": "Feature"}, {"geometry": {"coordinates": [-122.678042, 45.491043], "type": "Point"}, "properties": {"speed": 0}, "type": "Feature"}, {"geometry": {"coordinates": [-122.678042, 45.491043], "type": "Point"}, "properties": {"speed": 0}, "type": "Feature"}, {"geometry": {"coordinates": [-122.677457, 45.49152], "type": "Point"}, "properties": {"speed": 10}, "type": "Feature"}, {"geometry": {"coordinates": [-122.677215, 45.494678], "type": "Point"}, "properties": {"speed": 15}, "type": "Feature"}, {"geometry": {"coordinates": [-122.677958, 45.495748], "type": "Point"}, "properties": {"speed": 3}, "type": "Feature"}, {"geometry": {"coordinates": [-122.677958, 45.495748], "type": "Point"}, "properties": {"speed": 0}, "type": "Feature"}, {"geometry": {"coordinates": [-122.677957, 45.49575], "type": "Point"}, "properties": {"speed": 0}, "type": "Feature"}, {"geometry": {"coordinates": [-122.678315, 45.496183], "type": "Point"}, "properties": {"speed": 8}, "type": "Feature"}, {"geometry": {"coordinates": [-122.679127, 45.497628], "type": "Point"}, "properties": {"speed": 12}, "type": "Feature"}, {"geometry": {"coordinates": [-122.681348, 45.50166], "type": "Point"}, "properties": {"speed": 14}, "type": "Feature"}, {"geometry": {"coordinates": [-122.681943, 45.502745], "type": "Point"}, "properties": {"speed": 13}, "type": "Feature"}, {"geometry": {"coordinates": [-122.681965, 45.508192], "type": "Point"}, "properties": {"speed": 9}, "type": "Feature"}, {"geometry": {"coordinates": [-122.6806, 45.511057], "type": "Point"}, "properties": {"speed": 0}, "type": "Feature"}, {"geometry": {"coordinates": [-122.680562, 45.511143], "type": "Point"}, "properties": {"speed": 2}, "type": "Feature"}, {"geometry": {"coordinates": [-122.68042, 45.511443], "type": "Point"}, "properties": {"speed": 7}, "type": "Feature"}, {"geometry": {"coordinates": [-122.680557, 45.511993], "type": "Point"}, "properties": {"speed": 4}, "type": "Feature"}, {"geometry": {"coordinates": [-122.681418, 45.512207], "type": "Point"}, "properties": {"speed": 6}, "type": "Feature"}, {"geometry": {"coordinates": [-122.682043, 45.512357], "type": "Point"}, "properties": {"speed": 0}, "type": "Feature"}, {"geometry": {"coordinates": [-122.682053, 45.51236], "type": "Point"}, "properties": {"speed": 0}, "type": "Feature"}, {"geometry": {"coordinates": [-122.681348, 45.51408], "type": "Point"}, "properties": {"speed": 8}, "type": "Feature"}, {"geometry": {"coordinates": [-122.680202, 45.516112], "type": "Point"}, "properties": {"speed": 7}, "type": "Feature"}, {"geometry": {"coordinates": [-122.67935, 45.517487], "type": "Point"}, "properties": {"speed": 5}, "type": "Feature"}, {"geometry": {"coordinates": [-122.677713, 45.520628], "type": "Point"}, "properties": {"speed": 7}, "type": "Feature"}, {"geometry": {"coordinates": [-122.677243, 45.52167], "type": "Point"}, "properties": {"speed": 8}, "type": "Feature"}, {"geometry": {"coordinates": [-122.676983, 45.522408], "type": "Point"}, "properties": {"speed": 4}, "type": "Feature"}, {"geometry": {"coordinates": [-122.67736, 45.522665], "type": "Point"}, "properties": {"speed": 4}, "type": "Feature"}, {"geometry": {"coordinates": [-122.677155, 45.522893], "type": "Point"}, "properties": {"speed": 2}, "type": "Feature"}, {"geometry": {"coordinates": [-122.669988, 45.523023], "type": "Point"}, "properties": {"speed": 18}, "type": "Feature"}, {"geometry": {"coordinates": [-122.6631, 45.522885], "type": "Point"}, "properties": {"speed": 13}, "type": "Feature"}, {"geometry": {"coordinates": [-122.65965, 45.522898], "type": "Point"}, "properties": {"speed": 10}, "type": "Feature"}, {"geometry": {"coordinates": [-122.657918, 45.522883], "type": "Point"}, "properties": {"speed": 7}, "type": "Feature"}, {"geometry": {"coordinates": [-122.656193, 45.522888], "type": "Point"}, "properties": {"speed": 11}, "type": "Feature"}, {"geometry": {"coordinates": [-122.654162, 45.522858], "type": "Point"}, "properties": {"speed": 10}, "type": "Feature"}, {"geometry": {"coordinates": [-122.650013, 45.522873], "type": "Point"}, "properties": {"speed": 9}, "type": "Feature"}, {"geometry": {"coordinates": [-122.648692, 45.524697], "type": "Point"}, "properties": {"speed": 10}, "type": "Feature"}, {"geometry": {"coordinates": [-122.646125, 45.525638], "type": "Point"}, "properties": {"speed": 10}, "type": "Feature"}, {"geometry": {"coordinates": [-122.644325, 45.52631], "type": "Point"}, "properties": {"speed": 12}, "type": "Feature"}, {"geometry": {"coordinates": [-122.642125, 45.5272], "type": "Point"}, "properties": {"speed": 13}, "type": "Feature"}, {"geometry": {"coordinates": [-122.641292, 45.527522], "type": "Point"}, "properties": {"speed": 4}, "type": "Feature"}, {"geometry": {"coordinates": [-122.640342, 45.527902], "type": "Point"}, "properties": {"speed": 4}, "type": "Feature"}, {"geometry": {"coordinates": [-122.63739, 45.529015], "type": "Point"}, "properties": {"speed": 1}, "type": "Feature"}, {"geometry": {"coordinates": [-122.635958, 45.529583], "type": "Point"}, "properties": {"speed": 11}, "type": "Feature"}, {"geometry": {"coordinates": [-122.635312, 45.529867], "type": "Point"}, "properties": {"speed": 12}, "type": "Feature"}, {"geometry": {"coordinates": [-122.63106, 45.531512], "type": "Point"}, "properties": {"speed": 11}, "type": "Feature"}, {"geometry": {"coordinates": [-122.625443, 45.533802], "type": "Point"}, "properties": {"speed": 11}, "type": "Feature"}, {"geometry": {"coordinates": [-122.624613, 45.534137], "type": "Point"}, "properties": {"speed": 5}, "type": "Feature"}, {"geometry": {"coordinates": [-122.615397, 45.538135], "type": "Point"}, "properties": {"speed": 1}, "type": "Feature"}, {"geometry": {"coordinates": [-122.61522, 45.538215], "type": "Point"}, "properties": {"speed": 1}, "type": "Feature"}, {"geometry": {"coordinates": [-122.595872, 45.545613], "type": "Point"}, "properties": {"speed": 14}, "type": "Feature"}, {"geometry": {"coordinates": [-122.591847, 45.54719], "type": "Point"}, "properties": {"speed": 10}, "type": "Feature"}, {"geometry": {"coordinates": [-122.59127, 45.547403], "type": "Point"}, "properties": {"speed": 10}, "type": "Feature"}, {"geometry": {"coordinates": [-122.58864, 45.548422], "type": "Point"}, "properties": {"speed": 9}, "type": "Feature"}, {"geometry": {"coordinates": [-122.58636, 45.549318], "type": "Point"}, "properties": {"speed": 11}, "type": "Feature"}, {"geometry": {"coordinates": [-122.582722, 45.550773], "type": "Point"}, "properties": {"speed": 12}, "type": "Feature"}, {"geometry": {"coordinates": [-122.581463, 45.551272], "type": "Point"}, "properties": {"speed": 11}, "type": "Feature"}, {"geometry": {"coordinates": [-122.578395, 45.55251], "type": "Point"}, "properties": {"speed": 6}, "type": "Feature"}, {"geometry": {"coordinates": [-122.573137, 45.554658], "type": "Point"}, "properties": {"speed": 9}, "type": "Feature"}, {"geometry": {"coordinates": [-122.572425, 45.554945], "type": "Point"}, "properties": {"speed": 13}, "type": "Feature"}, {"geometry": {"coordinates": [-122.571675, 45.555255], "type": "Point"}, "properties": {"speed": 13}, "type": "Feature"}, {"geometry": {"coordinates": [-122.570912, 45.555568], "type": "Point"}, "properties": {"speed": 0}, "type": "Feature"}, {"geometry": {"coordinates": [-122.565333, 45.557862], "type": "Point"}, "properties": {"speed": 0}, "type": "Feature"}, {"geometry": {"coordinates": [-122.565333, 45.557862], "type": "Point"}, "properties": {"speed": 0}, "type": "Feature"}, {"geometry": {"coordinates": [-122.565322, 45.557865], "type": "Point"}, "properties": {"speed": 2}, "type": "Feature"}, {"geometry": {"coordinates": [-122.565023, 45.558362], "type": "Point"}, "properties": {"speed": 3}, "type": "Feature"}, {"geometry": {"coordinates": [-122.564187, 45.558675], "type": "Point"}, "properties": {"speed": 0}, "type": "Feature"}, {"geometry": {"coordinates": [-122.564187, 45.558675], "type": "Point"}, "properties": {"speed": 0}, "type": "Feature"}, {"geometry": {"coordinates": [-122.564187, 45.558675], "type": "Point"}, "properties": {"speed": 0}, "type": "Feature"}, {"geometry": {"coordinates": [-122.564172, 45.558638], "type": "Point"}, "properties": {"speed": 2}, "type": "Feature"}, {"geometry": {"coordinates": [-122.564167, 45.55862], "type": "Point"}, "properties": {"speed": 4}, "type": "Feature"}, {"geometry": {"coordinates": [-122.570838, 45.555672], "type": "Point"}, "properties": {"speed": 11}, "type": "Feature"}, {"geometry": {"coordinates": [-122.576632, 45.553328], "type": "Point"}, "properties": {"speed": 13}, "type": "Feature"}, {"geometry": {"coordinates": [-122.577327, 45.55305], "type": "Point"}, "properties": {"speed": 12}, "type": "Feature"}, {"geometry": {"coordinates": [-122.57838, 45.552627], "type": "Point"}, "properties": {"speed": 3}, "type": "Feature"}, {"geometry": {"coordinates": [-122.578403, 45.552618], "type": "Point"}, "properties": {"speed": 0}, "type": "Feature"}, {"geometry": {"coordinates": [-122.578403, 45.552618], "type": "Point"}, "properties": {"speed": 0}, "type": "Feature"}, {"geometry": {"coordinates": [-122.578445, 45.552602], "type": "Point"}, "properties": {"speed": 3}, "type": "Feature"}, {"geometry": {"coordinates": [-122.579892, 45.551997], "type": "Point"}, "properties": {"speed": 11}, "type": "Feature"}, {"geometry": {"coordinates": [-122.584198, 45.550235], "type": "Point"}, "properties": {"speed": 12}, "type": "Feature"}, {"geometry": {"coordinates": [-122.586853, 45.54921], "type": "Point"}, "properties": {"speed": 11}, "type": "Feature"}, {"geometry": {"coordinates": [-122.590065, 45.547973], "type": "Point"}, "properties": {"speed": 1}, "type": "Feature"}, {"geometry": {"coordinates": [-122.590918, 45.547623], "type": "Point"}, "properties": {"speed": 12}, "type": "Feature"}, {"geometry": {"coordinates": [-122.591488, 45.547403], "type": "Point"}, "properties": {"speed": 8}, "type": "Feature"}, {"geometry": {"coordinates": [-122.594043, 45.546412], "type": "Point"}, "properties": {"speed": 8}, "type": "Feature"}, {"geometry": {"coordinates": [-122.596487, 45.545457], "type": "Point"}, "properties": {"speed": 12}, "type": "Feature"}, {"geometry": {"coordinates": [-122.597753, 45.54496], "type": "Point"}, "properties": {"speed": 11}, "type": "Feature"}, {"geometry": {"coordinates": [-122.658085, 45.50481], "type": "Point"}, "properties": {"speed": 1}, "type": "Feature"}, {"geometry": {"coordinates": [-122.654955, 45.504777], "type": "Point"}, "properties": {"speed": 0}, "type": "Feature"}, {"geometry": {"coordinates": [-122.654955, 45.504777], "type": "Point"}, "properties": {"speed": 0}, "type": "Feature"}, {"geometry": {"coordinates": [-122.654787, 45.504768], "type": "Point"}, "properties": {"speed": 3}, "type": "Feature"}, {"geometry": {"coordinates": [-122.647435, 45.504788], "type": "Point"}, "properties": {"speed": 11}, "type": "Feature"}, {"geometry": {"coordinates": [-122.63946, 45.504785], "type": "Point"}, "properties": {"speed": 7}, "type": "Feature"}, {"geometry": {"coordinates": [-122.639182, 45.504783], "type": "Point"}, "properties": {"speed": 4}, "type": "Feature"}, {"geometry": {"coordinates": [-122.638698, 45.504777], "type": "Point"}, "properties": {"speed": 2}, "type": "Feature"}, {"geometry": {"coordinates": [-122.631727, 45.504773], "type": "Point"}, "properties": {"speed": 10}, "type": "Feature"}, {"geometry": {"coordinates": [-122.631135, 45.504775], "type": "Point"}, "properties": {"speed": 9}, "type": "Feature"}, {"geometry": {"coordinates": [-122.630132, 45.504765], "type": "Point"}, "properties": {"speed": 8}, "type": "Feature"}, {"geometry": {"coordinates": [-122.627543, 45.50476], "type": "Point"}, "properties": {"speed": 11}, "type": "Feature"}, {"geometry": {"coordinates": [-122.625108, 45.504763], "type": "Point"}, "properties": {"speed": 9}, "type": "Feature"}, {"geometry": {"coordinates": [-122.615162, 45.505245], "type": "Point"}, "properties": {"speed": 9}, "type": "Feature"}, {"geometry": {"coordinates": [-122.613392, 45.505263], "type": "Point"}, "properties": {"speed": 9}, "type": "Feature"}, {"geometry": {"coordinates": [-122.611128, 45.505267], "type": "Point"}, "properties": {"speed": 9}, "type": "Feature"}, {"geometry": {"coordinates": [-122.610495, 45.505283], "type": "Point"}, "properties": {"speed": 10}, "type": "Feature"}, {"geometry": {"coordinates": [-122.608335, 45.505297], "type": "Point"}, "properties": {"speed": 11}, "type": "Feature"}, {"geometry": {"coordinates": [-122.607505, 45.50531], "type": "Point"}, "properties": {"speed": 13}, "type": "Feature"}, {"geometry": {"coordinates": [-122.606658, 45.505313], "type": "Point"}, "properties": {"speed": 13}, "type": "Feature"}, {"geometry": {"coordinates": [-122.605875, 45.505315], "type": "Point"}, "properties": {"speed": 12}, "type": "Feature"}, {"geometry": {"coordinates": [-122.60239, 45.505323], "type": "Point"}, "properties": {"speed": 10}, "type": "Feature"}, {"geometry": {"coordinates": [-122.601015, 45.505332], "type": "Point"}, "properties": {"speed": 11}, "type": "Feature"}, {"geometry": {"coordinates": [-122.597922, 45.505333], "type": "Point"}, "properties": {"speed": 12}, "type": "Feature"}, {"geometry": {"coordinates": [-122.596338, 45.505337], "type": "Point"}, "properties": {"speed": 13}, "type": "Feature"}, {"geometry": {"coordinates": [-122.590067, 45.505352], "type": "Point"}, "properties": {"speed": 10}, "type": "Feature"}, {"geometry": {"coordinates": [-122.588678, 45.50535], "type": "Point"}, "properties": {"speed": 11}, "type": "Feature"}, {"geometry": {"coordinates": [-122.587962, 45.505353], "type": "Point"}, "properties": {"speed": 11}, "type": "Feature"}, {"geometry": {"coordinates": [-122.586438, 45.505353], "type": "Point"}, "properties": {"speed": 12}, "type": "Feature"}, {"geometry": {"coordinates": [-122.585657, 45.505355], "type": "Point"}, "properties": {"speed": 12}, "type": "Feature"}, {"geometry": {"coordinates": [-122.580578, 45.505087], "type": "Point"}, "properties": {"speed": 14}, "type": "Feature"}, {"geometry": {"coordinates": [-122.579843, 45.504963], "type": "Point"}, "properties": {"speed": 11}, "type": "Feature"}, {"geometry": {"coordinates": [-122.419807, 45.502998], "type": "Point"}, "properties": {"speed": 9}, "type": "Feature"}, {"geometry": {"coordinates": [-122.42606, 45.504882], "type": "Point"}, "properties": {"speed": 5}, "type": "Feature"}, {"geometry": {"coordinates": [-122.432008, 45.504508], "type": "Point"}, "properties": {"speed": 9}, "type": "Feature"}, {"geometry": {"coordinates": [-122.432648, 45.50451], "type": "Point"}, "properties": {"speed": 4}, "type": "Feature"}, {"geometry": {"coordinates": [-122.678557, 45.514485], "type": "Point"}, "properties": {"speed": 5}, "type": "Feature"}, {"geometry": {"coordinates": [-122.678312, 45.514895], "type": "Point"}, "properties": {"speed": 4}, "type": "Feature"}, {"geometry": {"coordinates": [-122.676837, 45.514615], "type": "Point"}, "properties": {"speed": 6}, "type": "Feature"}, {"geometry": {"coordinates": [-122.674977, 45.514137], "type": "Point"}, "properties": {"speed": 8}, "type": "Feature"}, {"geometry": {"coordinates": [-122.67445, 45.513977], "type": "Point"}, "properties": {"speed": 9}, "type": "Feature"}, {"geometry": {"coordinates": [-122.67055, 45.51301], "type": "Point"}, "properties": {"speed": 11}, "type": "Feature"}, {"geometry": {"coordinates": [-122.669882, 45.512852], "type": "Point"}, "properties": {"speed": 11}, "type": "Feature"}, {"geometry": {"coordinates": [-122.662297, 45.512293], "type": "Point"}, "properties": {"speed": 10}, "type": "Feature"}, {"geometry": {"coordinates": [-122.660678, 45.512373], "type": "Point"}, "properties": {"speed": 5}, "type": "Feature"}, {"geometry": {"coordinates": [-122.660627, 45.5126], "type": "Point"}, "properties": {"speed": 5}, "type": "Feature"}, {"geometry": {"coordinates": [-122.660643, 45.513185], "type": "Point"}, "properties": {"speed": 6}, "type": "Feature"}, {"geometry": {"coordinates": [-122.660652, 45.513382], "type": "Point"}, "properties": {"speed": 4}, "type": "Feature"}, {"geometry": {"coordinates": [-122.660742, 45.514105], "type": "Point"}, "properties": {"speed": 7}, "type": "Feature"}, {"geometry": {"coordinates": [-122.660725, 45.516397], "type": "Point"}, "properties": {"speed": 6}, "type": "Feature"}, {"geometry": {"coordinates": [-122.660723, 45.516927], "type": "Point"}, "properties": {"speed": 6}, "type": "Feature"}, {"geometry": {"coordinates": [-122.660742, 45.517852], "type": "Point"}, "properties": {"speed": 7}, "type": "Feature"}, {"geometry": {"coordinates": [-122.66073, 45.518493], "type": "Point"}, "properties": {"speed": 7}, "type": "Feature"}, {"geometry": {"coordinates": [-122.660718, 45.51908], "type": "Point"}, "properties": {"speed": 6}, "type": "Feature"}, {"geometry": {"coordinates": [-122.660682, 45.522088], "type": "Point"}, "properties": {"speed": 2}, "type": "Feature"}, {"geometry": {"coordinates": [-122.660677, 45.522438], "type": "Point"}, "properties": {"speed": 3}, "type": "Feature"}, {"geometry": {"coordinates": [-122.660697, 45.526288], "type": "Point"}, "properties": {"speed": 10}, "type": "Feature"}, {"geometry": {"coordinates": [-122.660653, 45.527547], "type": "Point"}, "properties": {"speed": 9}, "type": "Feature"}, {"geometry": {"coordinates": [-122.660648, 45.52837], "type": "Point"}, "properties": {"speed": 9}, "type": "Feature"}, {"geometry": {"coordinates": [-122.660647, 45.52878], "type": "Point"}, "properties": {"speed": 9}, "type": "Feature"}, {"geometry": {"coordinates": [-122.660637, 45.52956], "type": "Point"}, "properties": {"speed": 8}, "type": "Feature"}, {"geometry": {"coordinates": [-122.660625, 45.531635], "type": "Point"}, "properties": {"speed": 6}, "type": "Feature"}, {"geometry": {"coordinates": [-122.660618, 45.532817], "type": "Point"}, "properties": {"speed": 0}, "type": "Feature"}, {"geometry": {"coordinates": [-122.660618, 45.532817], "type": "Point"}, "properties": {"speed": 0}, "type": "Feature"}, {"geometry": {"coordinates": [-122.660612, 45.53355], "type": "Point"}, "properties": {"speed": 7}, "type": "Feature"}, {"geometry": {"coordinates": [-122.660608, 45.533862], "type": "Point"}, "properties": {"speed": 7}, "type": "Feature"}, {"geometry": {"coordinates": [-122.660597, 45.53459], "type": "Point"}, "properties": {"speed": 6}, "type": "Feature"}, {"geometry": {"coordinates": [-122.660595, 45.534825], "type": "Point"}, "properties": {"speed": 5}, "type": "Feature"}, {"geometry": {"coordinates": [-122.661575, 45.538128], "type": "Point"}, "properties": {"speed": 10}, "type": "Feature"}, {"geometry": {"coordinates": [-122.661527, 45.541417], "type": "Point"}, "properties": {"speed": 9}, "type": "Feature"}, {"geometry": {"coordinates": [-122.661505, 45.54341], "type": "Point"}, "properties": {"speed": 10}, "type": "Feature"}, {"geometry": {"coordinates": [-122.661525, 45.544882], "type": "Point"}, "properties": {"speed": 11}, "type": "Feature"}, {"geometry": {"coordinates": [-122.661532, 45.546458], "type": "Point"}, "properties": {"speed": 12}, "type": "Feature"}, {"geometry": {"coordinates": [-122.661517, 45.547467], "type": "Point"}, "properties": {"speed": 11}, "type": "Feature"}, {"geometry": {"coordinates": [-122.661503, 45.548105], "type": "Point"}, "properties": {"speed": 4}, "type": "Feature"}, {"geometry": {"coordinates": [-122.661482, 45.553382], "type": "Point"}, "properties": {"speed": 11}, "type": "Feature"}, {"geometry": {"coordinates": [-122.661472, 45.554442], "type": "Point"}, "properties": {"speed": 0}, "type": "Feature"}, {"geometry": {"coordinates": [-122.661472, 45.554442], "type": "Point"}, "properties": {"speed": 0}, "type": "Feature"}, {"geometry": {"coordinates": [-122.661473, 45.55447], "type": "Point"}, "properties": {"speed": 2}, "type": "Feature"}, {"geometry": {"coordinates": [-122.661468, 45.556122], "type": "Point"}, "properties": {"speed": 10}, "type": "Feature"}, {"geometry": {"coordinates": [-122.661425, 45.558802], "type": "Point"}, "properties": {"speed": 4}, "type": "Feature"}, {"geometry": {"coordinates": [-122.661412, 45.559513], "type": "Point"}, "properties": {"speed": 6}, "type": "Feature"}, {"geometry": {"coordinates": [-122.661412, 45.560618], "type": "Point"}, "properties": {"speed": 10}, "type": "Feature"}, {"geometry": {"coordinates": [-122.661332, 45.565815], "type": "Point"}, "properties": {"speed": 10}, "type": "Feature"}, {"geometry": {"coordinates": [-122.661322, 45.566757], "type": "Point"}, "properties": {"speed": 8}, "type": "Feature"}, {"geometry": {"coordinates": [-122.780373, 45.45438], "type": "Point"}, "properties": {"speed": 9}, "type": "Feature"}, {"geometry": {"coordinates": [-122.780402, 45.45506], "type": "Point"}, "properties": {"speed": 0}, "type": "Feature"}, {"geometry": {"coordinates": [-122.780402, 45.45506], "type": "Point"}, "properties": {"speed": 0}, "type": "Feature"}, {"geometry": {"coordinates": [-122.780435, 45.455307], "type": "Point"}, "properties": {"speed": 5}, "type": "Feature"}, {"geometry": {"coordinates": [-122.780932, 45.456213], "type": "Point"}, "properties": {"speed": 8}, "type": "Feature"}, {"geometry": {"coordinates": [-122.780768, 45.459828], "type": "Point"}, "properties": {"speed": 13}, "type": "Feature"}, {"geometry": {"coordinates": [-122.77962, 45.461982], "type": "Point"}, "properties": {"speed": 13}, "type": "Feature"}, {"geometry": {"coordinates": [-122.779358, 45.462543], "type": "Point"}, "properties": {"speed": 13}, "type": "Feature"}, {"geometry": {"coordinates": [-122.7755, 45.469875], "type": "Point"}, "properties": {"speed": 10}, "type": "Feature"}, {"geometry": {"coordinates": [-122.771638, 45.472515], "type": "Point"}, "properties": {"speed": 11}, "type": "Feature"}, {"geometry": {"coordinates": [-122.690673, 45.516982], "type": "Point"}, "properties": {"speed": 10}, "type": "Feature"}, {"geometry": {"coordinates": [-122.69007, 45.51681], "type": "Point"}, "properties": {"speed": 10}, "type": "Feature"}, {"geometry": {"coordinates": [-122.689573, 45.516668], "type": "Point"}, "properties": {"speed": 8}, "type": "Feature"}, {"geometry": {"coordinates": [-122.68921, 45.51656], "type": "Point"}, "properties": {"speed": 6}, "type": "Feature"}, {"geometry": {"coordinates": [-122.688965, 45.516492], "type": "Point"}, "properties": {"speed": 4}, "type": "Feature"}, {"geometry": {"coordinates": [-122.688898, 45.51648], "type": "Point"}, "properties": {"speed": 1}, "type": "Feature"}, {"geometry": {"coordinates": [-122.685558, 45.515548], "type": "Point"}, "properties": {"speed": 7}, "type": "Feature"}, {"geometry": {"coordinates": [-122.685145, 45.515428], "type": "Point"}, "properties": {"speed": 7}, "type": "Feature"}, {"geometry": {"coordinates": [-122.683983, 45.515158], "type": "Point"}, "properties": {"speed": 6}, "type": "Feature"}, {"geometry": {"coordinates": [-122.681242, 45.514417], "type": "Point"}, "properties": {"speed": 6}, "type": "Feature"}, {"geometry": {"coordinates": [-122.679232, 45.513907], "type": "Point"}, "properties": {"speed": 5}, "type": "Feature"}, {"geometry": {"coordinates": [-122.678948, 45.513947], "type": "Point"}, "properties": {"speed": 5}, "type": "Feature"}, {"geometry": {"coordinates": [-122.678372, 45.514972], "type": "Point"}, "properties": {"speed": 3}, "type": "Feature"}, {"geometry": {"coordinates": [-122.677252, 45.514867], "type": "Point"}, "properties": {"speed": 6}, "type": "Feature"}, {"geometry": {"coordinates": [-122.676873, 45.514763], "type": "Point"}, "properties": {"speed": 6}, "type": "Feature"}, {"geometry": {"coordinates": [-122.676562, 45.514682], "type": "Point"}, "properties": {"speed": 4}, "type": "Feature"}, {"geometry": {"coordinates": [-122.674692, 45.51417], "type": "Point"}, "properties": {"speed": 10}, "type": "Feature"}, {"geometry": {"coordinates": [-122.671323, 45.513255], "type": "Point"}, "properties": {"speed": 15}, "type": "Feature"}, {"geometry": {"coordinates": [-122.769457, 45.430205], "type": "Point"}, "properties": {"speed": 4}, "type": "Feature"}, {"geometry": {"coordinates": [-122.669375, 45.512755], "type": "Point"}, "properties": {"speed": 16}, "type": "Feature"}, {"geometry": {"coordinates": [-122.661012, 45.512263], "type": "Point"}, "properties": {"speed": 2}, "type": "Feature"}, {"geometry": {"coordinates": [-122.660675, 45.512762], "type": "Point"}, "properties": {"speed": 4}, "type": "Feature"}, {"geometry": {"coordinates": [-122.660733, 45.51437], "type": "Point"}, "properties": {"speed": 7}, "type": "Feature"}, {"geometry": {"coordinates": [-122.66075, 45.515023], "type": "Point"}, "properties": {"speed": 7}, "type": "Feature"}, {"geometry": {"coordinates": [-122.66073, 45.515817], "type": "Point"}, "properties": {"speed": 8}, "type": "Feature"}, {"geometry": {"coordinates": [-122.660737, 45.51773], "type": "Point"}, "properties": {"speed": 8}, "type": "Feature"}, {"geometry": {"coordinates": [-122.660708, 45.52053], "type": "Point"}, "properties": {"speed": 8}, "type": "Feature"}, {"geometry": {"coordinates": [-122.6607, 45.520937], "type": "Point"}, "properties": {"speed": 9}, "type": "Feature"}, {"geometry": {"coordinates": [-122.660673, 45.522072], "type": "Point"}, "properties": {"speed": 0}, "type": "Feature"}, {"geometry": {"coordinates": [-122.660668, 45.522445], "type": "Point"}, "properties": {"speed": 6}, "type": "Feature"}, {"geometry": {"coordinates": [-122.660665, 45.522675], "type": "Point"}, "properties": {"speed": 5}, "type": "Feature"}, {"geometry": {"coordinates": [-122.660687, 45.52479], "type": "Point"}, "properties": {"speed": 11}, "type": "Feature"}, {"geometry": {"coordinates": [-122.66063, 45.531123], "type": "Point"}, "properties": {"speed": 9}, "type": "Feature"}, {"geometry": {"coordinates": [-122.660598, 45.532025], "type": "Point"}, "properties": {"speed": 8}, "type": "Feature"}, {"geometry": {"coordinates": [-122.660577, 45.535457], "type": "Point"}, "properties": {"speed": 8}, "type": "Feature"}, {"geometry": {"coordinates": [-122.661573, 45.536838], "type": "Point"}, "properties": {"speed": 8}, "type": "Feature"}, {"geometry": {"coordinates": [-122.661513, 45.540488], "type": "Point"}, "properties": {"speed": 10}, "type": "Feature"}, {"geometry": {"coordinates": [-122.661515, 45.540893], "type": "Point"}, "properties": {"speed": 9}, "type": "Feature"}, {"geometry": {"coordinates": [-122.66153, 45.5433], "type": "Point"}, "properties": {"speed": 11}, "type": "Feature"}, {"geometry": {"coordinates": [-122.661525, 45.544028], "type": "Point"}, "properties": {"speed": 6}, "type": "Feature"}, {"geometry": {"coordinates": [-122.66152, 45.544142], "type": "Point"}, "properties": {"speed": 2}, "type": "Feature"}, {"geometry": {"coordinates": [-122.661522, 45.545063], "type": "Point"}, "properties": {"speed": 8}, "type": "Feature"}, {"geometry": {"coordinates": [-122.66149, 45.55033], "type": "Point"}, "properties": {"speed": 9}, "type": "Feature"}, {"geometry": {"coordinates": [-122.66147, 45.552338], "type": "Point"}, "properties": {"speed": 8}, "type": "Feature"}, {"geometry": {"coordinates": [-122.661482, 45.553172], "type": "Point"}, "properties": {"speed": 9}, "type": "Feature"}, {"geometry": {"coordinates": [-122.66147, 45.557133], "type": "Point"}, "properties": {"speed": 9}, "type": "Feature"}, {"geometry": {"coordinates": [-122.661335, 45.566558], "type": "Point"}, "properties": {"speed": 7}, "type": "Feature"}, {"geometry": {"coordinates": [-122.661325, 45.568043], "type": "Point"}, "properties": {"speed": 11}, "type": "Feature"}, {"geometry": {"coordinates": [-122.661322, 45.568545], "type": "Point"}, "properties": {"speed": 11}, "type": "Feature"}, {"geometry": {"coordinates": [-122.661318, 45.569008], "type": "Point"}, "properties": {"speed": 10}, "type": "Feature"}, {"geometry": {"coordinates": [-122.661295, 45.572832], "type": "Point"}, "properties": {"speed": 8}, "type": "Feature"}, {"geometry": {"coordinates": [-122.66127, 45.577055], "type": "Point"}, "properties": {"speed": 2}, "type": "Feature"}, {"geometry": {"coordinates": [-122.661283, 45.580213], "type": "Point"}, "properties": {"speed": 12}, "type": "Feature"}, {"geometry": {"coordinates": [-122.664027, 45.590495], "type": "Point"}, "properties": {"speed": 13}, "type": "Feature"}, {"geometry": {"coordinates": [-122.662715, 45.590192], "type": "Point"}, "properties": {"speed": 9}, "type": "Feature"}, {"geometry": {"coordinates": [-122.669168, 45.596357], "type": "Point"}, "properties": {"speed": 13}, "type": "Feature"}, {"geometry": {"coordinates": [-122.678157, 45.602865], "type": "Point"}, "properties": {"speed": 2}, "type": "Feature"}, {"geometry": {"coordinates": [-122.677285, 45.600212], "type": "Point"}, "properties": {"speed": 15}, "type": "Feature"}, {"geometry": {"coordinates": [-122.674723, 45.596742], "type": "Point"}, "properties": {"speed": 9}, "type": "Feature"}, {"geometry": {"coordinates": [-122.67683, 45.596613], "type": "Point"}, "properties": {"speed": 12}, "type": "Feature"}, {"geometry": {"coordinates": [-122.678665, 45.593617], "type": "Point"}, "properties": {"speed": 11}, "type": "Feature"}, {"geometry": {"coordinates": [-122.680167, 45.592928], "type": "Point"}, "properties": {"speed": 10}, "type": "Feature"}, {"geometry": {"coordinates": [-122.681147, 45.592802], "type": "Point"}, "properties": {"speed": 6}, "type": "Feature"}, {"geometry": {"coordinates": [-122.680488, 45.608747], "type": "Point"}, "properties": {"speed": 21}, "type": "Feature"}, {"geometry": {"coordinates": [-122.67998, 45.609585], "type": "Point"}, "properties": {"speed": 20}, "type": "Feature"}, {"geometry": {"coordinates": [-122.677245, 45.611612], "type": "Point"}, "properties": {"speed": 9}, "type": "Feature"}, {"geometry": {"coordinates": [-122.677303, 45.612183], "type": "Point"}, "properties": {"speed": 9}, "type": "Feature"}, {"geometry": {"coordinates": [-122.677673, 45.612695], "type": "Point"}, "properties": {"speed": 13}, "type": "Feature"}, {"geometry": {"coordinates": [-122.573907, 45.55443], "type": "Point"}, "properties": {"speed": 12}, "type": "Feature"}, {"geometry": {"coordinates": [-122.581562, 45.551318], "type": "Point"}, "properties": {"speed": 10}, "type": "Feature"}, {"geometry": {"coordinates": [-122.582115, 45.551092], "type": "Point"}, "properties": {"speed": 10}, "type": "Feature"}, {"geometry": {"coordinates": [-122.591255, 45.5475], "type": "Point"}, "properties": {"speed": 11}, "type": "Feature"}, {"geometry": {"coordinates": [-122.592118, 45.547183], "type": "Point"}, "properties": {"speed": 5}, "type": "Feature"}, {"geometry": {"coordinates": [-122.59659, 45.545418], "type": "Point"}, "properties": {"speed": 11}, "type": "Feature"}, {"geometry": {"coordinates": [-122.60169, 45.54342], "type": "Point"}, "properties": {"speed": 11}, "type": "Feature"}, {"geometry": {"coordinates": [-122.605102, 45.542102], "type": "Point"}, "properties": {"speed": 8}, "type": "Feature"}, {"geometry": {"coordinates": [-122.60861, 45.540677], "type": "Point"}, "properties": {"speed": 10}, "type": "Feature"}, {"geometry": {"coordinates": [-122.616485, 45.537738], "type": "Point"}, "properties": {"speed": 9}, "type": "Feature"}, {"geometry": {"coordinates": [-122.617825, 45.53712], "type": "Point"}, "properties": {"speed": 8}, "type": "Feature"}, {"geometry": {"coordinates": [-122.618133, 45.536993], "type": "Point"}, "properties": {"speed": 5}, "type": "Feature"}, {"geometry": {"coordinates": [-122.619832, 45.536237], "type": "Point"}, "properties": {"speed": 9}, "type": "Feature"}, {"geometry": {"coordinates": [-122.621148, 45.535663], "type": "Point"}, "properties": {"speed": 8}, "type": "Feature"}, {"geometry": {"coordinates": [-122.621408, 45.535555], "type": "Point"}, "properties": {"speed": 4}, "type": "Feature"}, {"geometry": {"coordinates": [-122.621482, 45.535525], "type": "Point"}, "properties": {"speed": 0}, "type": "Feature"}, {"geometry": {"coordinates": [-122.621482, 45.535525], "type": "Point"}, "properties": {"speed": 0}, "type": "Feature"}, {"geometry": {"coordinates": [-122.621482, 45.535525], "type": "Point"}, "properties": {"speed": 0}, "type": "Feature"}, {"geometry": {"coordinates": [-122.621482, 45.535525], "type": "Point"}, "properties": {"speed": 0}, "type": "Feature"}, {"geometry": {"coordinates": [-122.621505, 45.53552], "type": "Point"}, "properties": {"speed": 0}, "type": "Feature"}, {"geometry": {"coordinates": [-122.625503, 45.533857], "type": "Point"}, "properties": {"speed": 9}, "type": "Feature"}, {"geometry": {"coordinates": [-122.627258, 45.533137], "type": "Point"}, "properties": {"speed": 10}, "type": "Feature"}, {"geometry": {"coordinates": [-122.62777, 45.53293], "type": "Point"}, "properties": {"speed": 9}, "type": "Feature"}, {"geometry": {"coordinates": [-122.63249, 45.531035], "type": "Point"}, "properties": {"speed": 9}, "type": "Feature"}, {"geometry": {"coordinates": [-122.635792, 45.529748], "type": "Point"}, "properties": {"speed": 10}, "type": "Feature"}, {"geometry": {"coordinates": [-122.637, 45.529312], "type": "Point"}, "properties": {"speed": 1}, "type": "Feature"}, {"geometry": {"coordinates": [-122.644683, 45.526292], "type": "Point"}, "properties": {"speed": 9}, "type": "Feature"}, {"geometry": {"coordinates": [-122.648865, 45.524725], "type": "Point"}, "properties": {"speed": 9}, "type": "Feature"}, {"geometry": {"coordinates": [-122.651332, 45.523778], "type": "Point"}, "properties": {"speed": 3}, "type": "Feature"}, {"geometry": {"coordinates": [-122.65335, 45.523627], "type": "Point"}, "properties": {"speed": 3}, "type": "Feature"}, {"geometry": {"coordinates": [-122.65559, 45.523628], "type": "Point"}, "properties": {"speed": 7}, "type": "Feature"}, {"geometry": {"coordinates": [-122.657148, 45.52364], "type": "Point"}, "properties": {"speed": 8}, "type": "Feature"}, {"geometry": {"coordinates": [-122.660155, 45.523652], "type": "Point"}, "properties": {"speed": 11}, "type": "Feature"}, {"geometry": {"coordinates": [-122.660512, 45.523655], "type": "Point"}, "properties": {"speed": 0}, "type": "Feature"}, {"geometry": {"coordinates": [-122.663263, 45.523022], "type": "Point"}, "properties": {"speed": 8}, "type": "Feature"}, {"geometry": {"coordinates": [-122.665988, 45.52308], "type": "Point"}, "properties": {"speed": 15}, "type": "Feature"}, {"geometry": {"coordinates": [-122.666957, 45.5231], "type": "Point"}, "properties": {"speed": 15}, "type": "Feature"}, {"geometry": {"coordinates": [-122.670937, 45.523232], "type": "Point"}, "properties": {"speed": 5}, "type": "Feature"}, {"geometry": {"coordinates": [-122.674023, 45.523167], "type": "Point"}, "properties": {"speed": 8}, "type": "Feature"}, {"geometry": {"coordinates": [-122.675505, 45.522963], "type": "Point"}, "properties": {"speed": 5}, "type": "Feature"}, {"geometry": {"coordinates": [-122.675665, 45.522655], "type": "Point"}, "properties": {"speed": 6}, "type": "Feature"}, {"geometry": {"coordinates": [-122.676242, 45.521263], "type": "Point"}, "properties": {"speed": 6}, "type": "Feature"}, {"geometry": {"coordinates": [-122.677372, 45.51906], "type": "Point"}, "properties": {"speed": 4}, "type": "Feature"}, {"geometry": {"coordinates": [-122.677613, 45.51846], "type": "Point"}, "properties": {"speed": 1}, "type": "Feature"}, {"geometry": {"coordinates": [-122.677953, 45.517805], "type": "Point"}, "properties": {"speed": 3}, "type": "Feature"}, {"geometry": {"coordinates": [-122.677957, 45.517805], "type": "Point"}, "properties": {"speed": 0}, "type": "Feature"}, {"geometry": {"coordinates": [-122.677957, 45.517805], "type": "Point"}, "properties": {"speed": 0}, "type": "Feature"}, {"geometry": {"coordinates": [-122.678807, 45.516162], "type": "Point"}, "properties": {"speed": 8}, "type": "Feature"}, {"geometry": {"coordinates": [-122.678997, 45.515875], "type": "Point"}, "properties": {"speed": 7}, "type": "Feature"}, {"geometry": {"coordinates": [-122.679188, 45.51541], "type": "Point"}, "properties": {"speed": 6}, "type": "Feature"}, {"geometry": {"coordinates": [-122.679753, 45.514505], "type": "Point"}, "properties": {"speed": 7}, "type": "Feature"}, {"geometry": {"coordinates": [-122.67992, 45.514205], "type": "Point"}, "properties": {"speed": 7}, "type": "Feature"}, {"geometry": {"coordinates": [-122.681562, 45.511278], "type": "Point"}, "properties": {"speed": 8}, "type": "Feature"}, {"geometry": {"coordinates": [-122.682845, 45.508992], "type": "Point"}, "properties": {"speed": 9}, "type": "Feature"}, {"geometry": {"coordinates": [-122.683375, 45.508148], "type": "Point"}, "properties": {"speed": 11}, "type": "Feature"}, {"geometry": {"coordinates": [-122.683738, 45.507315], "type": "Point"}, "properties": {"speed": 8}, "type": "Feature"}, {"geometry": {"coordinates": [-122.683205, 45.506028], "type": "Point"}, "properties": {"speed": 0}, "type": "Feature"}, {"geometry": {"coordinates": [-122.683205, 45.506028], "type": "Point"}, "properties": {"speed": 1}, "type": "Feature"}, {"geometry": {"coordinates": [-122.68323, 45.505312], "type": "Point"}, "properties": {"speed": 0}, "type": "Feature"}, {"geometry": {"coordinates": [-122.682165, 45.503195], "type": "Point"}, "properties": {"speed": 13}, "type": "Feature"}, {"geometry": {"coordinates": [-122.682082, 45.50269], "type": "Point"}, "properties": {"speed": 11}, "type": "Feature"}, {"geometry": {"coordinates": [-122.67701, 45.49266], "type": "Point"}, "properties": {"speed": 14}, "type": "Feature"}, {"geometry": {"coordinates": [-122.677993, 45.491338], "type": "Point"}, "properties": {"speed": 0}, "type": "Feature"}, {"geometry": {"coordinates": [-122.677993, 45.491338], "type": "Point"}, "properties": {"speed": 0}, "type": "Feature"}, {"geometry": {"coordinates": [-122.677997, 45.491337], "type": "Point"}, "properties": {"speed": 1}, "type": "Feature"}, {"geometry": {"coordinates": [-122.682358, 45.486082], "type": "Point"}, "properties": {"speed": 13}, "type": "Feature"}, {"geometry": {"coordinates": [-122.682107, 45.485438], "type": "Point"}, "properties": {"speed": 15}, "type": "Feature"}, {"geometry": {"coordinates": [-122.680582, 45.482563], "type": "Point"}, "properties": {"speed": 18}, "type": "Feature"}, {"geometry": {"coordinates": [-122.607708, 45.541057], "type": "Point"}, "properties": {"speed": 12}, "type": "Feature"}, {"geometry": {"coordinates": [-122.611863, 45.539553], "type": "Point"}, "properties": {"speed": 11}, "type": "Feature"}, {"geometry": {"coordinates": [-122.61467, 45.538592], "type": "Point"}, "properties": {"speed": 7}, "type": "Feature"}, {"geometry": {"coordinates": [-122.615813, 45.538053], "type": "Point"}, "properties": {"speed": 10}, "type": "Feature"}, {"geometry": {"coordinates": [-122.61637, 45.537812], "type": "Point"}, "properties": {"speed": 10}, "type": "Feature"}, {"geometry": {"coordinates": [-122.622693, 45.535065], "type": "Point"}, "properties": {"speed": 5}, "type": "Feature"}, {"geometry": {"coordinates": [-122.626412, 45.533507], "type": "Point"}, "properties": {"speed": 12}, "type": "Feature"}, {"geometry": {"coordinates": [-122.632535, 45.531028], "type": "Point"}, "properties": {"speed": 11}, "type": "Feature"}, {"geometry": {"coordinates": [-122.636078, 45.529652], "type": "Point"}, "properties": {"speed": 10}, "type": "Feature"}, {"geometry": {"coordinates": [-122.647, 45.52543], "type": "Point"}, "properties": {"speed": 13}, "type": "Feature"}, {"geometry": {"coordinates": [-122.656772, 45.52365], "type": "Point"}, "properties": {"speed": 8}, "type": "Feature"}, {"geometry": {"coordinates": [-122.657762, 45.52366], "type": "Point"}, "properties": {"speed": 4}, "type": "Feature"}, {"geometry": {"coordinates": [-122.658617, 45.52366], "type": "Point"}, "properties": {"speed": 7}, "type": "Feature"}, {"geometry": {"coordinates": [-122.659142, 45.523662], "type": "Point"}, "properties": {"speed": 8}, "type": "Feature"}, {"geometry": {"coordinates": [-122.660253, 45.52367], "type": "Point"}, "properties": {"speed": 8}, "type": "Feature"}, {"geometry": {"coordinates": [-122.661167, 45.523673], "type": "Point"}, "properties": {"speed": 7}, "type": "Feature"}, {"geometry": {"coordinates": [-122.661493, 45.523685], "type": "Point"}, "properties": {"speed": 5}, "type": "Feature"}, {"geometry": {"coordinates": [-122.662445, 45.523125], "type": "Point"}, "properties": {"speed": 7}, "type": "Feature"}, {"geometry": {"coordinates": [-122.663567, 45.523022], "type": "Point"}, "properties": {"speed": 11}, "type": "Feature"}, {"geometry": {"coordinates": [-122.664408, 45.52304], "type": "Point"}, "properties": {"speed": 13}, "type": "Feature"}, {"geometry": {"coordinates": [-122.667962, 45.523118], "type": "Point"}, "properties": {"speed": 14}, "type": "Feature"}, {"geometry": {"coordinates": [-122.674477, 45.523145], "type": "Point"}, "properties": {"speed": 8}, "type": "Feature"}, {"geometry": {"coordinates": [-122.678418, 45.517032], "type": "Point"}, "properties": {"speed": 7}, "type": "Feature"}, {"geometry": {"coordinates": [-122.681383, 45.511592], "type": "Point"}, "properties": {"speed": 7}, "type": "Feature"}, {"geometry": {"coordinates": [-122.68156, 45.511253], "type": "Point"}, "properties": {"speed": 8}, "type": "Feature"}, {"geometry": {"coordinates": [-122.683177, 45.505655], "type": "Point"}, "properties": {"speed": 7}, "type": "Feature"}, {"geometry": {"coordinates": [-122.683188, 45.505303], "type": "Point"}, "properties": {"speed": 1}, "type": "Feature"}, {"geometry": {"coordinates": [-122.68319, 45.505217], "type": "Point"}, "properties": {"speed": 2}, "type": "Feature"}, {"geometry": {"coordinates": [-122.683012, 45.505088], "type": "Point"}, "properties": {"speed": 4}, "type": "Feature"}, {"geometry": {"coordinates": [-122.682073, 45.504038], "type": "Point"}, "properties": {"speed": 12}, "type": "Feature"}, {"geometry": {"coordinates": [-122.68143, 45.501615], "type": "Point"}, "properties": {"speed": 15}, "type": "Feature"}, {"geometry": {"coordinates": [-122.680732, 45.500328], "type": "Point"}, "properties": {"speed": 15}, "type": "Feature"}, {"geometry": {"coordinates": [-122.679032, 45.497275], "type": "Point"}, "properties": {"speed": 14}, "type": "Feature"}, {"geometry": {"coordinates": [-122.677102, 45.492227], "type": "Point"}, "properties": {"speed": 15}, "type": "Feature"}, {"geometry": {"coordinates": [-122.677542, 45.491668], "type": "Point"}, "properties": {"speed": 14}, "type": "Feature"}, {"geometry": {"coordinates": [-122.678093, 45.491232], "type": "Point"}, "properties": {"speed": 13}, "type": "Feature"}, {"geometry": {"coordinates": [-122.682887, 45.48789], "type": "Point"}, "properties": {"speed": 15}, "type": "Feature"}, {"geometry": {"coordinates": [-122.682835, 45.487387], "type": "Point"}, "properties": {"speed": 11}, "type": "Feature"}, {"geometry": {"coordinates": [-122.682057, 45.485387], "type": "Point"}, "properties": {"speed": 14}, "type": "Feature"}, {"geometry": {"coordinates": [-122.681098, 45.484187], "type": "Point"}, "properties": {"speed": 16}, "type": "Feature"}, {"geometry": {"coordinates": [-122.680098, 45.479153], "type": "Point"}, "properties": {"speed": 15}, "type": "Feature"}, {"geometry": {"coordinates": [-122.679777, 45.476993], "type": "Point"}, "properties": {"speed": 16}, "type": "Feature"}, {"geometry": {"coordinates": [-122.679555, 45.475545], "type": "Point"}, "properties": {"speed": 16}, "type": "Feature"}, {"geometry": {"coordinates": [-122.67935, 45.474107], "type": "Point"}, "properties": {"speed": 16}, "type": "Feature"}, {"geometry": {"coordinates": [-122.679515, 45.47275], "type": "Point"}, "properties": {"speed": 15}, "type": "Feature"}, {"geometry": {"coordinates": [-122.681873, 45.4712], "type": "Point"}, "properties": {"speed": 12}, "type": "Feature"}, {"geometry": {"coordinates": [-122.683517, 45.471107], "type": "Point"}, "properties": {"speed": 13}, "type": "Feature"}, {"geometry": {"coordinates": [-122.687242, 45.4711], "type": "Point"}, "properties": {"speed": 12}, "type": "Feature"}, {"geometry": {"coordinates": [-122.688, 45.47098], "type": "Point"}, "properties": {"speed": 12}, "type": "Feature"}, {"geometry": {"coordinates": [-122.696608, 45.466372], "type": "Point"}, "properties": {"speed": 14}, "type": "Feature"}, {"geometry": {"coordinates": [-122.697195, 45.466042], "type": "Point"}, "properties": {"speed": 0}, "type": "Feature"}, {"geometry": {"coordinates": [-122.697195, 45.466042], "type": "Point"}, "properties": {"speed": 0}, "type": "Feature"}, {"geometry": {"coordinates": [-122.701468, 45.463568], "type": "Point"}, "properties": {"speed": 14}, "type": "Feature"}, {"geometry": {"coordinates": [-122.775247, 45.47033], "type": "Point"}, "properties": {"speed": 12}, "type": "Feature"}, {"geometry": {"coordinates": [-122.774255, 45.471675], "type": "Point"}, "properties": {"speed": 10}, "type": "Feature"}, {"geometry": {"coordinates": [-122.771347, 45.472505], "type": "Point"}, "properties": {"speed": 12}, "type": "Feature"}, {"geometry": {"coordinates": [-122.768763, 45.472748], "type": "Point"}, "properties": {"speed": 14}, "type": "Feature"}, {"geometry": {"coordinates": [-122.76787, 45.472868], "type": "Point"}, "properties": {"speed": 14}, "type": "Feature"}, {"geometry": {"coordinates": [-122.766338, 45.473427], "type": "Point"}, "properties": {"speed": 13}, "type": "Feature"}, {"geometry": {"coordinates": [-122.763573, 45.476708], "type": "Point"}, "properties": {"speed": 14}, "type": "Feature"}, {"geometry": {"coordinates": [-122.762057, 45.47993], "type": "Point"}, "properties": {"speed": 13}, "type": "Feature"}, {"geometry": {"coordinates": [-122.757223, 45.482303], "type": "Point"}, "properties": {"speed": 13}, "type": "Feature"}, {"geometry": {"coordinates": [-122.7414, 45.487018], "type": "Point"}, "properties": {"speed": 13}, "type": "Feature"}, {"geometry": {"coordinates": [-122.74074, 45.487005], "type": "Point"}, "properties": {"speed": 10}, "type": "Feature"}, {"geometry": {"coordinates": [-122.736888, 45.48699], "type": "Point"}, "properties": {"speed": 11}, "type": "Feature"}, {"geometry": {"coordinates": [-122.735373, 45.486988], "type": "Point"}, "properties": {"speed": 12}, "type": "Feature"}, {"geometry": {"coordinates": [-122.733835, 45.486985], "type": "Point"}, "properties": {"speed": 12}, "type": "Feature"}, {"geometry": {"coordinates": [-122.730462, 45.486977], "type": "Point"}, "properties": {"speed": 11}, "type": "Feature"}, {"geometry": {"coordinates": [-122.72185, 45.485623], "type": "Point"}, "properties": {"speed": 12}, "type": "Feature"}, {"geometry": {"coordinates": [-122.677085, 45.522465], "type": "Point"}, "properties": {"speed": 3}, "type": "Feature"}, {"geometry": {"coordinates": [-122.675398, 45.522675], "type": "Point"}, "properties": {"speed": 4}, "type": "Feature"}, {"geometry": {"coordinates": [-122.675452, 45.522603], "type": "Point"}, "properties": {"speed": 2}, "type": "Feature"}, {"geometry": {"coordinates": [-122.675823, 45.522172], "type": "Point"}, "properties": {"speed": 7}, "type": "Feature"}, {"geometry": {"coordinates": [-122.676805, 45.52067], "type": "Point"}, "properties": {"speed": 8}, "type": "Feature"}, {"geometry": {"coordinates": [-122.677487, 45.519785], "type": "Point"}, "properties": {"speed": 6}, "type": "Feature"}, {"geometry": {"coordinates": [-122.67872, 45.517758], "type": "Point"}, "properties": {"speed": 9}, "type": "Feature"}, {"geometry": {"coordinates": [-122.678972, 45.517392], "type": "Point"}, "properties": {"speed": 9}, "type": "Feature"}, {"geometry": {"coordinates": [-122.67943, 45.516613], "type": "Point"}, "properties": {"speed": 9}, "type": "Feature"}, {"geometry": {"coordinates": [-122.679647, 45.515857], "type": "Point"}, "properties": {"speed": 3}, "type": "Feature"}, {"geometry": {"coordinates": [-122.680293, 45.514662], "type": "Point"}, "properties": {"speed": 9}, "type": "Feature"}, {"geometry": {"coordinates": [-122.680757, 45.513703], "type": "Point"}, "properties": {"speed": 7}, "type": "Feature"}, {"geometry": {"coordinates": [-122.681568, 45.511613], "type": "Point"}, "properties": {"speed": 0}, "type": "Feature"}, {"geometry": {"coordinates": [-122.681567, 45.511598], "type": "Point"}, "properties": {"speed": 2}, "type": "Feature"}, {"geometry": {"coordinates": [-122.681685, 45.511358], "type": "Point"}, "properties": {"speed": 6}, "type": "Feature"}, {"geometry": {"coordinates": [-122.681965, 45.510797], "type": "Point"}, "properties": {"speed": 5}, "type": "Feature"}, {"geometry": {"coordinates": [-122.677285, 45.509468], "type": "Point"}, "properties": {"speed": 0}, "type": "Feature"}, {"geometry": {"coordinates": [-122.677285, 45.509468], "type": "Point"}, "properties": {"speed": 0}, "type": "Feature"}, {"geometry": {"coordinates": [-122.677267, 45.509463], "type": "Point"}, "properties": {"speed": 2}, "type": "Feature"}, {"geometry": {"coordinates": [-122.677432, 45.508828], "type": "Point"}, "properties": {"speed": 8}, "type": "Feature"}, {"geometry": {"coordinates": [-122.708278, 45.4816], "type": "Point"}, "properties": {"speed": 8}, "type": "Feature"}, {"geometry": {"coordinates": [-122.70697, 45.481253], "type": "Point"}, "properties": {"speed": 9}, "type": "Feature"}, {"geometry": {"coordinates": [-122.702475, 45.479967], "type": "Point"}, "properties": {"speed": 13}, "type": "Feature"}, {"geometry": {"coordinates": [-122.696225, 45.478132], "type": "Point"}, "properties": {"speed": 9}, "type": "Feature"}, {"geometry": {"coordinates": [-122.69286, 45.478867], "type": "Point"}, "properties": {"speed": 8}, "type": "Feature"}, {"geometry": {"coordinates": [-122.689447, 45.48015], "type": "Point"}, "properties": {"speed": 13}, "type": "Feature"}, {"geometry": {"coordinates": [-122.688608, 45.480233], "type": "Point"}, "properties": {"speed": 13}, "type": "Feature"}, {"geometry": {"coordinates": [-122.688008, 45.480172], "type": "Point"}, "properties": {"speed": 9}, "type": "Feature"}, {"geometry": {"coordinates": [-122.687615, 45.480125], "type": "Point"}, "properties": {"speed": 6}, "type": "Feature"}, {"geometry": {"coordinates": [-122.68331, 45.47988], "type": "Point"}, "properties": {"speed": 13}, "type": "Feature"}, {"geometry": {"coordinates": [-122.681628, 45.48005], "type": "Point"}, "properties": {"speed": 13}, "type": "Feature"}, {"geometry": {"coordinates": [-122.680855, 45.48015], "type": "Point"}, "properties": {"speed": 12}, "type": "Feature"}, {"geometry": {"coordinates": [-122.680208, 45.480392], "type": "Point"}, "properties": {"speed": 11}, "type": "Feature"}, {"geometry": {"coordinates": [-122.680472, 45.48209], "type": "Point"}, "properties": {"speed": 15}, "type": "Feature"}, {"geometry": {"coordinates": [-122.682603, 45.488973], "type": "Point"}, "properties": {"speed": 15}, "type": "Feature"}, {"geometry": {"coordinates": [-122.677877, 45.491182], "type": "Point"}, "properties": {"speed": 14}, "type": "Feature"}, {"geometry": {"coordinates": [-122.676958, 45.493715], "type": "Point"}, "properties": {"speed": 16}, "type": "Feature"}, {"geometry": {"coordinates": [-122.677473, 45.508013], "type": "Point"}, "properties": {"speed": 13}, "type": "Feature"}, {"geometry": {"coordinates": [-122.677402, 45.508517], "type": "Point"}, "properties": {"speed": 11}, "type": "Feature"}, {"geometry": {"coordinates": [-122.680035, 45.510325], "type": "Point"}, "properties": {"speed": 8}, "type": "Feature"}, {"geometry": {"coordinates": [-122.68236, 45.51089], "type": "Point"}, "properties": {"speed": 7}, "type": "Feature"}, {"geometry": {"coordinates": [-122.682688, 45.510982], "type": "Point"}, "properties": {"speed": 5}, "type": "Feature"}, {"geometry": {"coordinates": [-122.682823, 45.5114], "type": "Point"}, "properties": {"speed": 6}, "type": "Feature"}, {"geometry": {"coordinates": [-122.682348, 45.512218], "type": "Point"}, "properties": {"speed": 4}, "type": "Feature"}, {"geometry": {"coordinates": [-122.682332, 45.512245], "type": "Point"}, "properties": {"speed": 0}, "type": "Feature"}, {"geometry": {"coordinates": [-122.682332, 45.512245], "type": "Point"}, "properties": {"speed": 0}, "type": "Feature"}, {"geometry": {"coordinates": [-122.681988, 45.512878], "type": "Point"}, "properties": {"speed": 9}, "type": "Feature"}, {"geometry": {"coordinates": [-122.681783, 45.513265], "type": "Point"}, "properties": {"speed": 9}, "type": "Feature"}, {"geometry": {"coordinates": [-122.681232, 45.514165], "type": "Point"}, "properties": {"speed": 5}, "type": "Feature"}, {"geometry": {"coordinates": [-122.680442, 45.51579], "type": "Point"}, "properties": {"speed": 7}, "type": "Feature"}, {"geometry": {"coordinates": [-122.680308, 45.516073], "type": "Point"}, "properties": {"speed": 6}, "type": "Feature"}, {"geometry": {"coordinates": [-122.680255, 45.516168], "type": "Point"}, "properties": {"speed": 2}, "type": "Feature"}, {"geometry": {"coordinates": [-122.679652, 45.51726], "type": "Point"}, "properties": {"speed": 5}, "type": "Feature"}, {"geometry": {"coordinates": [-122.679368, 45.517832], "type": "Point"}, "properties": {"speed": 7}, "type": "Feature"}, {"geometry": {"coordinates": [-122.67899, 45.518533], "type": "Point"}, "properties": {"speed": 6}, "type": "Feature"}, {"geometry": {"coordinates": [-122.67883, 45.518828], "type": "Point"}, "properties": {"speed": 7}, "type": "Feature"}, {"geometry": {"coordinates": [-122.677767, 45.520833], "type": "Point"}, "properties": {"speed": 2}, "type": "Feature"}, {"geometry": {"coordinates": [-122.677697, 45.520967], "type": "Point"}, "properties": {"speed": 3}, "type": "Feature"}, {"geometry": {"coordinates": [-122.677538, 45.521268], "type": "Point"}, "properties": {"speed": 0}, "type": "Feature"}, {"geometry": {"coordinates": [-122.677538, 45.521268], "type": "Point"}, "properties": {"speed": 0}, "type": "Feature"}, {"geometry": {"coordinates": [-122.677537, 45.521268], "type": "Point"}, "properties": {"speed": 0}, "type": "Feature"}, {"geometry": {"coordinates": [-122.6773, 45.521662], "type": "Point"}, "properties": {"speed": 6}, "type": "Feature"}, {"geometry": {"coordinates": [-122.677062, 45.522102], "type": "Point"}, "properties": {"speed": 0}, "type": "Feature"}, {"geometry": {"coordinates": [-122.801187, 45.488155], "type": "Point"}, "properties": {"speed": 0}, "type": "Feature"}, {"geometry": {"coordinates": [-122.801183, 45.488152], "type": "Point"}, "properties": {"speed": 1}, "type": "Feature"}, {"geometry": {"coordinates": [-122.799143, 45.486605], "type": "Point"}, "properties": {"speed": 10}, "type": "Feature"}, {"geometry": {"coordinates": [-122.796813, 45.486447], "type": "Point"}, "properties": {"speed": 8}, "type": "Feature"}, {"geometry": {"coordinates": [-122.79489, 45.486442], "type": "Point"}, "properties": {"speed": 8}, "type": "Feature"}, {"geometry": {"coordinates": [-122.787168, 45.48645], "type": "Point"}, "properties": {"speed": 7}, "type": "Feature"}, {"geometry": {"coordinates": [-122.787003, 45.486448], "type": "Point"}, "properties": {"speed": 0}, "type": "Feature"}, {"geometry": {"coordinates": [-122.787003, 45.486448], "type": "Point"}, "properties": {"speed": 0}, "type": "Feature"}, {"geometry": {"coordinates": [-122.787003, 45.486448], "type": "Point"}, "properties": {"speed": 1}, "type": "Feature"}, {"geometry": {"coordinates": [-122.785067, 45.486455], "type": "Point"}, "properties": {"speed": 9}, "type": "Feature"}, {"geometry": {"coordinates": [-122.781033, 45.486458], "type": "Point"}, "properties": {"speed": 9}, "type": "Feature"}, {"geometry": {"coordinates": [-122.77951, 45.48646], "type": "Point"}, "properties": {"speed": 12}, "type": "Feature"}, {"geometry": {"coordinates": [-122.777977, 45.486465], "type": "Point"}, "properties": {"speed": 12}, "type": "Feature"}, {"geometry": {"coordinates": [-122.772667, 45.486382], "type": "Point"}, "properties": {"speed": 11}, "type": "Feature"}, {"geometry": {"coordinates": [-122.771225, 45.486352], "type": "Point"}, "properties": {"speed": 11}, "type": "Feature"}, {"geometry": {"coordinates": [-122.770515, 45.48634], "type": "Point"}, "properties": {"speed": 11}, "type": "Feature"}, {"geometry": {"coordinates": [-122.76848, 45.486305], "type": "Point"}, "properties": {"speed": 10}, "type": "Feature"}, {"geometry": {"coordinates": [-122.765753, 45.486245], "type": "Point"}, "properties": {"speed": 10}, "type": "Feature"}, {"geometry": {"coordinates": [-122.76518, 45.486212], "type": "Point"}, "properties": {"speed": 9}, "type": "Feature"}, {"geometry": {"coordinates": [-122.764725, 45.48618], "type": "Point"}, "properties": {"speed": 7}, "type": "Feature"}, {"geometry": {"coordinates": [-122.75711, 45.486078], "type": "Point"}, "properties": {"speed": 12}, "type": "Feature"}, {"geometry": {"coordinates": [-122.751285, 45.486008], "type": "Point"}, "properties": {"speed": 10}, "type": "Feature"}, {"geometry": {"coordinates": [-122.750832, 45.486005], "type": "Point"}, "properties": {"speed": 7}, "type": "Feature"}, {"geometry": {"coordinates": [-122.750053, 45.485992], "type": "Point"}, "properties": {"speed": 5}, "type": "Feature"}, {"geometry": {"coordinates": [-122.749547, 45.48599], "type": "Point"}, "properties": {"speed": 8}, "type": "Feature"}, {"geometry": {"coordinates": [-122.74903, 45.486027], "type": "Point"}, "properties": {"speed": 8}, "type": "Feature"}, {"geometry": {"coordinates": [-122.738307, 45.48698], "type": "Point"}, "properties": {"speed": 11}, "type": "Feature"}, {"geometry": {"coordinates": [-122.736208, 45.486973], "type": "Point"}, "properties": {"speed": 11}, "type": "Feature"}, {"geometry": {"coordinates": [-122.732962, 45.486965], "type": "Point"}, "properties": {"speed": 9}, "type": "Feature"}, {"geometry": {"coordinates": [-122.729867, 45.486955], "type": "Point"}, "properties": {"speed": 11}, "type": "Feature"}, {"geometry": {"coordinates": [-122.726088, 45.486202], "type": "Point"}, "properties": {"speed": 14}, "type": "Feature"}, {"geometry": {"coordinates": [-122.723627, 45.485765], "type": "Point"}, "properties": {"speed": 13}, "type": "Feature"}, {"geometry": {"coordinates": [-122.716928, 45.4846], "type": "Point"}, "properties": {"speed": 12}, "type": "Feature"}, {"geometry": {"coordinates": [-122.716278, 45.48431], "type": "Point"}, "properties": {"speed": 12}, "type": "Feature"}, {"geometry": {"coordinates": [-122.715625, 45.484015], "type": "Point"}, "properties": {"speed": 12}, "type": "Feature"}, {"geometry": {"coordinates": [-122.713185, 45.482927], "type": "Point"}, "properties": {"speed": 11}, "type": "Feature"}, {"geometry": {"coordinates": [-122.712587, 45.482655], "type": "Point"}, "properties": {"speed": 11}, "type": "Feature"}, {"geometry": {"coordinates": [-122.705333, 45.480605], "type": "Point"}, "properties": {"speed": 12}, "type": "Feature"}, {"geometry": {"coordinates": [-122.682662, 45.510993], "type": "Point"}, "properties": {"speed": 0}, "type": "Feature"}, {"geometry": {"coordinates": [-122.682662, 45.510993], "type": "Point"}, "properties": {"speed": 0}, "type": "Feature"}, {"geometry": {"coordinates": [-122.68282, 45.511395], "type": "Point"}, "properties": {"speed": 6}, "type": "Feature"}, {"geometry": {"coordinates": [-122.682715, 45.511572], "type": "Point"}, "properties": {"speed": 0}, "type": "Feature"}, {"geometry": {"coordinates": [-122.682712, 45.511577], "type": "Point"}, "properties": {"speed": 2}, "type": "Feature"}, {"geometry": {"coordinates": [-122.682202, 45.512455], "type": "Point"}, "properties": {"speed": 6}, "type": "Feature"}, {"geometry": {"coordinates": [-122.681952, 45.512917], "type": "Point"}, "properties": {"speed": 0}, "type": "Feature"}, {"geometry": {"coordinates": [-122.681675, 45.513422], "type": "Point"}, "properties": {"speed": 7}, "type": "Feature"}, {"geometry": {"coordinates": [-122.681192, 45.514167], "type": "Point"}, "properties": {"speed": 6}, "type": "Feature"}, {"geometry": {"coordinates": [-122.680363, 45.51586], "type": "Point"}, "properties": {"speed": 7}, "type": "Feature"}, {"geometry": {"coordinates": [-122.680102, 45.516347], "type": "Point"}, "properties": {"speed": 6}, "type": "Feature"}, {"geometry": {"coordinates": [-122.67921, 45.518002], "type": "Point"}, "properties": {"speed": 6}, "type": "Feature"}, {"geometry": {"coordinates": [-122.679137, 45.51813], "type": "Point"}, "properties": {"speed": 3}, "type": "Feature"}, {"geometry": {"coordinates": [-122.679137, 45.51813], "type": "Point"}, "properties": {"speed": 0}, "type": "Feature"}, {"geometry": {"coordinates": [-122.679137, 45.51813], "type": "Point"}, "properties": {"speed": 0}, "type": "Feature"}, {"geometry": {"coordinates": [-122.679137, 45.51813], "type": "Point"}, "properties": {"speed": 1}, "type": "Feature"}, {"geometry": {"coordinates": [-122.677672, 45.52088], "type": "Point"}, "properties": {"speed": 0}, "type": "Feature"}, {"geometry": {"coordinates": [-122.67693, 45.522193], "type": "Point"}, "properties": {"speed": 0}, "type": "Feature"}, {"geometry": {"coordinates": [-122.675343, 45.522558], "type": "Point"}, "properties": {"speed": 4}, "type": "Feature"}, {"geometry": {"coordinates": [-122.67536, 45.52254], "type": "Point"}, "properties": {"speed": 0}, "type": "Feature"}, {"geometry": {"coordinates": [-122.69716, 45.478013], "type": "Point"}, "properties": {"speed": 10}, "type": "Feature"}, {"geometry": {"coordinates": [-122.683147, 45.479872], "type": "Point"}, "properties": {"speed": 19}, "type": "Feature"}, {"geometry": {"coordinates": [-122.68003, 45.490353], "type": "Point"}, "properties": {"speed": 14}, "type": "Feature"}, {"geometry": {"coordinates": [-122.677863, 45.496673], "type": "Point"}, "properties": {"speed": 14}, "type": "Feature"}, {"geometry": {"coordinates": [-122.67782, 45.49735], "type": "Point"}, "properties": {"speed": 15}, "type": "Feature"}, {"geometry": {"coordinates": [-122.677685, 45.503845], "type": "Point"}, "properties": {"speed": 14}, "type": "Feature"}, {"geometry": {"coordinates": [-122.677558, 45.505733], "type": "Point"}, "properties": {"speed": 14}, "type": "Feature"}, {"geometry": {"coordinates": [-122.677528, 45.506373], "type": "Point"}, "properties": {"speed": 14}, "type": "Feature"}, {"geometry": {"coordinates": [-122.677518, 45.506973], "type": "Point"}, "properties": {"speed": 13}, "type": "Feature"}, {"geometry": {"coordinates": [-122.677043, 45.50931], "type": "Point"}, "properties": {"speed": 0}, "type": "Feature"}, {"geometry": {"coordinates": [-122.677043, 45.509312], "type": "Point"}, "properties": {"speed": 1}, "type": "Feature"}, {"geometry": {"coordinates": [-122.67651, 45.52133], "type": "Point"}, "properties": {"speed": 7}, "type": "Feature"}, {"geometry": {"coordinates": [-122.677343, 45.520437], "type": "Point"}, "properties": {"speed": 6}, "type": "Feature"}, {"geometry": {"coordinates": [-122.67758, 45.520183], "type": "Point"}, "properties": {"speed": 7}, "type": "Feature"}, {"geometry": {"coordinates": [-122.682173, 45.514277], "type": "Point"}, "properties": {"speed": 8}, "type": "Feature"}, {"geometry": {"coordinates": [-122.683035, 45.512107], "type": "Point"}, "properties": {"speed": 9}, "type": "Feature"}, {"geometry": {"coordinates": [-122.6832, 45.510933], "type": "Point"}, "properties": {"speed": 4}, "type": "Feature"}, {"geometry": {"coordinates": [-122.68253, 45.510722], "type": "Point"}, "properties": {"speed": 3}, "type": "Feature"}, {"geometry": {"coordinates": [-122.680027, 45.510113], "type": "Point"}, "properties": {"speed": 6}, "type": "Feature"}, {"geometry": {"coordinates": [-122.679498, 45.510005], "type": "Point"}, "properties": {"speed": 0}, "type": "Feature"}, {"geometry": {"coordinates": [-122.679198, 45.509902], "type": "Point"}, "properties": {"speed": 6}, "type": "Feature"}, {"geometry": {"coordinates": [-122.678355, 45.509697], "type": "Point"}, "properties": {"speed": 0}, "type": "Feature"}, {"geometry": {"coordinates": [-122.67833, 45.50969], "type": "Point"}, "properties": {"speed": 1}, "type": "Feature"}, {"geometry": {"coordinates": [-122.678665, 45.503347], "type": "Point"}, "properties": {"speed": 17}, "type": "Feature"}, {"geometry": {"coordinates": [-122.678622, 45.50099], "type": "Point"}, "properties": {"speed": 17}, "type": "Feature"}, {"geometry": {"coordinates": [-122.678563, 45.495573], "type": "Point"}, "properties": {"speed": 13}, "type": "Feature"}, {"geometry": {"coordinates": [-122.677787, 45.493888], "type": "Point"}, "properties": {"speed": 14}, "type": "Feature"}, {"geometry": {"coordinates": [-122.678445, 45.491435], "type": "Point"}, "properties": {"speed": 3}, "type": "Feature"}, {"geometry": {"coordinates": [-122.678438, 45.491432], "type": "Point"}, "properties": {"speed": 0}, "type": "Feature"}, {"geometry": {"coordinates": [-122.678438, 45.491432], "type": "Point"}, "properties": {"speed": 0}, "type": "Feature"}, {"geometry": {"coordinates": [-122.726283, 45.48637], "type": "Point"}, "properties": {"speed": 12}, "type": "Feature"}, {"geometry": {"coordinates": [-122.728455, 45.487062], "type": "Point"}, "properties": {"speed": 13}, "type": "Feature"}, {"geometry": {"coordinates": [-122.733583, 45.487102], "type": "Point"}, "properties": {"speed": 13}, "type": "Feature"}, {"geometry": {"coordinates": [-122.734422, 45.487108], "type": "Point"}, "properties": {"speed": 13}, "type": "Feature"}, {"geometry": {"coordinates": [-122.737258, 45.487113], "type": "Point"}, "properties": {"speed": 11}, "type": "Feature"}, {"geometry": {"coordinates": [-122.742047, 45.487142], "type": "Point"}, "properties": {"speed": 12}, "type": "Feature"}, {"geometry": {"coordinates": [-122.74368, 45.487128], "type": "Point"}, "properties": {"speed": 12}, "type": "Feature"}, {"geometry": {"coordinates": [-122.74772, 45.486433], "type": "Point"}, "properties": {"speed": 8}, "type": "Feature"}, {"geometry": {"coordinates": [-122.750203, 45.485658], "type": "Point"}, "properties": {"speed": 7}, "type": "Feature"}, {"geometry": {"coordinates": [-122.750257, 45.485635], "type": "Point"}, "properties": {"speed": 0}, "type": "Feature"}, {"geometry": {"coordinates": [-122.75944, 45.481272], "type": "Point"}, "properties": {"speed": 13}, "type": "Feature"}, {"geometry": {"coordinates": [-122.760135, 45.480942], "type": "Point"}, "properties": {"speed": 13}, "type": "Feature"}, {"geometry": {"coordinates": [-122.763552, 45.47852], "type": "Point"}, "properties": {"speed": 13}, "type": "Feature"}, {"geometry": {"coordinates": [-122.769088, 45.472732], "type": "Point"}, "properties": {"speed": 14}, "type": "Feature"}, {"geometry": {"coordinates": [-122.774275, 45.471745], "type": "Point"}, "properties": {"speed": 9}, "type": "Feature"}, {"geometry": {"coordinates": [-122.776572, 45.467832], "type": "Point"}, "properties": {"speed": 10}, "type": "Feature"}, {"geometry": {"coordinates": [-122.678983, 45.491053], "type": "Point"}, "properties": {"speed": 0}, "type": "Feature"}, {"geometry": {"coordinates": [-122.678983, 45.491053], "type": "Point"}, "properties": {"speed": 0}, "type": "Feature"}, {"geometry": {"coordinates": [-122.678983, 45.491053], "type": "Point"}, "properties": {"speed": 0}, "type": "Feature"}, {"geometry": {"coordinates": [-122.68293, 45.489013], "type": "Point"}, "properties": {"speed": 16}, "type": "Feature"}, {"geometry": {"coordinates": [-122.680835, 45.483652], "type": "Point"}, "properties": {"speed": 16}, "type": "Feature"}, {"geometry": {"coordinates": [-122.694333, 45.47861], "type": "Point"}, "properties": {"speed": 11}, "type": "Feature"}, {"geometry": {"coordinates": [-122.704597, 45.480502], "type": "Point"}, "properties": {"speed": 14}, "type": "Feature"}, {"geometry": {"coordinates": [-122.709968, 45.481805], "type": "Point"}, "properties": {"speed": 16}, "type": "Feature"}, {"geometry": {"coordinates": [-122.712247, 45.482618], "type": "Point"}, "properties": {"speed": 12}, "type": "Feature"}, {"geometry": {"coordinates": [-122.716392, 45.484485], "type": "Point"}, "properties": {"speed": 13}, "type": "Feature"}, {"geometry": {"coordinates": [-122.717107, 45.484793], "type": "Point"}, "properties": {"speed": 13}, "type": "Feature"}, {"geometry": {"coordinates": [-122.717872, 45.485055], "type": "Point"}, "properties": {"speed": 13}, "type": "Feature"}, {"geometry": {"coordinates": [-122.721155, 45.485645], "type": "Point"}, "properties": {"speed": 13}, "type": "Feature"}, {"geometry": {"coordinates": [-122.721925, 45.485713], "type": "Point"}, "properties": {"speed": 12}, "type": "Feature"}, {"geometry": {"coordinates": [-122.777818, 45.465587], "type": "Point"}, "properties": {"speed": 12}, "type": "Feature"}, {"geometry": {"coordinates": [-122.779028, 45.46335], "type": "Point"}, "properties": {"speed": 14}, "type": "Feature"}, {"geometry": {"coordinates": [-122.779932, 45.46157], "type": "Point"}, "properties": {"speed": 14}, "type": "Feature"}, {"geometry": {"coordinates": [-122.78188, 45.45649], "type": "Point"}, "properties": {"speed": 9}, "type": "Feature"}, {"geometry": {"coordinates": [-122.780423, 45.45559], "type": "Point"}, "properties": {"speed": 6}, "type": "Feature"}, {"geometry": {"coordinates": [-122.78044, 45.454723], "type": "Point"}, "properties": {"speed": 10}, "type": "Feature"}, {"geometry": {"coordinates": [-122.779057, 45.452858], "type": "Point"}, "properties": {"speed": 7}, "type": "Feature"}, {"geometry": {"coordinates": [-122.77888, 45.452838], "type": "Point"}, "properties": {"speed": 3}, "type": "Feature"}, {"geometry": {"coordinates": [-122.778742, 45.452383], "type": "Point"}, "properties": {"speed": 5}, "type": "Feature"}, {"geometry": {"coordinates": [-122.778833, 45.45274], "type": "Point"}, "properties": {"speed": 0}, "type": "Feature"}, {"geometry": {"coordinates": [-122.778833, 45.45274], "type": "Point"}, "properties": {"speed": 0}, "type": "Feature"}, {"geometry": {"coordinates": [-122.778845, 45.452768], "type": "Point"}, "properties": {"speed": 2}, "type": "Feature"}, {"geometry": {"coordinates": [-122.780492, 45.453442], "type": "Point"}, "properties": {"speed": 7}, "type": "Feature"}, {"geometry": {"coordinates": [-122.780428, 45.453793], "type": "Point"}, "properties": {"speed": 8}, "type": "Feature"}, {"geometry": {"coordinates": [-122.780402, 45.454205], "type": "Point"}, "properties": {"speed": 9}, "type": "Feature"}, {"geometry": {"coordinates": [-122.781582, 45.456525], "type": "Point"}, "properties": {"speed": 8}, "type": "Feature"}, {"geometry": {"coordinates": [-122.781887, 45.456662], "type": "Point"}, "properties": {"speed": 5}, "type": "Feature"}, {"geometry": {"coordinates": [-122.78197, 45.4567], "type": "Point"}, "properties": {"speed": 1}, "type": "Feature"}, {"geometry": {"coordinates": [-122.781175, 45.459068], "type": "Point"}, "properties": {"speed": 12}, "type": "Feature"}, {"geometry": {"coordinates": [-122.77666, 45.467563], "type": "Point"}, "properties": {"speed": 9}, "type": "Feature"}, {"geometry": {"coordinates": [-122.605712, 45.359895], "type": "Point"}, "properties": {"speed": 1}, "type": "Feature"}, {"geometry": {"coordinates": [-122.60548, 45.360152], "type": "Point"}, "properties": {"speed": 4}, "type": "Feature"}, {"geometry": {"coordinates": [-122.604355, 45.360713], "type": "Point"}, "properties": {"speed": 12}, "type": "Feature"}, {"geometry": {"coordinates": [-122.602438, 45.362352], "type": "Point"}, "properties": {"speed": 10}, "type": "Feature"}, {"geometry": {"coordinates": [-122.601333, 45.363578], "type": "Point"}, "properties": {"speed": 11}, "type": "Feature"}, {"geometry": {"coordinates": [-122.600865, 45.364393], "type": "Point"}, "properties": {"speed": 9}, "type": "Feature"}, {"geometry": {"coordinates": [-122.600742, 45.365977], "type": "Point"}, "properties": {"speed": 12}, "type": "Feature"}, {"geometry": {"coordinates": [-122.638917, 45.38366], "type": "Point"}, "properties": {"speed": 16}, "type": "Feature"}, {"geometry": {"coordinates": [-122.639065, 45.384378], "type": "Point"}, "properties": {"speed": 16}, "type": "Feature"}, {"geometry": {"coordinates": [-122.639282, 45.385085], "type": "Point"}, "properties": {"speed": 16}, "type": "Feature"}, {"geometry": {"coordinates": [-122.639812, 45.38571], "type": "Point"}, "properties": {"speed": 16}, "type": "Feature"}, {"geometry": {"coordinates": [-122.64043, 45.38629], "type": "Point"}, "properties": {"speed": 16}, "type": "Feature"}, {"geometry": {"coordinates": [-122.651132, 45.39609], "type": "Point"}, "properties": {"speed": 16}, "type": "Feature"}, {"geometry": {"coordinates": [-122.652382, 45.397312], "type": "Point"}, "properties": {"speed": 0}, "type": "Feature"}, {"geometry": {"coordinates": [-122.652382, 45.397312], "type": "Point"}, "properties": {"speed": 0}, "type": "Feature"}, {"geometry": {"coordinates": [-122.656775, 45.401287], "type": "Point"}, "properties": {"speed": 15}, "type": "Feature"}, {"geometry": {"coordinates": [-122.660033, 45.406227], "type": "Point"}, "properties": {"speed": 16}, "type": "Feature"}, {"geometry": {"coordinates": [-122.660668, 45.409333], "type": "Point"}, "properties": {"speed": 14}, "type": "Feature"}, {"geometry": {"coordinates": [-122.661597, 45.409495], "type": "Point"}, "properties": {"speed": 15}, "type": "Feature"}, {"geometry": {"coordinates": [-122.664252, 45.410583], "type": "Point"}, "properties": {"speed": 8}, "type": "Feature"}, {"geometry": {"coordinates": [-122.664473, 45.410848], "type": "Point"}, "properties": {"speed": 0}, "type": "Feature"}, {"geometry": {"coordinates": [-122.663882, 45.414615], "type": "Point"}, "properties": {"speed": 10}, "type": "Feature"}, {"geometry": {"coordinates": [-122.662695, 45.420332], "type": "Point"}, "properties": {"speed": 7}, "type": "Feature"}, {"geometry": {"coordinates": [-122.665143, 45.420813], "type": "Point"}, "properties": {"speed": 8}, "type": "Feature"}, {"geometry": {"coordinates": [-122.667902, 45.42045], "type": "Point"}, "properties": {"speed": 7}, "type": "Feature"}, {"geometry": {"coordinates": [-122.662788, 45.419475], "type": "Point"}, "properties": {"speed": 6}, "type": "Feature"}, {"geometry": {"coordinates": [-122.66252, 45.420812], "type": "Point"}, "properties": {"speed": 12}, "type": "Feature"}, {"geometry": {"coordinates": [-122.662212, 45.421943], "type": "Point"}, "properties": {"speed": 13}, "type": "Feature"}, {"geometry": {"coordinates": [-122.661895, 45.42254], "type": "Point"}, "properties": {"speed": 14}, "type": "Feature"}, {"geometry": {"coordinates": [-122.660083, 45.42497], "type": "Point"}, "properties": {"speed": 15}, "type": "Feature"}, {"geometry": {"coordinates": [-122.655778, 45.431017], "type": "Point"}, "properties": {"speed": 0}, "type": "Feature"}, {"geometry": {"coordinates": [-122.655697, 45.431148], "type": "Point"}, "properties": {"speed": 3}, "type": "Feature"}, {"geometry": {"coordinates": [-122.654735, 45.433077], "type": "Point"}, "properties": {"speed": 13}, "type": "Feature"}, {"geometry": {"coordinates": [-122.653488, 45.435643], "type": "Point"}, "properties": {"speed": 15}, "type": "Feature"}, {"geometry": {"coordinates": [-122.656525, 45.44382], "type": "Point"}, "properties": {"speed": 17}, "type": "Feature"}, {"geometry": {"coordinates": [-122.657802, 45.448358], "type": "Point"}, "properties": {"speed": 19}, "type": "Feature"}, {"geometry": {"coordinates": [-122.658593, 45.449908], "type": "Point"}, "properties": {"speed": 18}, "type": "Feature"}, {"geometry": {"coordinates": [-122.663452, 45.456512], "type": "Point"}, "properties": {"speed": 19}, "type": "Feature"}, {"geometry": {"coordinates": [-122.664773, 45.45795], "type": "Point"}, "properties": {"speed": 19}, "type": "Feature"}, {"geometry": {"coordinates": [-122.665442, 45.458672], "type": "Point"}, "properties": {"speed": 19}, "type": "Feature"}, {"geometry": {"coordinates": [-122.668707, 45.464513], "type": "Point"}, "properties": {"speed": 8}, "type": "Feature"}, {"geometry": {"coordinates": [-122.669202, 45.465838], "type": "Point"}, "properties": {"speed": 17}, "type": "Feature"}, {"geometry": {"coordinates": [-122.670017, 45.467375], "type": "Point"}, "properties": {"speed": 18}, "type": "Feature"}, {"geometry": {"coordinates": [-122.670587, 45.468035], "type": "Point"}, "properties": {"speed": 17}, "type": "Feature"}, {"geometry": {"coordinates": [-122.67144, 45.469315], "type": "Point"}, "properties": {"speed": 16}, "type": "Feature"}, {"geometry": {"coordinates": [-122.671533, 45.47004], "type": "Point"}, "properties": {"speed": 16}, "type": "Feature"}, {"geometry": {"coordinates": [-122.671618, 45.471078], "type": "Point"}, "properties": {"speed": 8}, "type": "Feature"}, {"geometry": {"coordinates": [-122.671605, 45.47117], "type": "Point"}, "properties": {"speed": 2}, "type": "Feature"}, {"geometry": {"coordinates": [-122.671532, 45.474085], "type": "Point"}, "properties": {"speed": 12}, "type": "Feature"}, {"geometry": {"coordinates": [-122.672893, 45.479898], "type": "Point"}, "properties": {"speed": 14}, "type": "Feature"}, {"geometry": {"coordinates": [-122.67328, 45.480978], "type": "Point"}, "properties": {"speed": 0}, "type": "Feature"}, {"geometry": {"coordinates": [-122.67328, 45.480978], "type": "Point"}, "properties": {"speed": 0}, "type": "Feature"}, {"geometry": {"coordinates": [-122.673282, 45.480985], "type": "Point"}, "properties": {"speed": 1}, "type": "Feature"}, {"geometry": {"coordinates": [-122.67459, 45.484058], "type": "Point"}, "properties": {"speed": 14}, "type": "Feature"}, {"geometry": {"coordinates": [-122.674877, 45.484583], "type": "Point"}, "properties": {"speed": 12}, "type": "Feature"}, {"geometry": {"coordinates": [-122.675525, 45.486517], "type": "Point"}, "properties": {"speed": 13}, "type": "Feature"}, {"geometry": {"coordinates": [-122.674435, 45.488867], "type": "Point"}, "properties": {"speed": 15}, "type": "Feature"}, {"geometry": {"coordinates": [-122.673233, 45.490775], "type": "Point"}, "properties": {"speed": 15}, "type": "Feature"}, {"geometry": {"coordinates": [-122.672975, 45.491428], "type": "Point"}, "properties": {"speed": 15}, "type": "Feature"}, {"geometry": {"coordinates": [-122.672893, 45.49211], "type": "Point"}, "properties": {"speed": 15}, "type": "Feature"}, {"geometry": {"coordinates": [-122.672862, 45.497133], "type": "Point"}, "properties": {"speed": 11}, "type": "Feature"}, {"geometry": {"coordinates": [-122.67499, 45.501962], "type": "Point"}, "properties": {"speed": 15}, "type": "Feature"}, {"geometry": {"coordinates": [-122.675738, 45.502388], "type": "Point"}, "properties": {"speed": 15}, "type": "Feature"}, {"geometry": {"coordinates": [-122.676953, 45.50326], "type": "Point"}, "properties": {"speed": 13}, "type": "Feature"}, {"geometry": {"coordinates": [-122.678448, 45.503803], "type": "Point"}, "properties": {"speed": 0}, "type": "Feature"}, {"geometry": {"coordinates": [-122.678457, 45.503805], "type": "Point"}, "properties": {"speed": 1}, "type": "Feature"}, {"geometry": {"coordinates": [-122.678578, 45.507965], "type": "Point"}, "properties": {"speed": 11}, "type": "Feature"}, {"geometry": {"coordinates": [-122.678413, 45.50891], "type": "Point"}, "properties": {"speed": 11}, "type": "Feature"}, {"geometry": {"coordinates": [-122.68269, 45.510962], "type": "Point"}, "properties": {"speed": 6}, "type": "Feature"}, {"geometry": {"coordinates": [-122.682772, 45.510988], "type": "Point"}, "properties": {"speed": 0}, "type": "Feature"}, {"geometry": {"coordinates": [-122.682012, 45.512785], "type": "Point"}, "properties": {"speed": 5}, "type": "Feature"}, {"geometry": {"coordinates": [-122.681607, 45.513525], "type": "Point"}, "properties": {"speed": 9}, "type": "Feature"}, {"geometry": {"coordinates": [-122.68018, 45.516302], "type": "Point"}, "properties": {"speed": 5}, "type": "Feature"}, {"geometry": {"coordinates": [-122.679418, 45.517723], "type": "Point"}, "properties": {"speed": 7}, "type": "Feature"}, {"geometry": {"coordinates": [-122.679, 45.518485], "type": "Point"}, "properties": {"speed": 6}, "type": "Feature"}, {"geometry": {"coordinates": [-122.678053, 45.520202], "type": "Point"}, "properties": {"speed": 6}, "type": "Feature"}, {"geometry": {"coordinates": [-122.677723, 45.520912], "type": "Point"}, "properties": {"speed": 0}, "type": "Feature"}, {"geometry": {"coordinates": [-122.676575, 45.525667], "type": "Point"}, "properties": {"speed": 4}, "type": "Feature"}, {"geometry": {"coordinates": [-122.676567, 45.526147], "type": "Point"}, "properties": {"speed": 0}, "type": "Feature"}, {"geometry": {"coordinates": [-122.676567, 45.526147], "type": "Point"}, "properties": {"speed": 1}, "type": "Feature"}, {"geometry": {"coordinates": [-122.676555, 45.52616], "type": "Point"}, "properties": {"speed": 1}, "type": "Feature"}, {"geometry": {"coordinates": [-122.676583, 45.526445], "type": "Point"}, "properties": {"speed": 4}, "type": "Feature"}, {"geometry": {"coordinates": [-122.676628, 45.527002], "type": "Point"}, "properties": {"speed": 6}, "type": "Feature"}, {"geometry": {"coordinates": [-122.67663, 45.527892], "type": "Point"}, "properties": {"speed": 0}, "type": "Feature"}, {"geometry": {"coordinates": [-122.675893, 45.528048], "type": "Point"}, "properties": {"speed": 2}, "type": "Feature"}, {"geometry": {"coordinates": [-122.675893, 45.528048], "type": "Point"}, "properties": {"speed": 0}, "type": "Feature"}, {"geometry": {"coordinates": [-122.675893, 45.528048], "type": "Point"}, "properties": {"speed": 0}, "type": "Feature"}, {"geometry": {"coordinates": [-122.675653, 45.528042], "type": "Point"}, "properties": {"speed": 3}, "type": "Feature"}, {"geometry": {"coordinates": [-122.675533, 45.527715], "type": "Point"}, "properties": {"speed": 5}, "type": "Feature"}, {"geometry": {"coordinates": [-122.675542, 45.526767], "type": "Point"}, "properties": {"speed": 0}, "type": "Feature"}, {"geometry": {"coordinates": [-122.675542, 45.526767], "type": "Point"}, "properties": {"speed": 0}, "type": "Feature"}, {"geometry": {"coordinates": [-122.675533, 45.526753], "type": "Point"}, "properties": {"speed": 2}, "type": "Feature"}, {"geometry": {"coordinates": [-122.675468, 45.525362], "type": "Point"}, "properties": {"speed": 1}, "type": "Feature"}, {"geometry": {"coordinates": [-122.675325, 45.525198], "type": "Point"}, "properties": {"speed": 3}, "type": "Feature"}, {"geometry": {"coordinates": [-122.667617, 45.528247], "type": "Point"}, "properties": {"speed": 11}, "type": "Feature"}, {"geometry": {"coordinates": [-122.668878, 45.53073], "type": "Point"}, "properties": {"speed": 13}, "type": "Feature"}, {"geometry": {"coordinates": [-122.672352, 45.533547], "type": "Point"}, "properties": {"speed": 16}, "type": "Feature"}, {"geometry": {"coordinates": [-122.674478, 45.538227], "type": "Point"}, "properties": {"speed": 12}, "type": "Feature"}, {"geometry": {"coordinates": [-122.67473, 45.5392], "type": "Point"}, "properties": {"speed": 10}, "type": "Feature"}, {"geometry": {"coordinates": [-122.677335, 45.544485], "type": "Point"}, "properties": {"speed": 0}, "type": "Feature"}, {"geometry": {"coordinates": [-122.677335, 45.544485], "type": "Point"}, "properties": {"speed": 0}, "type": "Feature"}, {"geometry": {"coordinates": [-122.677388, 45.544593], "type": "Point"}, "properties": {"speed": 4}, "type": "Feature"}, {"geometry": {"coordinates": [-122.679092, 45.545235], "type": "Point"}, "properties": {"speed": 13}, "type": "Feature"}, {"geometry": {"coordinates": [-122.683275, 45.54689], "type": "Point"}, "properties": {"speed": 17}, "type": "Feature"}, {"geometry": {"coordinates": [-122.691413, 45.553472], "type": "Point"}, "properties": {"speed": 15}, "type": "Feature"}, {"geometry": {"coordinates": [-122.691812, 45.554087], "type": "Point"}, "properties": {"speed": 15}, "type": "Feature"}, {"geometry": {"coordinates": [-122.693638, 45.55877], "type": "Point"}, "properties": {"speed": 12}, "type": "Feature"}, {"geometry": {"coordinates": [-122.693797, 45.558995], "type": "Point"}, "properties": {"speed": 0}, "type": "Feature"}, {"geometry": {"coordinates": [-122.693797, 45.558995], "type": "Point"}, "properties": {"speed": 0}, "type": "Feature"}, {"geometry": {"coordinates": [-122.693797, 45.558995], "type": "Point"}, "properties": {"speed": 0}, "type": "Feature"}, {"geometry": {"coordinates": [-122.694823, 45.560743], "type": "Point"}, "properties": {"speed": 11}, "type": "Feature"}, {"geometry": {"coordinates": [-122.695608, 45.562192], "type": "Point"}, "properties": {"speed": 11}, "type": "Feature"}, {"geometry": {"coordinates": [-122.695628, 45.562692], "type": "Point"}, "properties": {"speed": 9}, "type": "Feature"}, {"geometry": {"coordinates": [-122.695617, 45.563833], "type": "Point"}, "properties": {"speed": 13}, "type": "Feature"}, {"geometry": {"coordinates": [-122.695547, 45.570348], "type": "Point"}, "properties": {"speed": 9}, "type": "Feature"}, {"geometry": {"coordinates": [-122.695547, 45.570857], "type": "Point"}, "properties": {"speed": 11}, "type": "Feature"}, {"geometry": {"coordinates": [-122.695525, 45.573467], "type": "Point"}, "properties": {"speed": 12}, "type": "Feature"}, {"geometry": {"coordinates": [-122.696862, 45.577197], "type": "Point"}, "properties": {"speed": 8}, "type": "Feature"}, {"geometry": {"coordinates": [-122.69723, 45.581777], "type": "Point"}, "properties": {"speed": 11}, "type": "Feature"}, {"geometry": {"coordinates": [-122.697225, 45.582188], "type": "Point"}, "properties": {"speed": 9}, "type": "Feature"}, {"geometry": {"coordinates": [-122.699835, 45.584048], "type": "Point"}, "properties": {"speed": 12}, "type": "Feature"}, {"geometry": {"coordinates": [-122.703273, 45.584022], "type": "Point"}, "properties": {"speed": 9}, "type": "Feature"}, {"geometry": {"coordinates": [-122.707743, 45.584038], "type": "Point"}, "properties": {"speed": 2}, "type": "Feature"}, {"geometry": {"coordinates": [-122.708553, 45.584037], "type": "Point"}, "properties": {"speed": 7}, "type": "Feature"}, {"geometry": {"coordinates": [-122.710493, 45.584043], "type": "Point"}, "properties": {"speed": 8}, "type": "Feature"}, {"geometry": {"coordinates": [-122.716782, 45.584098], "type": "Point"}, "properties": {"speed": 5}, "type": "Feature"}, {"geometry": {"coordinates": [-122.717227, 45.584088], "type": "Point"}, "properties": {"speed": 7}, "type": "Feature"}, {"geometry": {"coordinates": [-122.722623, 45.584417], "type": "Point"}, "properties": {"speed": 3}, "type": "Feature"}, {"geometry": {"coordinates": [-122.723985, 45.582632], "type": "Point"}, "properties": {"speed": 1}, "type": "Feature"}, {"geometry": {"coordinates": [-122.726872, 45.578718], "type": "Point"}, "properties": {"speed": 12}, "type": "Feature"}, {"geometry": {"coordinates": [-122.72723, 45.578238], "type": "Point"}, "properties": {"speed": 12}, "type": "Feature"}, {"geometry": {"coordinates": [-122.728275, 45.57686], "type": "Point"}, "properties": {"speed": 11}, "type": "Feature"}, {"geometry": {"coordinates": [-122.726977, 45.437795], "type": "Point"}, "properties": {"speed": 13}, "type": "Feature"}, {"geometry": {"coordinates": [-122.72033, 45.435638], "type": "Point"}, "properties": {"speed": 10}, "type": "Feature"}, {"geometry": {"coordinates": [-122.719332, 45.435823], "type": "Point"}, "properties": {"speed": 8}, "type": "Feature"}, {"geometry": {"coordinates": [-122.717938, 45.43639], "type": "Point"}, "properties": {"speed": 9}, "type": "Feature"}, {"geometry": {"coordinates": [-122.716067, 45.43516], "type": "Point"}, "properties": {"speed": 10}, "type": "Feature"}, {"geometry": {"coordinates": [-122.715627, 45.434873], "type": "Point"}, "properties": {"speed": 2}, "type": "Feature"}, {"geometry": {"coordinates": [-122.715912, 45.43446], "type": "Point"}, "properties": {"speed": 7}, "type": "Feature"}, {"geometry": {"coordinates": [-122.715997, 45.431837], "type": "Point"}, "properties": {"speed": 10}, "type": "Feature"}, {"geometry": {"coordinates": [-122.71615, 45.431005], "type": "Point"}, "properties": {"speed": 9}, "type": "Feature"}, {"geometry": {"coordinates": [-122.716487, 45.430738], "type": "Point"}, "properties": {"speed": 8}, "type": "Feature"}, {"geometry": {"coordinates": [-122.717495, 45.430997], "type": "Point"}, "properties": {"speed": 9}, "type": "Feature"}, {"geometry": {"coordinates": [-122.71838, 45.431142], "type": "Point"}, "properties": {"speed": 5}, "type": "Feature"}, {"geometry": {"coordinates": [-122.718687, 45.431362], "type": "Point"}, "properties": {"speed": 7}, "type": "Feature"}, {"geometry": {"coordinates": [-122.720765, 45.435867], "type": "Point"}, "properties": {"speed": 12}, "type": "Feature"}, {"geometry": {"coordinates": [-122.727087, 45.442667], "type": "Point"}, "properties": {"speed": 18}, "type": "Feature"}, {"geometry": {"coordinates": [-122.727075, 45.444255], "type": "Point"}, "properties": {"speed": 17}, "type": "Feature"}, {"geometry": {"coordinates": [-122.72681, 45.445082], "type": "Point"}, "properties": {"speed": 0}, "type": "Feature"}, {"geometry": {"coordinates": [-122.726615, 45.445377], "type": "Point"}, "properties": {"speed": 6}, "type": "Feature"}, {"geometry": {"coordinates": [-122.723667, 45.450108], "type": "Point"}, "properties": {"speed": 14}, "type": "Feature"}, {"geometry": {"coordinates": [-122.722697, 45.451172], "type": "Point"}, "properties": {"speed": 14}, "type": "Feature"}, {"geometry": {"coordinates": [-122.720827, 45.454012], "type": "Point"}, "properties": {"speed": 11}, "type": "Feature"}, {"geometry": {"coordinates": [-122.723697, 45.454747], "type": "Point"}, "properties": {"speed": 16}, "type": "Feature"}, {"geometry": {"coordinates": [-122.72636, 45.45617], "type": "Point"}, "properties": {"speed": 13}, "type": "Feature"}, {"geometry": {"coordinates": [-122.725405, 45.460448], "type": "Point"}, "properties": {"speed": 16}, "type": "Feature"}, {"geometry": {"coordinates": [-122.723173, 45.46257], "type": "Point"}, "properties": {"speed": 12}, "type": "Feature"}, {"geometry": {"coordinates": [-122.722852, 45.465523], "type": "Point"}, "properties": {"speed": 6}, "type": "Feature"}, {"geometry": {"coordinates": [-122.720155, 45.466228], "type": "Point"}, "properties": {"speed": 10}, "type": "Feature"}, {"geometry": {"coordinates": [-122.719515, 45.466272], "type": "Point"}, "properties": {"speed": 10}, "type": "Feature"}, {"geometry": {"coordinates": [-122.717242, 45.466955], "type": "Point"}, "properties": {"speed": 9}, "type": "Feature"}, {"geometry": {"coordinates": [-122.716395, 45.46682], "type": "Point"}, "properties": {"speed": 0}, "type": "Feature"}, {"geometry": {"coordinates": [-122.716395, 45.46682], "type": "Point"}, "properties": {"speed": 0}, "type": "Feature"}, {"geometry": {"coordinates": [-122.713192, 45.467943], "type": "Point"}, "properties": {"speed": 5}, "type": "Feature"}, {"geometry": {"coordinates": [-122.708493, 45.469212], "type": "Point"}, "properties": {"speed": 11}, "type": "Feature"}, {"geometry": {"coordinates": [-122.707747, 45.472765], "type": "Point"}, "properties": {"speed": 13}, "type": "Feature"}, {"geometry": {"coordinates": [-122.707745, 45.473335], "type": "Point"}, "properties": {"speed": 9}, "type": "Feature"}, {"geometry": {"coordinates": [-122.70728, 45.475828], "type": "Point"}, "properties": {"speed": 10}, "type": "Feature"}, {"geometry": {"coordinates": [-122.702392, 45.476138], "type": "Point"}, "properties": {"speed": 12}, "type": "Feature"}, {"geometry": {"coordinates": [-122.700802, 45.477373], "type": "Point"}, "properties": {"speed": 12}, "type": "Feature"}, {"geometry": {"coordinates": [-122.69862, 45.477778], "type": "Point"}, "properties": {"speed": 12}, "type": "Feature"}, {"geometry": {"coordinates": [-122.697955, 45.477882], "type": "Point"}, "properties": {"speed": 10}, "type": "Feature"}, {"geometry": {"coordinates": [-122.697527, 45.477945], "type": "Point"}, "properties": {"speed": 6}, "type": "Feature"}, {"geometry": {"coordinates": [-122.696138, 45.478163], "type": "Point"}, "properties": {"speed": 9}, "type": "Feature"}, {"geometry": {"coordinates": [-122.691927, 45.479243], "type": "Point"}, "properties": {"speed": 11}, "type": "Feature"}, {"geometry": {"coordinates": [-122.687387, 45.480137], "type": "Point"}, "properties": {"speed": 0}, "type": "Feature"}, {"geometry": {"coordinates": [-122.687387, 45.480137], "type": "Point"}, "properties": {"speed": 0}, "type": "Feature"}, {"geometry": {"coordinates": [-122.68152, 45.480113], "type": "Point"}, "properties": {"speed": 16}, "type": "Feature"}, {"geometry": {"coordinates": [-122.680627, 45.483133], "type": "Point"}, "properties": {"speed": 20}, "type": "Feature"}, {"geometry": {"coordinates": [-122.68254, 45.489068], "type": "Point"}, "properties": {"speed": 15}, "type": "Feature"}, {"geometry": {"coordinates": [-122.681188, 45.490097], "type": "Point"}, "properties": {"speed": 16}, "type": "Feature"}, {"geometry": {"coordinates": [-122.678147, 45.496008], "type": "Point"}, "properties": {"speed": 15}, "type": "Feature"}, {"geometry": {"coordinates": [-122.679203, 45.497827], "type": "Point"}, "properties": {"speed": 14}, "type": "Feature"}, {"geometry": {"coordinates": [-122.680437, 45.500057], "type": "Point"}, "properties": {"speed": 13}, "type": "Feature"}, {"geometry": {"coordinates": [-122.681675, 45.50227], "type": "Point"}, "properties": {"speed": 13}, "type": "Feature"}, {"geometry": {"coordinates": [-122.68198, 45.505195], "type": "Point"}, "properties": {"speed": 10}, "type": "Feature"}, {"geometry": {"coordinates": [-122.681868, 45.50843], "type": "Point"}, "properties": {"speed": 7}, "type": "Feature"}, {"geometry": {"coordinates": [-122.681648, 45.509068], "type": "Point"}, "properties": {"speed": 7}, "type": "Feature"}, {"geometry": {"coordinates": [-122.681395, 45.509473], "type": "Point"}, "properties": {"speed": 3}, "type": "Feature"}, {"geometry": {"coordinates": [-122.680732, 45.510828], "type": "Point"}, "properties": {"speed": 7}, "type": "Feature"}, {"geometry": {"coordinates": [-122.680185, 45.511827], "type": "Point"}, "properties": {"speed": 4}, "type": "Feature"}, {"geometry": {"coordinates": [-122.681945, 45.512865], "type": "Point"}, "properties": {"speed": 5}, "type": "Feature"}, {"geometry": {"coordinates": [-122.679763, 45.516898], "type": "Point"}, "properties": {"speed": 2}, "type": "Feature"}, {"geometry": {"coordinates": [-122.679407, 45.517688], "type": "Point"}, "properties": {"speed": 7}, "type": "Feature"}, {"geometry": {"coordinates": [-122.679135, 45.518205], "type": "Point"}, "properties": {"speed": 5}, "type": "Feature"}, {"geometry": {"coordinates": [-122.67891, 45.518637], "type": "Point"}, "properties": {"speed": 4}, "type": "Feature"}, {"geometry": {"coordinates": [-122.678823, 45.518787], "type": "Point"}, "properties": {"speed": 4}, "type": "Feature"}, {"geometry": {"coordinates": [-122.67834, 45.519708], "type": "Point"}, "properties": {"speed": 5}, "type": "Feature"}, {"geometry": {"coordinates": [-122.678173, 45.519952], "type": "Point"}, "properties": {"speed": 6}, "type": "Feature"}, {"geometry": {"coordinates": [-122.677703, 45.520927], "type": "Point"}, "properties": {"speed": 4}, "type": "Feature"}, {"geometry": {"coordinates": [-122.677105, 45.522063], "type": "Point"}, "properties": {"speed": 6}, "type": "Feature"}, {"geometry": {"coordinates": [-122.67654, 45.523392], "type": "Point"}, "properties": {"speed": 6}, "type": "Feature"}, {"geometry": {"coordinates": [-122.676485, 45.524318], "type": "Point"}, "properties": {"speed": 1}, "type": "Feature"}, {"geometry": {"coordinates": [-122.676485, 45.524318], "type": "Point"}, "properties": {"speed": 0}, "type": "Feature"}, {"geometry": {"coordinates": [-122.676485, 45.52432], "type": "Point"}, "properties": {"speed": 0}, "type": "Feature"}, {"geometry": {"coordinates": [-122.676485, 45.52432], "type": "Point"}, "properties": {"speed": 1}, "type": "Feature"}, {"geometry": {"coordinates": [-122.676503, 45.52472], "type": "Point"}, "properties": {"speed": 6}, "type": "Feature"}, {"geometry": {"coordinates": [-122.672642, 45.525247], "type": "Point"}, "properties": {"speed": 4}, "type": "Feature"}, {"geometry": {"coordinates": [-122.671648, 45.525277], "type": "Point"}, "properties": {"speed": 3}, "type": "Feature"}, {"geometry": {"coordinates": [-122.66654, 45.528683], "type": "Point"}, "properties": {"speed": 10}, "type": "Feature"}, {"geometry": {"coordinates": [-122.665907, 45.528687], "type": "Point"}, "properties": {"speed": 0}, "type": "Feature"}, {"geometry": {"coordinates": [-122.665883, 45.528683], "type": "Point"}, "properties": {"speed": 2}, "type": "Feature"}, {"geometry": {"coordinates": [-122.66563, 45.529845], "type": "Point"}, "properties": {"speed": 4}, "type": "Feature"}, {"geometry": {"coordinates": [-122.665635, 45.529888], "type": "Point"}, "properties": {"speed": 0}, "type": "Feature"}, {"geometry": {"coordinates": [-122.665745, 45.531878], "type": "Point"}, "properties": {"speed": 9}, "type": "Feature"}, {"geometry": {"coordinates": [-122.666532, 45.532877], "type": "Point"}, "properties": {"speed": 1}, "type": "Feature"}, {"geometry": {"coordinates": [-122.666718, 45.533158], "type": "Point"}, "properties": {"speed": 6}, "type": "Feature"}, {"geometry": {"coordinates": [-122.66668, 45.534095], "type": "Point"}, "properties": {"speed": 6}, "type": "Feature"}, {"geometry": {"coordinates": [-122.66671, 45.538105], "type": "Point"}, "properties": {"speed": 6}, "type": "Feature"}, {"geometry": {"coordinates": [-122.666688, 45.540838], "type": "Point"}, "properties": {"speed": 9}, "type": "Feature"}, {"geometry": {"coordinates": [-122.666678, 45.542247], "type": "Point"}, "properties": {"speed": 8}, "type": "Feature"}, {"geometry": {"coordinates": [-122.666655, 45.544632], "type": "Point"}, "properties": {"speed": 8}, "type": "Feature"}, {"geometry": {"coordinates": [-122.666665, 45.546118], "type": "Point"}, "properties": {"speed": 8}, "type": "Feature"}, {"geometry": {"coordinates": [-122.666663, 45.546852], "type": "Point"}, "properties": {"speed": 8}, "type": "Feature"}, {"geometry": {"coordinates": [-122.6667, 45.550892], "type": "Point"}, "properties": {"speed": 8}, "type": "Feature"}, {"geometry": {"coordinates": [-122.666713, 45.551833], "type": "Point"}, "properties": {"speed": 5}, "type": "Feature"}, {"geometry": {"coordinates": [-122.666717, 45.552613], "type": "Point"}, "properties": {"speed": 7}, "type": "Feature"}, {"geometry": {"coordinates": [-122.66672, 45.553697], "type": "Point"}, "properties": {"speed": 8}, "type": "Feature"}, {"geometry": {"coordinates": [-122.66671, 45.557357], "type": "Point"}, "properties": {"speed": 8}, "type": "Feature"}, {"geometry": {"coordinates": [-122.666707, 45.55902], "type": "Point"}, "properties": {"speed": 6}, "type": "Feature"}, {"geometry": {"coordinates": [-122.66685, 45.559275], "type": "Point"}, "properties": {"speed": 6}, "type": "Feature"}, {"geometry": {"coordinates": [-122.666955, 45.562575], "type": "Point"}, "properties": {"speed": 3}, "type": "Feature"}, {"geometry": {"coordinates": [-122.667147, 45.562802], "type": "Point"}, "properties": {"speed": 5}, "type": "Feature"}, {"geometry": {"coordinates": [-122.668838, 45.568148], "type": "Point"}, "properties": {"speed": 7}, "type": "Feature"}, {"geometry": {"coordinates": [-122.66887, 45.569933], "type": "Point"}, "properties": {"speed": 2}, "type": "Feature"}, {"geometry": {"coordinates": [-122.675495, 45.569965], "type": "Point"}, "properties": {"speed": 7}, "type": "Feature"}, {"geometry": {"coordinates": [-122.679022, 45.569958], "type": "Point"}, "properties": {"speed": 8}, "type": "Feature"}, {"geometry": {"coordinates": [-122.685932, 45.56995], "type": "Point"}, "properties": {"speed": 9}, "type": "Feature"}, {"geometry": {"coordinates": [-122.690148, 45.569955], "type": "Point"}, "properties": {"speed": 10}, "type": "Feature"}, {"geometry": {"coordinates": [-122.690798, 45.569942], "type": "Point"}, "properties": {"speed": 10}, "type": "Feature"}, {"geometry": {"coordinates": [-122.691453, 45.56994], "type": "Point"}, "properties": {"speed": 10}, "type": "Feature"}, {"geometry": {"coordinates": [-122.696408, 45.56998], "type": "Point"}, "properties": {"speed": 9}, "type": "Feature"}, {"geometry": {"coordinates": [-122.699308, 45.569965], "type": "Point"}, "properties": {"speed": 8}, "type": "Feature"}, {"geometry": {"coordinates": [-122.700663, 45.571165], "type": "Point"}, "properties": {"speed": 10}, "type": "Feature"}, {"geometry": {"coordinates": [-122.70356, 45.573665], "type": "Point"}, "properties": {"speed": 2}, "type": "Feature"}, {"geometry": {"coordinates": [-122.713065, 45.575307], "type": "Point"}, "properties": {"speed": 11}, "type": "Feature"}, {"geometry": {"coordinates": [-122.71447, 45.575257], "type": "Point"}, "properties": {"speed": 11}, "type": "Feature"}, {"geometry": {"coordinates": [-122.71872, 45.574493], "type": "Point"}, "properties": {"speed": 11}, "type": "Feature"}, {"geometry": {"coordinates": [-122.719365, 45.574285], "type": "Point"}, "properties": {"speed": 11}, "type": "Feature"}, {"geometry": {"coordinates": [-122.719993, 45.574058], "type": "Point"}, "properties": {"speed": 11}, "type": "Feature"}, {"geometry": {"coordinates": [-122.728438, 45.575895], "type": "Point"}, "properties": {"speed": 11}, "type": "Feature"}, {"geometry": {"coordinates": [-122.72969, 45.576357], "type": "Point"}, "properties": {"speed": 11}, "type": "Feature"}, {"geometry": {"coordinates": [-122.733992, 45.578192], "type": "Point"}, "properties": {"speed": 11}, "type": "Feature"}, {"geometry": {"coordinates": [-122.734435, 45.578582], "type": "Point"}, "properties": {"speed": 11}, "type": "Feature"}, {"geometry": {"coordinates": [-122.737173, 45.580018], "type": "Point"}, "properties": {"speed": 11}, "type": "Feature"}, {"geometry": {"coordinates": [-122.738392, 45.580512], "type": "Point"}, "properties": {"speed": 11}, "type": "Feature"}, {"geometry": {"coordinates": [-122.741072, 45.582315], "type": "Point"}, "properties": {"speed": 9}, "type": "Feature"}, {"geometry": {"coordinates": [-122.745813, 45.584212], "type": "Point"}, "properties": {"speed": 8}, "type": "Feature"}, {"geometry": {"coordinates": [-122.7493, 45.585342], "type": "Point"}, "properties": {"speed": 9}, "type": "Feature"}, {"geometry": {"coordinates": [-122.752498, 45.586383], "type": "Point"}, "properties": {"speed": 7}, "type": "Feature"}, {"geometry": {"coordinates": [-122.752582, 45.586408], "type": "Point"}, "properties": {"speed": 1}, "type": "Feature"}, {"geometry": {"coordinates": [-122.752632, 45.586695], "type": "Point"}, "properties": {"speed": 6}, "type": "Feature"}, {"geometry": {"coordinates": [-122.751883, 45.588558], "type": "Point"}, "properties": {"speed": 8}, "type": "Feature"}, {"geometry": {"coordinates": [-122.752322, 45.588847], "type": "Point"}, "properties": {"speed": 5}, "type": "Feature"}, {"geometry": {"coordinates": [-122.754698, 45.590168], "type": "Point"}, "properties": {"speed": 5}, "type": "Feature"}, {"geometry": {"coordinates": [-122.683027, 45.6028], "type": "Point"}, "properties": {"speed": 24}, "type": "Feature"}, {"geometry": {"coordinates": [-122.681658, 45.606743], "type": "Point"}, "properties": {"speed": 20}, "type": "Feature"}, {"geometry": {"coordinates": [-122.67742, 45.611197], "type": "Point"}, "properties": {"speed": 4}, "type": "Feature"}, {"geometry": {"coordinates": [-122.679893, 45.613305], "type": "Point"}, "properties": {"speed": 6}, "type": "Feature"}, {"geometry": {"coordinates": [-122.680602, 45.612307], "type": "Point"}, "properties": {"speed": 9}, "type": "Feature"}, {"geometry": {"coordinates": [-122.681073, 45.61126], "type": "Point"}, "properties": {"speed": 1}, "type": "Feature"}, {"geometry": {"coordinates": [-122.665035, 45.590802], "type": "Point"}, "properties": {"speed": 3}, "type": "Feature"}, {"geometry": {"coordinates": [-122.678322, 45.602942], "type": "Point"}, "properties": {"speed": 4}, "type": "Feature"}, {"geometry": {"coordinates": [-122.678233, 45.600762], "type": "Point"}, "properties": {"speed": 15}, "type": "Feature"}, {"geometry": {"coordinates": [-122.677417, 45.600257], "type": "Point"}, "properties": {"speed": 17}, "type": "Feature"}, {"geometry": {"coordinates": [-122.675788, 45.599095], "type": "Point"}, "properties": {"speed": 18}, "type": "Feature"}, {"geometry": {"coordinates": [-122.67502, 45.598527], "type": "Point"}, "properties": {"speed": 17}, "type": "Feature"}, {"geometry": {"coordinates": [-122.673305, 45.597105], "type": "Point"}, "properties": {"speed": 3}, "type": "Feature"}, {"geometry": {"coordinates": [-122.678525, 45.59571], "type": "Point"}, "properties": {"speed": 11}, "type": "Feature"}, {"geometry": {"coordinates": [-122.678675, 45.594523], "type": "Point"}, "properties": {"speed": 5}, "type": "Feature"}, {"geometry": {"coordinates": [-122.681565, 45.592797], "type": "Point"}, "properties": {"speed": 3}, "type": "Feature"}, {"geometry": {"coordinates": [-122.682943, 45.594857], "type": "Point"}, "properties": {"speed": 0}, "type": "Feature"}, {"geometry": {"coordinates": [-122.683272, 45.595072], "type": "Point"}, "properties": {"speed": 6}, "type": "Feature"}, {"geometry": {"coordinates": [-122.684147, 45.59694], "type": "Point"}, "properties": {"speed": 18}, "type": "Feature"}, {"geometry": {"coordinates": [-122.71108, 45.546688], "type": "Point"}, "properties": {"speed": 19}, "type": "Feature"}, {"geometry": {"coordinates": [-122.718147, 45.549168], "type": "Point"}, "properties": {"speed": 20}, "type": "Feature"}, {"geometry": {"coordinates": [-122.720402, 45.549995], "type": "Point"}, "properties": {"speed": 20}, "type": "Feature"}, {"geometry": {"coordinates": [-122.724953, 45.551597], "type": "Point"}, "properties": {"speed": 20}, "type": "Feature"}, {"geometry": {"coordinates": [-122.732712, 45.554753], "type": "Point"}, "properties": {"speed": 19}, "type": "Feature"}, {"geometry": {"coordinates": [-122.73372, 45.555238], "type": "Point"}, "properties": {"speed": 19}, "type": "Feature"}, {"geometry": {"coordinates": [-122.73885, 45.558222], "type": "Point"}, "properties": {"speed": 22}, "type": "Feature"}, {"geometry": {"coordinates": [-122.743413, 45.561795], "type": "Point"}, "properties": {"speed": 21}, "type": "Feature"}, {"geometry": {"coordinates": [-122.745188, 45.563218], "type": "Point"}, "properties": {"speed": 21}, "type": "Feature"}, {"geometry": {"coordinates": [-122.752088, 45.567972], "type": "Point"}, "properties": {"speed": 21}, "type": "Feature"}, {"geometry": {"coordinates": [-122.753073, 45.568632], "type": "Point"}, "properties": {"speed": 21}, "type": "Feature"}, {"geometry": {"coordinates": [-122.75565, 45.570797], "type": "Point"}, "properties": {"speed": 21}, "type": "Feature"}, {"geometry": {"coordinates": [-122.756228, 45.571658], "type": "Point"}, "properties": {"speed": 21}, "type": "Feature"}, {"geometry": {"coordinates": [-122.758438, 45.57406], "type": "Point"}, "properties": {"speed": 21}, "type": "Feature"}, {"geometry": {"coordinates": [-122.762855, 45.578302], "type": "Point"}, "properties": {"speed": 13}, "type": "Feature"}, {"geometry": {"coordinates": [-122.765383, 45.580375], "type": "Point"}, "properties": {"speed": 16}, "type": "Feature"}, {"geometry": {"coordinates": [-122.756238, 45.590348], "type": "Point"}, "properties": {"speed": 9}, "type": "Feature"}, {"geometry": {"coordinates": [-122.757755, 45.59185], "type": "Point"}, "properties": {"speed": 10}, "type": "Feature"}, {"geometry": {"coordinates": [-122.757667, 45.59292], "type": "Point"}, "properties": {"speed": 3}, "type": "Feature"}, {"geometry": {"coordinates": [-122.76047, 45.595915], "type": "Point"}, "properties": {"speed": 11}, "type": "Feature"}, {"geometry": {"coordinates": [-122.762902, 45.600625], "type": "Point"}, "properties": {"speed": 14}, "type": "Feature"}, {"geometry": {"coordinates": [-122.762948, 45.602072], "type": "Point"}, "properties": {"speed": 1}, "type": "Feature"}, {"geometry": {"coordinates": [-122.762948, 45.602072], "type": "Point"}, "properties": {"speed": 0}, "type": "Feature"}, {"geometry": {"coordinates": [-122.762948, 45.602072], "type": "Point"}, "properties": {"speed": 0}, "type": "Feature"}, {"geometry": {"coordinates": [-122.762948, 45.602072], "type": "Point"}, "properties": {"speed": 0}, "type": "Feature"}, {"geometry": {"coordinates": [-122.762948, 45.602072], "type": "Point"}, "properties": {"speed": 0}, "type": "Feature"}, {"geometry": {"coordinates": [-122.762948, 45.602072], "type": "Point"}, "properties": {"speed": 0}, "type": "Feature"}, {"geometry": {"coordinates": [-122.762948, 45.602072], "type": "Point"}, "properties": {"speed": 0}, "type": "Feature"}, {"geometry": {"coordinates": [-122.762948, 45.602072], "type": "Point"}, "properties": {"speed": 0}, "type": "Feature"}, {"geometry": {"coordinates": [-122.762948, 45.602072], "type": "Point"}, "properties": {"speed": 0}, "type": "Feature"}, {"geometry": {"coordinates": [-122.762948, 45.602072], "type": "Point"}, "properties": {"speed": 0}, "type": "Feature"}, {"geometry": {"coordinates": [-122.762948, 45.602072], "type": "Point"}, "properties": {"speed": 0}, "type": "Feature"}, {"geometry": {"coordinates": [-122.762948, 45.602072], "type": "Point"}, "properties": {"speed": 0}, "type": "Feature"}, {"geometry": {"coordinates": [-122.64893, 45.499683], "type": "Point"}, "properties": {"speed": 15}, "type": "Feature"}, {"geometry": {"coordinates": [-122.649378, 45.500195], "type": "Point"}, "properties": {"speed": 13}, "type": "Feature"}, {"geometry": {"coordinates": [-122.652978, 45.500902], "type": "Point"}, "properties": {"speed": 13}, "type": "Feature"}, {"geometry": {"coordinates": [-122.653753, 45.501118], "type": "Point"}, "properties": {"speed": 0}, "type": "Feature"}, {"geometry": {"coordinates": [-122.653753, 45.501118], "type": "Point"}, "properties": {"speed": 0}, "type": "Feature"}, {"geometry": {"coordinates": [-122.655902, 45.50154], "type": "Point"}, "properties": {"speed": 14}, "type": "Feature"}, {"geometry": {"coordinates": [-122.659737, 45.501605], "type": "Point"}, "properties": {"speed": 15}, "type": "Feature"}, {"geometry": {"coordinates": [-122.67275, 45.500638], "type": "Point"}, "properties": {"speed": 15}, "type": "Feature"}, {"geometry": {"coordinates": [-122.674455, 45.50053], "type": "Point"}, "properties": {"speed": 12}, "type": "Feature"}, {"geometry": {"coordinates": [-122.677925, 45.503773], "type": "Point"}, "properties": {"speed": 8}, "type": "Feature"}, {"geometry": {"coordinates": [-122.680838, 45.504875], "type": "Point"}, "properties": {"speed": 12}, "type": "Feature"}, {"geometry": {"coordinates": [-122.68153, 45.505542], "type": "Point"}, "properties": {"speed": 4}, "type": "Feature"}, {"geometry": {"coordinates": [-122.681615, 45.505577], "type": "Point"}, "properties": {"speed": 0}, "type": "Feature"}, {"geometry": {"coordinates": [-122.681615, 45.505577], "type": "Point"}, "properties": {"speed": 0}, "type": "Feature"}, {"geometry": {"coordinates": [-122.681645, 45.50559], "type": "Point"}, "properties": {"speed": 1}, "type": "Feature"}, {"geometry": {"coordinates": [-122.684543, 45.508352], "type": "Point"}, "properties": {"speed": 12}, "type": "Feature"}, {"geometry": {"coordinates": [-122.689162, 45.512207], "type": "Point"}, "properties": {"speed": 21}, "type": "Feature"}, {"geometry": {"coordinates": [-122.686637, 45.524773], "type": "Point"}, "properties": {"speed": 20}, "type": "Feature"}, {"geometry": {"coordinates": [-122.686738, 45.526655], "type": "Point"}, "properties": {"speed": 21}, "type": "Feature"}, {"geometry": {"coordinates": [-122.686862, 45.52955], "type": "Point"}, "properties": {"speed": 21}, "type": "Feature"}, {"geometry": {"coordinates": [-122.687398, 45.533437], "type": "Point"}, "properties": {"speed": 21}, "type": "Feature"}, {"geometry": {"coordinates": [-122.690423, 45.535167], "type": "Point"}, "properties": {"speed": 21}, "type": "Feature"}, {"geometry": {"coordinates": [-122.698325, 45.538703], "type": "Point"}, "properties": {"speed": 21}, "type": "Feature"}, {"geometry": {"coordinates": [-122.700692, 45.54261], "type": "Point"}, "properties": {"speed": 18}, "type": "Feature"}, {"geometry": {"coordinates": [-122.656792, 45.503882], "type": "Point"}, "properties": {"speed": 10}, "type": "Feature"}, {"geometry": {"coordinates": [-122.657723, 45.504902], "type": "Point"}, "properties": {"speed": 3}, "type": "Feature"}, {"geometry": {"coordinates": [-122.665022, 45.506282], "type": "Point"}, "properties": {"speed": 9}, "type": "Feature"}, {"geometry": {"coordinates": [-122.668033, 45.504307], "type": "Point"}, "properties": {"speed": 10}, "type": "Feature"}, {"geometry": {"coordinates": [-122.670068, 45.50312], "type": "Point"}, "properties": {"speed": 10}, "type": "Feature"}, {"geometry": {"coordinates": [-122.674668, 45.50569], "type": "Point"}, "properties": {"speed": 12}, "type": "Feature"}, {"geometry": {"coordinates": [-122.675013, 45.50617], "type": "Point"}, "properties": {"speed": 12}, "type": "Feature"}, {"geometry": {"coordinates": [-122.675257, 45.506695], "type": "Point"}, "properties": {"speed": 12}, "type": "Feature"}, {"geometry": {"coordinates": [-122.6784, 45.508028], "type": "Point"}, "properties": {"speed": 7}, "type": "Feature"}, {"geometry": {"coordinates": [-122.681433, 45.507997], "type": "Point"}, "properties": {"speed": 9}, "type": "Feature"}, {"geometry": {"coordinates": [-122.681997, 45.50825], "type": "Point"}, "properties": {"speed": 6}, "type": "Feature"}, {"geometry": {"coordinates": [-122.682005, 45.510053], "type": "Point"}, "properties": {"speed": 0}, "type": "Feature"}, {"geometry": {"coordinates": [-122.682005, 45.510053], "type": "Point"}, "properties": {"speed": 0}, "type": "Feature"}, {"geometry": {"coordinates": [-122.682153, 45.510092], "type": "Point"}, "properties": {"speed": 3}, "type": "Feature"}, {"geometry": {"coordinates": [-122.682577, 45.510195], "type": "Point"}, "properties": {"speed": 7}, "type": "Feature"}, {"geometry": {"coordinates": [-122.68329, 45.510412], "type": "Point"}, "properties": {"speed": 4}, "type": "Feature"}, {"geometry": {"coordinates": [-122.683157, 45.510878], "type": "Point"}, "properties": {"speed": 4}, "type": "Feature"}, {"geometry": {"coordinates": [-122.682497, 45.511977], "type": "Point"}, "properties": {"speed": 8}, "type": "Feature"}, {"geometry": {"coordinates": [-122.680837, 45.514935], "type": "Point"}, "properties": {"speed": 6}, "type": "Feature"}, {"geometry": {"coordinates": [-122.679175, 45.518078], "type": "Point"}, "properties": {"speed": 7}, "type": "Feature"}, {"geometry": {"coordinates": [-122.67842, 45.519402], "type": "Point"}, "properties": {"speed": 7}, "type": "Feature"}, {"geometry": {"coordinates": [-122.677853, 45.5206], "type": "Point"}, "properties": {"speed": 7}, "type": "Feature"}, {"geometry": {"coordinates": [-122.676562, 45.522718], "type": "Point"}, "properties": {"speed": 6}, "type": "Feature"}, {"geometry": {"coordinates": [-122.67644, 45.523578], "type": "Point"}, "properties": {"speed": 1}, "type": "Feature"}, {"geometry": {"coordinates": [-122.676645, 45.527127], "type": "Point"}, "properties": {"speed": 0}, "type": "Feature"}, {"geometry": {"coordinates": [-122.676645, 45.527127], "type": "Point"}, "properties": {"speed": 0}, "type": "Feature"}, {"geometry": {"coordinates": [-122.676645, 45.527127], "type": "Point"}, "properties": {"speed": 0}, "type": "Feature"}, {"geometry": {"coordinates": [-122.676645, 45.52728], "type": "Point"}, "properties": {"speed": 4}, "type": "Feature"}, {"geometry": {"coordinates": [-122.676663, 45.527837], "type": "Point"}, "properties": {"speed": 4}, "type": "Feature"}, {"geometry": {"coordinates": [-122.67501, 45.527523], "type": "Point"}, "properties": {"speed": 1}, "type": "Feature"}, {"geometry": {"coordinates": [-122.675018, 45.52752], "type": "Point"}, "properties": {"speed": 0}, "type": "Feature"}, {"geometry": {"coordinates": [-122.67906, 45.516018], "type": "Point"}, "properties": {"speed": 5}, "type": "Feature"}, {"geometry": {"coordinates": [-122.67962, 45.51489], "type": "Point"}, "properties": {"speed": 4}, "type": "Feature"}, {"geometry": {"coordinates": [-122.679643, 45.514887], "type": "Point"}, "properties": {"speed": 0}, "type": "Feature"}, {"geometry": {"coordinates": [-122.679643, 45.514887], "type": "Point"}, "properties": {"speed": 0}, "type": "Feature"}, {"geometry": {"coordinates": [-122.679643, 45.514887], "type": "Point"}, "properties": {"speed": 0}, "type": "Feature"}, {"geometry": {"coordinates": [-122.67965, 45.514877], "type": "Point"}, "properties": {"speed": 0}, "type": "Feature"}, {"geometry": {"coordinates": [-122.68038, 45.513537], "type": "Point"}, "properties": {"speed": 8}, "type": "Feature"}, {"geometry": {"coordinates": [-122.680598, 45.513153], "type": "Point"}, "properties": {"speed": 9}, "type": "Feature"}, {"geometry": {"coordinates": [-122.680735, 45.51294], "type": "Point"}, "properties": {"speed": 5}, "type": "Feature"}, {"geometry": {"coordinates": [-122.68093, 45.51237], "type": "Point"}, "properties": {"speed": 9}, "type": "Feature"}, {"geometry": {"coordinates": [-122.681593, 45.511208], "type": "Point"}, "properties": {"speed": 9}, "type": "Feature"}, {"geometry": {"coordinates": [-122.681755, 45.51095], "type": "Point"}, "properties": {"speed": 6}, "type": "Feature"}, {"geometry": {"coordinates": [-122.682125, 45.510235], "type": "Point"}, "properties": {"speed": 7}, "type": "Feature"}, {"geometry": {"coordinates": [-122.679502, 45.507862], "type": "Point"}, "properties": {"speed": 10}, "type": "Feature"}, {"geometry": {"coordinates": [-122.678985, 45.507892], "type": "Point"}, "properties": {"speed": 0}, "type": "Feature"}, {"geometry": {"coordinates": [-122.678985, 45.507892], "type": "Point"}, "properties": {"speed": 0}, "type": "Feature"}, {"geometry": {"coordinates": [-122.676895, 45.507963], "type": "Point"}, "properties": {"speed": 9}, "type": "Feature"}, {"geometry": {"coordinates": [-122.67576, 45.507627], "type": "Point"}, "properties": {"speed": 10}, "type": "Feature"}, {"geometry": {"coordinates": [-122.67509, 45.506078], "type": "Point"}, "properties": {"speed": 13}, "type": "Feature"}, {"geometry": {"coordinates": [-122.67381, 45.504527], "type": "Point"}, "properties": {"speed": 13}, "type": "Feature"}, {"geometry": {"coordinates": [-122.672707, 45.502535], "type": "Point"}, "properties": {"speed": 8}, "type": "Feature"}, {"geometry": {"coordinates": [-122.672583, 45.502462], "type": "Point"}, "properties": {"speed": 2}, "type": "Feature"}, {"geometry": {"coordinates": [-122.671155, 45.502757], "type": "Point"}, "properties": {"speed": 8}, "type": "Feature"}, {"geometry": {"coordinates": [-122.670293, 45.502987], "type": "Point"}, "properties": {"speed": 4}, "type": "Feature"}, {"geometry": {"coordinates": [-122.66363, 45.506558], "type": "Point"}, "properties": {"speed": 7}, "type": "Feature"}, {"geometry": {"coordinates": [-122.661127, 45.506528], "type": "Point"}, "properties": {"speed": 3}, "type": "Feature"}, {"geometry": {"coordinates": [-122.658803, 45.50503], "type": "Point"}, "properties": {"speed": 8}, "type": "Feature"}, {"geometry": {"coordinates": [-122.658807, 45.504995], "type": "Point"}, "properties": {"speed": 0}, "type": "Feature"}, {"geometry": {"coordinates": [-122.658807, 45.504995], "type": "Point"}, "properties": {"speed": 0}, "type": "Feature"}, {"geometry": {"coordinates": [-122.653617, 45.500903], "type": "Point"}, "properties": {"speed": 8}, "type": "Feature"}, {"geometry": {"coordinates": [-122.651342, 45.500402], "type": "Point"}, "properties": {"speed": 14}, "type": "Feature"}, {"geometry": {"coordinates": [-122.647393, 45.499748], "type": "Point"}, "properties": {"speed": 17}, "type": "Feature"}, {"geometry": {"coordinates": [-122.643795, 45.499052], "type": "Point"}, "properties": {"speed": 13}, "type": "Feature"}, {"geometry": {"coordinates": [-122.64069, 45.498132], "type": "Point"}, "properties": {"speed": 13}, "type": "Feature"}, {"geometry": {"coordinates": [-122.634325, 45.497], "type": "Point"}, "properties": {"speed": 14}, "type": "Feature"}, {"geometry": {"coordinates": [-122.630243, 45.496722], "type": "Point"}, "properties": {"speed": 12}, "type": "Feature"}, {"geometry": {"coordinates": [-122.622202, 45.497273], "type": "Point"}, "properties": {"speed": 6}, "type": "Feature"}, {"geometry": {"coordinates": [-122.620373, 45.497425], "type": "Point"}, "properties": {"speed": 12}, "type": "Feature"}, {"geometry": {"coordinates": [-122.610727, 45.497437], "type": "Point"}, "properties": {"speed": 9}, "type": "Feature"}, {"geometry": {"coordinates": [-122.609058, 45.497422], "type": "Point"}, "properties": {"speed": 9}, "type": "Feature"}, {"geometry": {"coordinates": [-122.608653, 45.4974], "type": "Point"}, "properties": {"speed": 6}, "type": "Feature"}, {"geometry": {"coordinates": [-122.605872, 45.497418], "type": "Point"}, "properties": {"speed": 13}, "type": "Feature"}, {"geometry": {"coordinates": [-122.605037, 45.497418], "type": "Point"}, "properties": {"speed": 13}, "type": "Feature"}, {"geometry": {"coordinates": [-122.596277, 45.497358], "type": "Point"}, "properties": {"speed": 4}, "type": "Feature"}, {"geometry": {"coordinates": [-122.590753, 45.497372], "type": "Point"}, "properties": {"speed": 14}, "type": "Feature"}, {"geometry": {"coordinates": [-122.587892, 45.497362], "type": "Point"}, "properties": {"speed": 12}, "type": "Feature"}, {"geometry": {"coordinates": [-122.586977, 45.497362], "type": "Point"}, "properties": {"speed": 14}, "type": "Feature"}, {"geometry": {"coordinates": [-122.586013, 45.497358], "type": "Point"}, "properties": {"speed": 15}, "type": "Feature"}, {"geometry": {"coordinates": [-122.58306, 45.497357], "type": "Point"}, "properties": {"speed": 15}, "type": "Feature"}, {"geometry": {"coordinates": [-122.578198, 45.49731], "type": "Point"}, "properties": {"speed": 5}, "type": "Feature"}, {"geometry": {"coordinates": [-122.564657, 45.497163], "type": "Point"}, "properties": {"speed": 13}, "type": "Feature"}, {"geometry": {"coordinates": [-122.559443, 45.495773], "type": "Point"}, "properties": {"speed": 14}, "type": "Feature"}, {"geometry": {"coordinates": [-122.549822, 45.496393], "type": "Point"}, "properties": {"speed": 14}, "type": "Feature"}, {"geometry": {"coordinates": [-122.547255, 45.496585], "type": "Point"}, "properties": {"speed": 13}, "type": "Feature"}, {"geometry": {"coordinates": [-122.546428, 45.496655], "type": "Point"}, "properties": {"speed": 13}, "type": "Feature"}, {"geometry": {"coordinates": [-122.54388, 45.496862], "type": "Point"}, "properties": {"speed": 14}, "type": "Feature"}, {"geometry": {"coordinates": [-122.542065, 45.496922], "type": "Point"}, "properties": {"speed": 14}, "type": "Feature"}, {"geometry": {"coordinates": [-122.54085, 45.496923], "type": "Point"}, "properties": {"speed": 6}, "type": "Feature"}, {"geometry": {"coordinates": [-122.537232, 45.496985], "type": "Point"}, "properties": {"speed": 6}, "type": "Feature"}, {"geometry": {"coordinates": [-122.530313, 45.497323], "type": "Point"}, "properties": {"speed": 14}, "type": "Feature"}, {"geometry": {"coordinates": [-122.523588, 45.497818], "type": "Point"}, "properties": {"speed": 7}, "type": "Feature"}, {"geometry": {"coordinates": [-122.518327, 45.498745], "type": "Point"}, "properties": {"speed": 15}, "type": "Feature"}, {"geometry": {"coordinates": [-122.515235, 45.499208], "type": "Point"}, "properties": {"speed": 16}, "type": "Feature"}, {"geometry": {"coordinates": [-122.511433, 45.498245], "type": "Point"}, "properties": {"speed": 8}, "type": "Feature"}, {"geometry": {"coordinates": [-122.51125, 45.498198], "type": "Point"}, "properties": {"speed": 3}, "type": "Feature"}, {"geometry": {"coordinates": [-122.511233, 45.498193], "type": "Point"}, "properties": {"speed": 0}, "type": "Feature"}, {"geometry": {"coordinates": [-122.506178, 45.496867], "type": "Point"}, "properties": {"speed": 17}, "type": "Feature"}, {"geometry": {"coordinates": [-122.500352, 45.495507], "type": "Point"}, "properties": {"speed": 16}, "type": "Feature"}, {"geometry": {"coordinates": [-122.498383, 45.495105], "type": "Point"}, "properties": {"speed": 16}, "type": "Feature"}, {"geometry": {"coordinates": [-122.497393, 45.494898], "type": "Point"}, "properties": {"speed": 16}, "type": "Feature"}, {"geometry": {"coordinates": [-122.493063, 45.494017], "type": "Point"}, "properties": {"speed": 15}, "type": "Feature"}, {"geometry": {"coordinates": [-122.487067, 45.4927], "type": "Point"}, "properties": {"speed": 3}, "type": "Feature"}, {"geometry": {"coordinates": [-122.482932, 45.491923], "type": "Point"}, "properties": {"speed": 2}, "type": "Feature"}, {"geometry": {"coordinates": [-122.47917, 45.491127], "type": "Point"}, "properties": {"speed": 16}, "type": "Feature"}, {"geometry": {"coordinates": [-122.476563, 45.490587], "type": "Point"}, "properties": {"speed": 12}, "type": "Feature"}, {"geometry": {"coordinates": [-122.475343, 45.490218], "type": "Point"}, "properties": {"speed": 8}, "type": "Feature"}, {"geometry": {"coordinates": [-122.47501, 45.49011], "type": "Point"}, "properties": {"speed": 5}, "type": "Feature"}, {"geometry": {"coordinates": [-122.472898, 45.489603], "type": "Point"}, "properties": {"speed": 15}, "type": "Feature"}, {"geometry": {"coordinates": [-122.46778, 45.490633], "type": "Point"}, "properties": {"speed": 17}, "type": "Feature"}, {"geometry": {"coordinates": [-122.465093, 45.492265], "type": "Point"}, "properties": {"speed": 19}, "type": "Feature"}, {"geometry": {"coordinates": [-122.461053, 45.494708], "type": "Point"}, "properties": {"speed": 14}, "type": "Feature"}, {"geometry": {"coordinates": [-122.45699, 45.496912], "type": "Point"}, "properties": {"speed": 16}, "type": "Feature"}, {"geometry": {"coordinates": [-122.456035, 45.49701], "type": "Point"}, "properties": {"speed": 15}, "type": "Feature"}, {"geometry": {"coordinates": [-122.439315, 45.497067], "type": "Point"}, "properties": {"speed": 16}, "type": "Feature"}, {"geometry": {"coordinates": [-122.437488, 45.497073], "type": "Point"}, "properties": {"speed": 14}, "type": "Feature"}, {"geometry": {"coordinates": [-122.432662, 45.49756], "type": "Point"}, "properties": {"speed": 15}, "type": "Feature"}, {"geometry": {"coordinates": [-122.430902, 45.498313], "type": "Point"}, "properties": {"speed": 7}, "type": "Feature"}, {"geometry": {"coordinates": [-122.430937, 45.498632], "type": "Point"}, "properties": {"speed": 7}, "type": "Feature"}, {"geometry": {"coordinates": [-122.430948, 45.498823], "type": "Point"}, "properties": {"speed": 4}, "type": "Feature"}, {"geometry": {"coordinates": [-122.430958, 45.498868], "type": "Point"}, "properties": {"speed": 1}, "type": "Feature"}, {"geometry": {"coordinates": [-122.430993, 45.499537], "type": "Point"}, "properties": {"speed": 2}, "type": "Feature"}, {"geometry": {"coordinates": [-122.426628, 45.502885], "type": "Point"}, "properties": {"speed": 0}, "type": "Feature"}, {"geometry": {"coordinates": [-122.427922, 45.501005], "type": "Point"}, "properties": {"speed": 2}, "type": "Feature"}, {"geometry": {"coordinates": [-122.42799, 45.499802], "type": "Point"}, "properties": {"speed": 5}, "type": "Feature"}, {"geometry": {"coordinates": [-122.427917, 45.499438], "type": "Point"}, "properties": {"speed": 7}, "type": "Feature"}, {"geometry": {"coordinates": [-122.427795, 45.498048], "type": "Point"}, "properties": {"speed": 3}, "type": "Feature"}, {"geometry": {"coordinates": [-122.429193, 45.498047], "type": "Point"}, "properties": {"speed": 12}, "type": "Feature"}, {"geometry": {"coordinates": [-122.430762, 45.49801], "type": "Point"}, "properties": {"speed": 12}, "type": "Feature"}, {"geometry": {"coordinates": [-122.431528, 45.497902], "type": "Point"}, "properties": {"speed": 12}, "type": "Feature"}, {"geometry": {"coordinates": [-122.432133, 45.497778], "type": "Point"}, "properties": {"speed": 12}, "type": "Feature"}, {"geometry": {"coordinates": [-122.433745, 45.497383], "type": "Point"}, "properties": {"speed": 10}, "type": "Feature"}, {"geometry": {"coordinates": [-122.438212, 45.497198], "type": "Point"}, "properties": {"speed": 6}, "type": "Feature"}, {"geometry": {"coordinates": [-122.44328, 45.497153], "type": "Point"}, "properties": {"speed": 16}, "type": "Feature"}, {"geometry": {"coordinates": [-122.451637, 45.497115], "type": "Point"}, "properties": {"speed": 16}, "type": "Feature"}, {"geometry": {"coordinates": [-122.454713, 45.497103], "type": "Point"}, "properties": {"speed": 3}, "type": "Feature"}, {"geometry": {"coordinates": [-122.454718, 45.497103], "type": "Point"}, "properties": {"speed": 0}, "type": "Feature"}, {"geometry": {"coordinates": [-122.454718, 45.497103], "type": "Point"}, "properties": {"speed": 0}, "type": "Feature"}, {"geometry": {"coordinates": [-122.454718, 45.497103], "type": "Point"}, "properties": {"speed": 0}, "type": "Feature"}, {"geometry": {"coordinates": [-122.454758, 45.497103], "type": "Point"}, "properties": {"speed": 2}, "type": "Feature"}, {"geometry": {"coordinates": [-122.4645, 45.49271], "type": "Point"}, "properties": {"speed": 21}, "type": "Feature"}, {"geometry": {"coordinates": [-122.467057, 45.491185], "type": "Point"}, "properties": {"speed": 17}, "type": "Feature"}, {"geometry": {"coordinates": [-122.473287, 45.48981], "type": "Point"}, "properties": {"speed": 14}, "type": "Feature"}, {"geometry": {"coordinates": [-122.47408, 45.490008], "type": "Point"}, "properties": {"speed": 13}, "type": "Feature"}, {"geometry": {"coordinates": [-122.475672, 45.490477], "type": "Point"}, "properties": {"speed": 14}, "type": "Feature"}, {"geometry": {"coordinates": [-122.48023, 45.491482], "type": "Point"}, "properties": {"speed": 14}, "type": "Feature"}, {"geometry": {"coordinates": [-122.496377, 45.494758], "type": "Point"}, "properties": {"speed": 5}, "type": "Feature"}, {"geometry": {"coordinates": [-122.496865, 45.494865], "type": "Point"}, "properties": {"speed": 7}, "type": "Feature"}, {"geometry": {"coordinates": [-122.502557, 45.496007], "type": "Point"}, "properties": {"speed": 13}, "type": "Feature"}, {"geometry": {"coordinates": [-122.514685, 45.499138], "type": "Point"}, "properties": {"speed": 14}, "type": "Feature"}, {"geometry": {"coordinates": [-122.515555, 45.499242], "type": "Point"}, "properties": {"speed": 11}, "type": "Feature"}, {"geometry": {"coordinates": [-122.520018, 45.498478], "type": "Point"}, "properties": {"speed": 14}, "type": "Feature"}, {"geometry": {"coordinates": [-122.521792, 45.498182], "type": "Point"}, "properties": {"speed": 14}, "type": "Feature"}, {"geometry": {"coordinates": [-122.53474, 45.497215], "type": "Point"}, "properties": {"speed": 14}, "type": "Feature"}, {"geometry": {"coordinates": [-122.537368, 45.4971], "type": "Point"}, "properties": {"speed": 0}, "type": "Feature"}, {"geometry": {"coordinates": [-122.537368, 45.4971], "type": "Point"}, "properties": {"speed": 0}, "type": "Feature"}, {"geometry": {"coordinates": [-122.669767, 45.527418], "type": "Point"}, "properties": {"speed": 8}, "type": "Feature"}, {"geometry": {"coordinates": [-122.67059, 45.527005], "type": "Point"}, "properties": {"speed": 8}, "type": "Feature"}, {"geometry": {"coordinates": [-122.673052, 45.526877], "type": "Point"}, "properties": {"speed": 7}, "type": "Feature"}, {"geometry": {"coordinates": [-122.674667, 45.52666], "type": "Point"}, "properties": {"speed": 4}, "type": "Feature"}, {"geometry": {"coordinates": [-122.675422, 45.526627], "type": "Point"}, "properties": {"speed": 2}, "type": "Feature"}, {"geometry": {"coordinates": [-122.675438, 45.524623], "type": "Point"}, "properties": {"speed": 6}, "type": "Feature"}, {"geometry": {"coordinates": [-122.675442, 45.524243], "type": "Point"}, "properties": {"speed": 7}, "type": "Feature"}, {"geometry": {"coordinates": [-122.675432, 45.523947], "type": "Point"}, "properties": {"speed": 1}, "type": "Feature"}, {"geometry": {"coordinates": [-122.675432, 45.523947], "type": "Point"}, "properties": {"speed": 0}, "type": "Feature"}, {"geometry": {"coordinates": [-122.675432, 45.523947], "type": "Point"}, "properties": {"speed": 0}, "type": "Feature"}, {"geometry": {"coordinates": [-122.675472, 45.523412], "type": "Point"}, "properties": {"speed": 6}, "type": "Feature"}, {"geometry": {"coordinates": [-122.675617, 45.522622], "type": "Point"}, "properties": {"speed": 7}, "type": "Feature"}, {"geometry": {"coordinates": [-122.675765, 45.522367], "type": "Point"}, "properties": {"speed": 6}, "type": "Feature"}, {"geometry": {"coordinates": [-122.675952, 45.521855], "type": "Point"}, "properties": {"speed": 1}, "type": "Feature"}, {"geometry": {"coordinates": [-122.67625, 45.521318], "type": "Point"}, "properties": {"speed": 7}, "type": "Feature"}, {"geometry": {"coordinates": [-122.677238, 45.519675], "type": "Point"}, "properties": {"speed": 3}, "type": "Feature"}, {"geometry": {"coordinates": [-122.677952, 45.51828], "type": "Point"}, "properties": {"speed": 1}, "type": "Feature"}, {"geometry": {"coordinates": [-122.679017, 45.51649], "type": "Point"}, "properties": {"speed": 7}, "type": "Feature"}, {"geometry": {"coordinates": [-122.679103, 45.516357], "type": "Point"}, "properties": {"speed": 3}, "type": "Feature"}, {"geometry": {"coordinates": [-122.67972, 45.515128], "type": "Point"}, "properties": {"speed": 0}, "type": "Feature"}, {"geometry": {"coordinates": [-122.67972, 45.515128], "type": "Point"}, "properties": {"speed": 0}, "type": "Feature"}, {"geometry": {"coordinates": [-122.67972, 45.515128], "type": "Point"}, "properties": {"speed": 1}, "type": "Feature"}, {"geometry": {"coordinates": [-122.680077, 45.514442], "type": "Point"}, "properties": {"speed": 7}, "type": "Feature"}, {"geometry": {"coordinates": [-122.680268, 45.514113], "type": "Point"}, "properties": {"speed": 8}, "type": "Feature"}, {"geometry": {"coordinates": [-122.680473, 45.513817], "type": "Point"}, "properties": {"speed": 7}, "type": "Feature"}, {"geometry": {"coordinates": [-122.681703, 45.511267], "type": "Point"}, "properties": {"speed": 7}, "type": "Feature"}, {"geometry": {"coordinates": [-122.679988, 45.478428], "type": "Point"}, "properties": {"speed": 19}, "type": "Feature"}, {"geometry": {"coordinates": [-122.67951, 45.475252], "type": "Point"}, "properties": {"speed": 17}, "type": "Feature"}, {"geometry": {"coordinates": [-122.68072, 45.471588], "type": "Point"}, "properties": {"speed": 13}, "type": "Feature"}, {"geometry": {"coordinates": [-122.685162, 45.471122], "type": "Point"}, "properties": {"speed": 1}, "type": "Feature"}, {"geometry": {"coordinates": [-122.686818, 45.471128], "type": "Point"}, "properties": {"speed": 13}, "type": "Feature"}, {"geometry": {"coordinates": [-122.688512, 45.470852], "type": "Point"}, "properties": {"speed": 13}, "type": "Feature"}, {"geometry": {"coordinates": [-122.689582, 45.47045], "type": "Point"}, "properties": {"speed": 6}, "type": "Feature"}, {"geometry": {"coordinates": [-122.690505, 45.469885], "type": "Point"}, "properties": {"speed": 11}, "type": "Feature"}, {"geometry": {"coordinates": [-122.693898, 45.467957], "type": "Point"}, "properties": {"speed": 15}, "type": "Feature"}, {"geometry": {"coordinates": [-122.697273, 45.466005], "type": "Point"}, "properties": {"speed": 0}, "type": "Feature"}, {"geometry": {"coordinates": [-122.697273, 45.466005], "type": "Point"}, "properties": {"speed": 0}, "type": "Feature"}, {"geometry": {"coordinates": [-122.697273, 45.466005], "type": "Point"}, "properties": {"speed": 0}, "type": "Feature"}, {"geometry": {"coordinates": [-122.697282, 45.466], "type": "Point"}, "properties": {"speed": 1}, "type": "Feature"}, {"geometry": {"coordinates": [-122.700352, 45.46423], "type": "Point"}, "properties": {"speed": 12}, "type": "Feature"}, {"geometry": {"coordinates": [-122.701225, 45.463775], "type": "Point"}, "properties": {"speed": 4}, "type": "Feature"}, {"geometry": {"coordinates": [-122.701278, 45.463748], "type": "Point"}, "properties": {"speed": 1}, "type": "Feature"}, {"geometry": {"coordinates": [-122.703087, 45.462655], "type": "Point"}, "properties": {"speed": 11}, "type": "Feature"}, {"geometry": {"coordinates": [-122.70649, 45.460702], "type": "Point"}, "properties": {"speed": 14}, "type": "Feature"}, {"geometry": {"coordinates": [-122.707443, 45.460153], "type": "Point"}, "properties": {"speed": 7}, "type": "Feature"}, {"geometry": {"coordinates": [-122.70751, 45.460112], "type": "Point"}, "properties": {"speed": 0}, "type": "Feature"}, {"geometry": {"coordinates": [-122.709982, 45.458683], "type": "Point"}, "properties": {"speed": 13}, "type": "Feature"}, {"geometry": {"coordinates": [-122.714943, 45.45607], "type": "Point"}, "properties": {"speed": 17}, "type": "Feature"}, {"geometry": {"coordinates": [-122.717935, 45.454458], "type": "Point"}, "properties": {"speed": 2}, "type": "Feature"}, {"geometry": {"coordinates": [-122.717608, 45.454963], "type": "Point"}, "properties": {"speed": 3}, "type": "Feature"}, {"geometry": {"coordinates": [-122.726497, 45.451507], "type": "Point"}, "properties": {"speed": 13}, "type": "Feature"}, {"geometry": {"coordinates": [-122.730272, 45.446447], "type": "Point"}, "properties": {"speed": 14}, "type": "Feature"}, {"geometry": {"coordinates": [-122.733788, 45.445022], "type": "Point"}, "properties": {"speed": 16}, "type": "Feature"}, {"geometry": {"coordinates": [-122.735853, 45.444587], "type": "Point"}, "properties": {"speed": 17}, "type": "Feature"}, {"geometry": {"coordinates": [-122.740822, 45.443407], "type": "Point"}, "properties": {"speed": 16}, "type": "Feature"}, {"geometry": {"coordinates": [-122.742165, 45.443217], "type": "Point"}, "properties": {"speed": 7}, "type": "Feature"}, {"geometry": {"coordinates": [-122.750895, 45.440243], "type": "Point"}, "properties": {"speed": 13}, "type": "Feature"}, {"geometry": {"coordinates": [-122.753257, 45.439042], "type": "Point"}, "properties": {"speed": 9}, "type": "Feature"}, {"geometry": {"coordinates": [-122.756732, 45.43731], "type": "Point"}, "properties": {"speed": 2}, "type": "Feature"}, {"geometry": {"coordinates": [-122.76009, 45.435872], "type": "Point"}, "properties": {"speed": 12}, "type": "Feature"}, {"geometry": {"coordinates": [-122.760777, 45.43561], "type": "Point"}, "properties": {"speed": 12}, "type": "Feature"}, {"geometry": {"coordinates": [-122.766415, 45.433493], "type": "Point"}, "properties": {"speed": 11}, "type": "Feature"}, {"geometry": {"coordinates": [-122.756295, 45.591575], "type": "Point"}, "properties": {"speed": 8}, "type": "Feature"}, {"geometry": {"coordinates": [-122.757178, 45.5925], "type": "Point"}, "properties": {"speed": 8}, "type": "Feature"}, {"geometry": {"coordinates": [-122.757495, 45.59283], "type": "Point"}, "properties": {"speed": 9}, "type": "Feature"}, {"geometry": {"coordinates": [-122.757893, 45.593235], "type": "Point"}, "properties": {"speed": 11}, "type": "Feature"}, {"geometry": {"coordinates": [-122.761108, 45.597785], "type": "Point"}, "properties": {"speed": 13}, "type": "Feature"}, {"geometry": {"coordinates": [-122.761798, 45.598875], "type": "Point"}, "properties": {"speed": 13}, "type": "Feature"}, {"geometry": {"coordinates": [-122.762125, 45.599418], "type": "Point"}, "properties": {"speed": 13}, "type": "Feature"}, {"geometry": {"coordinates": [-122.76282, 45.602062], "type": "Point"}, "properties": {"speed": 5}, "type": "Feature"}, {"geometry": {"coordinates": [-122.76245, 45.60215], "type": "Point"}, "properties": {"speed": 0}, "type": "Feature"}, {"geometry": {"coordinates": [-122.547343, 45.496648], "type": "Point"}, "properties": {"speed": 13}, "type": "Feature"}, {"geometry": {"coordinates": [-122.548167, 45.496585], "type": "Point"}, "properties": {"speed": 13}, "type": "Feature"}, {"geometry": {"coordinates": [-122.549, 45.496517], "type": "Point"}, "properties": {"speed": 13}, "type": "Feature"}, {"geometry": {"coordinates": [-122.558572, 45.495767], "type": "Point"}, "properties": {"speed": 14}, "type": "Feature"}, {"geometry": {"coordinates": [-122.563523, 45.496987], "type": "Point"}, "properties": {"speed": 10}, "type": "Feature"}, {"geometry": {"coordinates": [-122.569097, 45.497483], "type": "Point"}, "properties": {"speed": 2}, "type": "Feature"}, {"geometry": {"coordinates": [-122.576133, 45.497468], "type": "Point"}, "properties": {"speed": 11}, "type": "Feature"}, {"geometry": {"coordinates": [-122.578595, 45.497477], "type": "Point"}, "properties": {"speed": 7}, "type": "Feature"}, {"geometry": {"coordinates": [-122.578997, 45.497507], "type": "Point"}, "properties": {"speed": 6}, "type": "Feature"}, {"geometry": {"coordinates": [-122.589738, 45.49749], "type": "Point"}, "properties": {"speed": 13}, "type": "Feature"}, {"geometry": {"coordinates": [-122.590585, 45.49749], "type": "Point"}, "properties": {"speed": 13}, "type": "Feature"}, {"geometry": {"coordinates": [-122.593017, 45.497493], "type": "Point"}, "properties": {"speed": 12}, "type": "Feature"}, {"geometry": {"coordinates": [-122.603092, 45.497538], "type": "Point"}, "properties": {"speed": 11}, "type": "Feature"}, {"geometry": {"coordinates": [-122.603802, 45.497538], "type": "Point"}, "properties": {"speed": 11}, "type": "Feature"}, {"geometry": {"coordinates": [-122.604513, 45.497542], "type": "Point"}, "properties": {"speed": 11}, "type": "Feature"}, {"geometry": {"coordinates": [-122.606527, 45.497543], "type": "Point"}, "properties": {"speed": 10}, "type": "Feature"}, {"geometry": {"coordinates": [-122.608702, 45.497547], "type": "Point"}, "properties": {"speed": 7}, "type": "Feature"}, {"geometry": {"coordinates": [-122.611108, 45.497568], "type": "Point"}, "properties": {"speed": 4}, "type": "Feature"}, {"geometry": {"coordinates": [-122.612338, 45.497605], "type": "Point"}, "properties": {"speed": 11}, "type": "Feature"}, {"geometry": {"coordinates": [-122.619672, 45.497583], "type": "Point"}, "properties": {"speed": 13}, "type": "Feature"}, {"geometry": {"coordinates": [-122.62051, 45.49754], "type": "Point"}, "properties": {"speed": 13}, "type": "Feature"}, {"geometry": {"coordinates": [-122.624488, 45.497245], "type": "Point"}, "properties": {"speed": 12}, "type": "Feature"}, {"geometry": {"coordinates": [-122.631057, 45.496853], "type": "Point"}, "properties": {"speed": 13}, "type": "Feature"}, {"geometry": {"coordinates": [-122.682912, 45.508925], "type": "Point"}, "properties": {"speed": 2}, "type": "Feature"}, {"geometry": {"coordinates": [-122.683155, 45.506012], "type": "Point"}, "properties": {"speed": 0}, "type": "Feature"}, {"geometry": {"coordinates": [-122.683155, 45.506012], "type": "Point"}, "properties": {"speed": 0}, "type": "Feature"}, {"geometry": {"coordinates": [-122.683155, 45.506012], "type": "Point"}, "properties": {"speed": 0}, "type": "Feature"}, {"geometry": {"coordinates": [-122.683168, 45.506002], "type": "Point"}, "properties": {"speed": 2}, "type": "Feature"}, {"geometry": {"coordinates": [-122.680358, 45.499677], "type": "Point"}, "properties": {"speed": 15}, "type": "Feature"}, {"geometry": {"coordinates": [-122.680008, 45.499045], "type": "Point"}, "properties": {"speed": 15}, "type": "Feature"}, {"geometry": {"coordinates": [-122.677202, 45.494435], "type": "Point"}, "properties": {"speed": 17}, "type": "Feature"}, {"geometry": {"coordinates": [-122.677502, 45.491718], "type": "Point"}, "properties": {"speed": 13}, "type": "Feature"}, {"geometry": {"coordinates": [-122.680935, 45.483903], "type": "Point"}, "properties": {"speed": 19}, "type": "Feature"}, {"geometry": {"coordinates": [-122.680635, 45.483072], "type": "Point"}, "properties": {"speed": 19}, "type": "Feature"}, {"geometry": {"coordinates": [-122.680358, 45.480348], "type": "Point"}, "properties": {"speed": 8}, "type": "Feature"}, {"geometry": {"coordinates": [-122.681458, 45.480113], "type": "Point"}, "properties": {"speed": 9}, "type": "Feature"}, {"geometry": {"coordinates": [-122.687147, 45.480267], "type": "Point"}, "properties": {"speed": 7}, "type": "Feature"}, {"geometry": {"coordinates": [-122.689637, 45.480252], "type": "Point"}, "properties": {"speed": 13}, "type": "Feature"}, {"geometry": {"coordinates": [-122.691267, 45.47967], "type": "Point"}, "properties": {"speed": 14}, "type": "Feature"}, {"geometry": {"coordinates": [-122.696933, 45.478102], "type": "Point"}, "properties": {"speed": 2}, "type": "Feature"}, {"geometry": {"coordinates": [-122.696938, 45.478103], "type": "Point"}, "properties": {"speed": 0}, "type": "Feature"}, {"geometry": {"coordinates": [-122.697787, 45.477933], "type": "Point"}, "properties": {"speed": 10}, "type": "Feature"}, {"geometry": {"coordinates": [-122.699683, 45.477678], "type": "Point"}, "properties": {"speed": 2}, "type": "Feature"}, {"geometry": {"coordinates": [-122.701555, 45.476892], "type": "Point"}, "properties": {"speed": 10}, "type": "Feature"}, {"geometry": {"coordinates": [-122.703463, 45.47609], "type": "Point"}, "properties": {"speed": 11}, "type": "Feature"}, {"geometry": {"coordinates": [-122.70628, 45.476095], "type": "Point"}, "properties": {"speed": 7}, "type": "Feature"}, {"geometry": {"coordinates": [-122.707772, 45.474675], "type": "Point"}, "properties": {"speed": 12}, "type": "Feature"}, {"geometry": {"coordinates": [-122.707732, 45.471862], "type": "Point"}, "properties": {"speed": 12}, "type": "Feature"}, {"geometry": {"coordinates": [-122.70774, 45.471112], "type": "Point"}, "properties": {"speed": 6}, "type": "Feature"}, {"geometry": {"coordinates": [-122.707762, 45.470123], "type": "Point"}, "properties": {"speed": 7}, "type": "Feature"}, {"geometry": {"coordinates": [-122.709242, 45.468843], "type": "Point"}, "properties": {"speed": 7}, "type": "Feature"}, {"geometry": {"coordinates": [-122.710098, 45.46863], "type": "Point"}, "properties": {"speed": 7}, "type": "Feature"}, {"geometry": {"coordinates": [-122.712233, 45.468333], "type": "Point"}, "properties": {"speed": 6}, "type": "Feature"}, {"geometry": {"coordinates": [-122.712657, 45.46823], "type": "Point"}, "properties": {"speed": 0}, "type": "Feature"}, {"geometry": {"coordinates": [-122.712657, 45.46823], "type": "Point"}, "properties": {"speed": 0}, "type": "Feature"}, {"geometry": {"coordinates": [-122.712928, 45.468242], "type": "Point"}, "properties": {"speed": 4}, "type": "Feature"}, {"geometry": {"coordinates": [-122.715672, 45.467303], "type": "Point"}, "properties": {"speed": 9}, "type": "Feature"}, {"geometry": {"coordinates": [-122.717683, 45.46696], "type": "Point"}, "properties": {"speed": 7}, "type": "Feature"}, {"geometry": {"coordinates": [-122.718098, 45.466838], "type": "Point"}, "properties": {"speed": 5}, "type": "Feature"}, {"geometry": {"coordinates": [-122.72201, 45.466053], "type": "Point"}, "properties": {"speed": 10}, "type": "Feature"}, {"geometry": {"coordinates": [-122.722963, 45.46559], "type": "Point"}, "properties": {"speed": 2}, "type": "Feature"}, {"geometry": {"coordinates": [-122.722963, 45.46559], "type": "Point"}, "properties": {"speed": 1}, "type": "Feature"}, {"geometry": {"coordinates": [-122.723207, 45.465387], "type": "Point"}, "properties": {"speed": 4}, "type": "Feature"}, {"geometry": {"coordinates": [-122.723468, 45.46234], "type": "Point"}, "properties": {"speed": 10}, "type": "Feature"}, {"geometry": {"coordinates": [-122.72395, 45.46198], "type": "Point"}, "properties": {"speed": 11}, "type": "Feature"}, {"geometry": {"coordinates": [-122.725932, 45.460067], "type": "Point"}, "properties": {"speed": 13}, "type": "Feature"}, {"geometry": {"coordinates": [-122.726437, 45.456312], "type": "Point"}, "properties": {"speed": 12}, "type": "Feature"}, {"geometry": {"coordinates": [-122.724725, 45.454567], "type": "Point"}, "properties": {"speed": 11}, "type": "Feature"}, {"geometry": {"coordinates": [-122.720802, 45.454482], "type": "Point"}, "properties": {"speed": 9}, "type": "Feature"}, {"geometry": {"coordinates": [-122.720657, 45.454243], "type": "Point"}, "properties": {"speed": 4}, "type": "Feature"}, {"geometry": {"coordinates": [-122.72089, 45.453993], "type": "Point"}, "properties": {"speed": 2}, "type": "Feature"}, {"geometry": {"coordinates": [-122.721978, 45.45238], "type": "Point"}, "properties": {"speed": 12}, "type": "Feature"}, {"geometry": {"coordinates": [-122.727183, 45.443413], "type": "Point"}, "properties": {"speed": 15}, "type": "Feature"}, {"geometry": {"coordinates": [-122.727192, 45.440235], "type": "Point"}, "properties": {"speed": 10}, "type": "Feature"}, {"geometry": {"coordinates": [-122.636393, 45.497607], "type": "Point"}, "properties": {"speed": 11}, "type": "Feature"}, {"geometry": {"coordinates": [-122.644025, 45.49925], "type": "Point"}, "properties": {"speed": 9}, "type": "Feature"}, {"geometry": {"coordinates": [-122.656625, 45.50163], "type": "Point"}, "properties": {"speed": 8}, "type": "Feature"}, {"geometry": {"coordinates": [-122.65684, 45.501978], "type": "Point"}, "properties": {"speed": 0}, "type": "Feature"}, {"geometry": {"coordinates": [-122.65684, 45.501978], "type": "Point"}, "properties": {"speed": 0}, "type": "Feature"}, {"geometry": {"coordinates": [-122.656832, 45.502108], "type": "Point"}, "properties": {"speed": 3}, "type": "Feature"}, {"geometry": {"coordinates": [-122.76323, 45.601313], "type": "Point"}, "properties": {"speed": 8}, "type": "Feature"}, {"geometry": {"coordinates": [-122.762942, 45.600815], "type": "Point"}, "properties": {"speed": 10}, "type": "Feature"}, {"geometry": {"coordinates": [-122.761832, 45.598895], "type": "Point"}, "properties": {"speed": 11}, "type": "Feature"}, {"geometry": {"coordinates": [-122.76104, 45.597582], "type": "Point"}, "properties": {"speed": 4}, "type": "Feature"}, {"geometry": {"coordinates": [-122.758715, 45.594092], "type": "Point"}, "properties": {"speed": 7}, "type": "Feature"}, {"geometry": {"coordinates": [-122.756658, 45.591987], "type": "Point"}, "properties": {"speed": 8}, "type": "Feature"}, {"geometry": {"coordinates": [-122.756128, 45.591443], "type": "Point"}, "properties": {"speed": 7}, "type": "Feature"}, {"geometry": {"coordinates": [-122.755038, 45.590315], "type": "Point"}, "properties": {"speed": 5}, "type": "Feature"}, {"geometry": {"coordinates": [-122.754753, 45.59014], "type": "Point"}, "properties": {"speed": 2}, "type": "Feature"}, {"geometry": {"coordinates": [-122.752563, 45.589465], "type": "Point"}, "properties": {"speed": 7}, "type": "Feature"}, {"geometry": {"coordinates": [-122.751263, 45.588613], "type": "Point"}, "properties": {"speed": 5}, "type": "Feature"}, {"geometry": {"coordinates": [-122.752702, 45.586533], "type": "Point"}, "properties": {"speed": 2}, "type": "Feature"}, {"geometry": {"coordinates": [-122.752727, 45.586445], "type": "Point"}, "properties": {"speed": 2}, "type": "Feature"}, {"geometry": {"coordinates": [-122.751423, 45.585975], "type": "Point"}, "properties": {"speed": 8}, "type": "Feature"}, {"geometry": {"coordinates": [-122.748752, 45.585155], "type": "Point"}, "properties": {"speed": 9}, "type": "Feature"}, {"geometry": {"coordinates": [-122.742312, 45.582337], "type": "Point"}, "properties": {"speed": 2}, "type": "Feature"}, {"geometry": {"coordinates": [-122.7404, 45.582058], "type": "Point"}, "properties": {"speed": 10}, "type": "Feature"}, {"geometry": {"coordinates": [-122.73966, 45.581368], "type": "Point"}, "properties": {"speed": 0}, "type": "Feature"}, {"geometry": {"coordinates": [-122.730073, 45.576458], "type": "Point"}, "properties": {"speed": 15}, "type": "Feature"}, {"geometry": {"coordinates": [-122.724403, 45.574345], "type": "Point"}, "properties": {"speed": 11}, "type": "Feature"}, {"geometry": {"coordinates": [-122.7231, 45.573895], "type": "Point"}, "properties": {"speed": 12}, "type": "Feature"}, {"geometry": {"coordinates": [-122.721137, 45.573525], "type": "Point"}, "properties": {"speed": 9}, "type": "Feature"}, {"geometry": {"coordinates": [-122.720592, 45.57376], "type": "Point"}, "properties": {"speed": 11}, "type": "Feature"}, {"geometry": {"coordinates": [-122.715975, 45.575002], "type": "Point"}, "properties": {"speed": 13}, "type": "Feature"}, {"geometry": {"coordinates": [-122.705015, 45.574198], "type": "Point"}, "properties": {"speed": 13}, "type": "Feature"}, {"geometry": {"coordinates": [-122.699578, 45.56984], "type": "Point"}, "properties": {"speed": 7}, "type": "Feature"}, {"geometry": {"coordinates": [-122.698883, 45.569833], "type": "Point"}, "properties": {"speed": 11}, "type": "Feature"}, {"geometry": {"coordinates": [-122.693697, 45.569887], "type": "Point"}, "properties": {"speed": 10}, "type": "Feature"}, {"geometry": {"coordinates": [-122.692293, 45.569897], "type": "Point"}, "properties": {"speed": 11}, "type": "Feature"}, {"geometry": {"coordinates": [-122.68926, 45.5699], "type": "Point"}, "properties": {"speed": 12}, "type": "Feature"}, {"geometry": {"coordinates": [-122.68788, 45.569905], "type": "Point"}, "properties": {"speed": 9}, "type": "Feature"}, {"geometry": {"coordinates": [-122.680592, 45.569903], "type": "Point"}, "properties": {"speed": 7}, "type": "Feature"}, {"geometry": {"coordinates": [-122.67312, 45.569915], "type": "Point"}, "properties": {"speed": 12}, "type": "Feature"}, {"geometry": {"coordinates": [-122.672348, 45.569918], "type": "Point"}, "properties": {"speed": 12}, "type": "Feature"}, {"geometry": {"coordinates": [-122.668868, 45.566903], "type": "Point"}, "properties": {"speed": 8}, "type": "Feature"}, {"geometry": {"coordinates": [-122.66886, 45.565167], "type": "Point"}, "properties": {"speed": 11}, "type": "Feature"}, {"geometry": {"coordinates": [-122.668848, 45.564692], "type": "Point"}, "properties": {"speed": 10}, "type": "Feature"}, {"geometry": {"coordinates": [-122.668812, 45.563343], "type": "Point"}, "properties": {"speed": 10}, "type": "Feature"}, {"geometry": {"coordinates": [-122.668833, 45.562647], "type": "Point"}, "properties": {"speed": 6}, "type": "Feature"}, {"geometry": {"coordinates": [-122.66825, 45.558095], "type": "Point"}, "properties": {"speed": 8}, "type": "Feature"}, {"geometry": {"coordinates": [-122.667973, 45.55103], "type": "Point"}, "properties": {"speed": 11}, "type": "Feature"}, {"geometry": {"coordinates": [-122.66796, 45.548697], "type": "Point"}, "properties": {"speed": 1}, "type": "Feature"}, {"geometry": {"coordinates": [-122.668218, 45.5439], "type": "Point"}, "properties": {"speed": 4}, "type": "Feature"}, {"geometry": {"coordinates": [-122.667703, 45.539907], "type": "Point"}, "properties": {"speed": 7}, "type": "Feature"}, {"geometry": {"coordinates": [-122.667782, 45.535437], "type": "Point"}, "properties": {"speed": 8}, "type": "Feature"}, {"geometry": {"coordinates": [-122.667833, 45.534948], "type": "Point"}, "properties": {"speed": 6}, "type": "Feature"}, {"geometry": {"coordinates": [-122.665878, 45.531353], "type": "Point"}, "properties": {"speed": 10}, "type": "Feature"}, {"geometry": {"coordinates": [-122.665883, 45.530568], "type": "Point"}, "properties": {"speed": 6}, "type": "Feature"}, {"geometry": {"coordinates": [-122.666947, 45.52956], "type": "Point"}, "properties": {"speed": 6}, "type": "Feature"}, {"geometry": {"coordinates": [-122.667065, 45.529293], "type": "Point"}, "properties": {"speed": 3}, "type": "Feature"}, {"geometry": {"coordinates": [-122.667468, 45.528522], "type": "Point"}, "properties": {"speed": 10}, "type": "Feature"}, {"geometry": {"coordinates": [-122.563313, 45.466453], "type": "Point"}, "properties": {"speed": 10}, "type": "Feature"}, {"geometry": {"coordinates": [-122.562698, 45.466318], "type": "Point"}, "properties": {"speed": 10}, "type": "Feature"}, {"geometry": {"coordinates": [-122.559653, 45.465705], "type": "Point"}, "properties": {"speed": 11}, "type": "Feature"}, {"geometry": {"coordinates": [-122.557738, 45.465082], "type": "Point"}, "properties": {"speed": 11}, "type": "Feature"}, {"geometry": {"coordinates": [-122.55723, 45.464742], "type": "Point"}, "properties": {"speed": 11}, "type": "Feature"}, {"geometry": {"coordinates": [-122.551428, 45.464687], "type": "Point"}, "properties": {"speed": 11}, "type": "Feature"}, {"geometry": {"coordinates": [-122.550723, 45.464698], "type": "Point"}, "properties": {"speed": 11}, "type": "Feature"}, {"geometry": {"coordinates": [-122.550018, 45.46471], "type": "Point"}, "properties": {"speed": 11}, "type": "Feature"}, {"geometry": {"coordinates": [-122.549322, 45.464707], "type": "Point"}, "properties": {"speed": 11}, "type": "Feature"}, {"geometry": {"coordinates": [-122.557763, 45.465133], "type": "Point"}, "properties": {"speed": 11}, "type": "Feature"}, {"geometry": {"coordinates": [-122.559003, 45.465595], "type": "Point"}, "properties": {"speed": 11}, "type": "Feature"}, {"geometry": {"coordinates": [-122.563742, 45.46671], "type": "Point"}, "properties": {"speed": 13}, "type": "Feature"}, {"geometry": {"coordinates": [-122.564358, 45.467652], "type": "Point"}, "properties": {"speed": 9}, "type": "Feature"}, {"geometry": {"coordinates": [-122.56539, 45.468328], "type": "Point"}, "properties": {"speed": 11}, "type": "Feature"}, {"geometry": {"coordinates": [-122.56727, 45.468337], "type": "Point"}, "properties": {"speed": 11}, "type": "Feature"}, {"geometry": {"coordinates": [-122.567835, 45.468357], "type": "Point"}, "properties": {"speed": 7}, "type": "Feature"}, {"geometry": {"coordinates": [-122.568342, 45.468398], "type": "Point"}, "properties": {"speed": 0}, "type": "Feature"}, {"geometry": {"coordinates": [-122.568343, 45.4684], "type": "Point"}, "properties": {"speed": 0}, "type": "Feature"}, {"geometry": {"coordinates": [-122.570305, 45.468465], "type": "Point"}, "properties": {"speed": 10}, "type": "Feature"}, {"geometry": {"coordinates": [-122.577713, 45.468677], "type": "Point"}, "properties": {"speed": 8}, "type": "Feature"}, {"geometry": {"coordinates": [-122.579008, 45.47111], "type": "Point"}, "properties": {"speed": 6}, "type": "Feature"}, {"geometry": {"coordinates": [-122.57901, 45.473557], "type": "Point"}, "properties": {"speed": 11}, "type": "Feature"}, {"geometry": {"coordinates": [-122.579087, 45.475448], "type": "Point"}, "properties": {"speed": 9}, "type": "Feature"}, {"geometry": {"coordinates": [-122.579093, 45.47577], "type": "Point"}, "properties": {"speed": 0}, "type": "Feature"}, {"geometry": {"coordinates": [-122.579093, 45.475772], "type": "Point"}, "properties": {"speed": 0}, "type": "Feature"}, {"geometry": {"coordinates": [-122.579875, 45.475907], "type": "Point"}, "properties": {"speed": 7}, "type": "Feature"}, {"geometry": {"coordinates": [-122.580405, 45.475892], "type": "Point"}, "properties": {"speed": 8}, "type": "Feature"}, {"geometry": {"coordinates": [-122.582567, 45.475888], "type": "Point"}, "properties": {"speed": 8}, "type": "Feature"}, {"geometry": {"coordinates": [-122.58295, 45.47589], "type": "Point"}, "properties": {"speed": 6}, "type": "Feature"}, {"geometry": {"coordinates": [-122.587698, 45.475887], "type": "Point"}, "properties": {"speed": 8}, "type": "Feature"}, {"geometry": {"coordinates": [-122.589398, 45.475893], "type": "Point"}, "properties": {"speed": 9}, "type": "Feature"}, {"geometry": {"coordinates": [-122.591305, 45.47588], "type": "Point"}, "properties": {"speed": 10}, "type": "Feature"}, {"geometry": {"coordinates": [-122.591952, 45.475877], "type": "Point"}, "properties": {"speed": 10}, "type": "Feature"}, {"geometry": {"coordinates": [-122.592597, 45.475872], "type": "Point"}, "properties": {"speed": 10}, "type": "Feature"}, {"geometry": {"coordinates": [-122.597808, 45.475838], "type": "Point"}, "properties": {"speed": 10}, "type": "Feature"}, {"geometry": {"coordinates": [-122.598463, 45.475837], "type": "Point"}, "properties": {"speed": 10}, "type": "Feature"}, {"geometry": {"coordinates": [-122.608365, 45.475848], "type": "Point"}, "properties": {"speed": 7}, "type": "Feature"}, {"geometry": {"coordinates": [-122.60855, 45.475847], "type": "Point"}, "properties": {"speed": 3}, "type": "Feature"}, {"geometry": {"coordinates": [-122.608773, 45.479028], "type": "Point"}, "properties": {"speed": 3}, "type": "Feature"}, {"geometry": {"coordinates": [-122.615053, 45.479198], "type": "Point"}, "properties": {"speed": 8}, "type": "Feature"}, {"geometry": {"coordinates": [-122.616728, 45.479203], "type": "Point"}, "properties": {"speed": 9}, "type": "Feature"}, {"geometry": {"coordinates": [-122.618475, 45.47921], "type": "Point"}, "properties": {"speed": 9}, "type": "Feature"}, {"geometry": {"coordinates": [-122.622337, 45.479217], "type": "Point"}, "properties": {"speed": 7}, "type": "Feature"}, {"geometry": {"coordinates": [-122.625847, 45.479245], "type": "Point"}, "properties": {"speed": 5}, "type": "Feature"}, {"geometry": {"coordinates": [-122.628983, 45.479197], "type": "Point"}, "properties": {"speed": 8}, "type": "Feature"}, {"geometry": {"coordinates": [-122.630388, 45.479208], "type": "Point"}, "properties": {"speed": 2}, "type": "Feature"}, {"geometry": {"coordinates": [-122.633517, 45.478947], "type": "Point"}, "properties": {"speed": 9}, "type": "Feature"}, {"geometry": {"coordinates": [-122.634817, 45.47593], "type": "Point"}, "properties": {"speed": 11}, "type": "Feature"}, {"geometry": {"coordinates": [-122.635128, 45.474472], "type": "Point"}, "properties": {"speed": 10}, "type": "Feature"}, {"geometry": {"coordinates": [-122.639265, 45.474287], "type": "Point"}, "properties": {"speed": 13}, "type": "Feature"}, {"geometry": {"coordinates": [-122.641768, 45.474848], "type": "Point"}, "properties": {"speed": 6}, "type": "Feature"}, {"geometry": {"coordinates": [-122.642423, 45.475307], "type": "Point"}, "properties": {"speed": 7}, "type": "Feature"}, {"geometry": {"coordinates": [-122.642455, 45.475712], "type": "Point"}, "properties": {"speed": 9}, "type": "Feature"}, {"geometry": {"coordinates": [-122.64259, 45.476888], "type": "Point"}, "properties": {"speed": 8}, "type": "Feature"}, {"geometry": {"coordinates": [-122.641467, 45.477717], "type": "Point"}, "properties": {"speed": 3}, "type": "Feature"}, {"geometry": {"coordinates": [-122.641072, 45.47506], "type": "Point"}, "properties": {"speed": 5}, "type": "Feature"}, {"geometry": {"coordinates": [-122.644612, 45.473943], "type": "Point"}, "properties": {"speed": 10}, "type": "Feature"}, {"geometry": {"coordinates": [-122.647522, 45.473777], "type": "Point"}, "properties": {"speed": 0}, "type": "Feature"}, {"geometry": {"coordinates": [-122.647525, 45.473777], "type": "Point"}, "properties": {"speed": 0}, "type": "Feature"}, {"geometry": {"coordinates": [-122.648152, 45.473743], "type": "Point"}, "properties": {"speed": 6}, "type": "Feature"}, {"geometry": {"coordinates": [-122.64889, 45.474868], "type": "Point"}, "properties": {"speed": 8}, "type": "Feature"}, {"geometry": {"coordinates": [-122.649107, 45.476777], "type": "Point"}, "properties": {"speed": 9}, "type": "Feature"}, {"geometry": {"coordinates": [-122.649158, 45.477183], "type": "Point"}, "properties": {"speed": 9}, "type": "Feature"}, {"geometry": {"coordinates": [-122.649637, 45.482725], "type": "Point"}, "properties": {"speed": 10}, "type": "Feature"}, {"geometry": {"coordinates": [-122.649615, 45.483642], "type": "Point"}, "properties": {"speed": 10}, "type": "Feature"}, {"geometry": {"coordinates": [-122.649595, 45.484933], "type": "Point"}, "properties": {"speed": 9}, "type": "Feature"}, {"geometry": {"coordinates": [-122.649605, 45.485342], "type": "Point"}, "properties": {"speed": 9}, "type": "Feature"}, {"geometry": {"coordinates": [-122.649753, 45.485743], "type": "Point"}, "properties": {"speed": 9}, "type": "Feature"}, {"geometry": {"coordinates": [-122.650258, 45.487013], "type": "Point"}, "properties": {"speed": 10}, "type": "Feature"}, {"geometry": {"coordinates": [-122.650502, 45.48774], "type": "Point"}, "properties": {"speed": 7}, "type": "Feature"}, {"geometry": {"coordinates": [-122.650845, 45.489003], "type": "Point"}, "properties": {"speed": 8}, "type": "Feature"}, {"geometry": {"coordinates": [-122.650937, 45.489368], "type": "Point"}, "properties": {"speed": 8}, "type": "Feature"}, {"geometry": {"coordinates": [-122.652023, 45.492207], "type": "Point"}, "properties": {"speed": 9}, "type": "Feature"}, {"geometry": {"coordinates": [-122.654193, 45.4994], "type": "Point"}, "properties": {"speed": 9}, "type": "Feature"}, {"geometry": {"coordinates": [-122.655712, 45.501518], "type": "Point"}, "properties": {"speed": 9}, "type": "Feature"}, {"geometry": {"coordinates": [-122.66747, 45.501035], "type": "Point"}, "properties": {"speed": 15}, "type": "Feature"}, {"geometry": {"coordinates": [-122.668442, 45.500958], "type": "Point"}, "properties": {"speed": 15}, "type": "Feature"}, {"geometry": {"coordinates": [-122.678635, 45.505588], "type": "Point"}, "properties": {"speed": 9}, "type": "Feature"}, {"geometry": {"coordinates": [-122.681705, 45.509078], "type": "Point"}, "properties": {"speed": 7}, "type": "Feature"}, {"geometry": {"coordinates": [-122.681557, 45.509327], "type": "Point"}, "properties": {"speed": 6}, "type": "Feature"}, {"geometry": {"coordinates": [-122.68172, 45.509943], "type": "Point"}, "properties": {"speed": 2}, "type": "Feature"}, {"geometry": {"coordinates": [-122.682905, 45.510237], "type": "Point"}, "properties": {"speed": 5}, "type": "Feature"}, {"geometry": {"coordinates": [-122.683095, 45.510287], "type": "Point"}, "properties": {"speed": 3}, "type": "Feature"}, {"geometry": {"coordinates": [-122.680417, 45.515703], "type": "Point"}, "properties": {"speed": 9}, "type": "Feature"}, {"geometry": {"coordinates": [-122.67999, 45.516525], "type": "Point"}, "properties": {"speed": 10}, "type": "Feature"}, {"geometry": {"coordinates": [-122.679755, 45.516952], "type": "Point"}, "properties": {"speed": 3}, "type": "Feature"}, {"geometry": {"coordinates": [-122.67905, 45.51827], "type": "Point"}, "properties": {"speed": 8}, "type": "Feature"}, {"geometry": {"coordinates": [-122.678682, 45.518948], "type": "Point"}, "properties": {"speed": 8}, "type": "Feature"}, {"geometry": {"coordinates": [-122.678502, 45.519287], "type": "Point"}, "properties": {"speed": 8}, "type": "Feature"}, {"geometry": {"coordinates": [-122.677928, 45.520332], "type": "Point"}, "properties": {"speed": 8}, "type": "Feature"}, {"geometry": {"coordinates": [-122.677623, 45.520812], "type": "Point"}, "properties": {"speed": 4}, "type": "Feature"}, {"geometry": {"coordinates": [-122.677172, 45.52181], "type": "Point"}, "properties": {"speed": 7}, "type": "Feature"}, {"geometry": {"coordinates": [-122.677255, 45.522862], "type": "Point"}, "properties": {"speed": 2}, "type": "Feature"}, {"geometry": {"coordinates": [-122.675323, 45.522933], "type": "Point"}, "properties": {"speed": 7}, "type": "Feature"}, {"geometry": {"coordinates": [-122.673557, 45.522978], "type": "Point"}, "properties": {"speed": 10}, "type": "Feature"}, {"geometry": {"coordinates": [-122.670935, 45.522995], "type": "Point"}, "properties": {"speed": 11}, "type": "Feature"}, {"geometry": {"coordinates": [-122.662705, 45.522908], "type": "Point"}, "properties": {"speed": 10}, "type": "Feature"}, {"geometry": {"coordinates": [-122.660468, 45.522927], "type": "Point"}, "properties": {"speed": 8}, "type": "Feature"}, {"geometry": {"coordinates": [-122.65924, 45.522927], "type": "Point"}, "properties": {"speed": 5}, "type": "Feature"}, {"geometry": {"coordinates": [-122.657773, 45.522918], "type": "Point"}, "properties": {"speed": 3}, "type": "Feature"}, {"geometry": {"coordinates": [-122.657048, 45.522927], "type": "Point"}, "properties": {"speed": 6}, "type": "Feature"}, {"geometry": {"coordinates": [-122.656278, 45.522922], "type": "Point"}, "properties": {"speed": 6}, "type": "Feature"}, {"geometry": {"coordinates": [-122.652142, 45.52289], "type": "Point"}, "properties": {"speed": 8}, "type": "Feature"}, {"geometry": {"coordinates": [-122.651622, 45.522888], "type": "Point"}, "properties": {"speed": 8}, "type": "Feature"}, {"geometry": {"coordinates": [-122.650567, 45.522903], "type": "Point"}, "properties": {"speed": 8}, "type": "Feature"}, {"geometry": {"coordinates": [-122.650113, 45.522898], "type": "Point"}, "properties": {"speed": 7}, "type": "Feature"}, {"geometry": {"coordinates": [-122.649505, 45.523848], "type": "Point"}, "properties": {"speed": 5}, "type": "Feature"}, {"geometry": {"coordinates": [-122.649493, 45.524093], "type": "Point"}, "properties": {"speed": 2}, "type": "Feature"}, {"geometry": {"coordinates": [-122.649493, 45.524103], "type": "Point"}, "properties": {"speed": 0}, "type": "Feature"}, {"geometry": {"coordinates": [-122.64666, 45.525442], "type": "Point"}, "properties": {"speed": 6}, "type": "Feature"}, {"geometry": {"coordinates": [-122.646538, 45.525487], "type": "Point"}, "properties": {"speed": 0}, "type": "Feature"}, {"geometry": {"coordinates": [-122.646538, 45.525487], "type": "Point"}, "properties": {"speed": 0}, "type": "Feature"}, {"geometry": {"coordinates": [-122.646523, 45.525493], "type": "Point"}, "properties": {"speed": 1}, "type": "Feature"}, {"geometry": {"coordinates": [-122.646302, 45.525573], "type": "Point"}, "properties": {"speed": 4}, "type": "Feature"}, {"geometry": {"coordinates": [-122.646075, 45.525657], "type": "Point"}, "properties": {"speed": 4}, "type": "Feature"}, {"geometry": {"coordinates": [-122.640522, 45.526457], "type": "Point"}, "properties": {"speed": 9}, "type": "Feature"}, {"geometry": {"coordinates": [-122.639338, 45.526452], "type": "Point"}, "properties": {"speed": 9}, "type": "Feature"}, {"geometry": {"coordinates": [-122.63621, 45.526452], "type": "Point"}, "properties": {"speed": 9}, "type": "Feature"}, {"geometry": {"coordinates": [-122.635573, 45.526452], "type": "Point"}, "properties": {"speed": 10}, "type": "Feature"}, {"geometry": {"coordinates": [-122.633657, 45.526448], "type": "Point"}, "properties": {"speed": 10}, "type": "Feature"}, {"geometry": {"coordinates": [-122.622185, 45.52648], "type": "Point"}, "properties": {"speed": 9}, "type": "Feature"}, {"geometry": {"coordinates": [-122.613703, 45.52653], "type": "Point"}, "properties": {"speed": 9}, "type": "Feature"}, {"geometry": {"coordinates": [-122.603238, 45.526495], "type": "Point"}, "properties": {"speed": 10}, "type": "Feature"}, {"geometry": {"coordinates": [-122.587008, 45.526437], "type": "Point"}, "properties": {"speed": 2}, "type": "Feature"}, {"geometry": {"coordinates": [-122.586267, 45.526435], "type": "Point"}, "properties": {"speed": 8}, "type": "Feature"}, {"geometry": {"coordinates": [-122.600685, 45.366548], "type": "Point"}, "properties": {"speed": 0}, "type": "Feature"}, {"geometry": {"coordinates": [-122.600685, 45.366548], "type": "Point"}, "properties": {"speed": 0}, "type": "Feature"}, {"geometry": {"coordinates": [-122.599735, 45.366697], "type": "Point"}, "properties": {"speed": 10}, "type": "Feature"}, {"geometry": {"coordinates": [-122.599985, 45.365827], "type": "Point"}, "properties": {"speed": 13}, "type": "Feature"}, {"geometry": {"coordinates": [-122.60291, 45.36498], "type": "Point"}, "properties": {"speed": 18}, "type": "Feature"}, {"geometry": {"coordinates": [-122.606273, 45.364032], "type": "Point"}, "properties": {"speed": 24}, "type": "Feature"}, {"geometry": {"coordinates": [-122.609692, 45.363448], "type": "Point"}, "properties": {"speed": 7}, "type": "Feature"}, {"geometry": {"coordinates": [-122.615563, 45.367185], "type": "Point"}, "properties": {"speed": 15}, "type": "Feature"}, {"geometry": {"coordinates": [-122.621907, 45.370442], "type": "Point"}, "properties": {"speed": 15}, "type": "Feature"}, {"geometry": {"coordinates": [-122.627988, 45.373105], "type": "Point"}, "properties": {"speed": 16}, "type": "Feature"}, {"geometry": {"coordinates": [-122.628767, 45.373572], "type": "Point"}, "properties": {"speed": 16}, "type": "Feature"}, {"geometry": {"coordinates": [-122.63043, 45.374668], "type": "Point"}, "properties": {"speed": 18}, "type": "Feature"}, {"geometry": {"coordinates": [-122.632427, 45.376252], "type": "Point"}, "properties": {"speed": 14}, "type": "Feature"}, {"geometry": {"coordinates": [-122.634258, 45.377848], "type": "Point"}, "properties": {"speed": 16}, "type": "Feature"}, {"geometry": {"coordinates": [-122.635637, 45.379037], "type": "Point"}, "properties": {"speed": 17}, "type": "Feature"}, {"geometry": {"coordinates": [-122.63737, 45.381697], "type": "Point"}, "properties": {"speed": 17}, "type": "Feature"}, {"geometry": {"coordinates": [-122.691292, 45.517115], "type": "Point"}, "properties": {"speed": 0}, "type": "Feature"}, {"geometry": {"coordinates": [-122.682498, 45.514772], "type": "Point"}, "properties": {"speed": 5}, "type": "Feature"}, {"geometry": {"coordinates": [-122.679057, 45.51392], "type": "Point"}, "properties": {"speed": 3}, "type": "Feature"}, {"geometry": {"coordinates": [-122.67878, 45.514237], "type": "Point"}, "properties": {"speed": 5}, "type": "Feature"}, {"geometry": {"coordinates": [-122.67874, 45.514318], "type": "Point"}, "properties": {"speed": 1}, "type": "Feature"}, {"geometry": {"coordinates": [-122.678192, 45.515075], "type": "Point"}, "properties": {"speed": 3}, "type": "Feature"}, {"geometry": {"coordinates": [-122.677343, 45.514825], "type": "Point"}, "properties": {"speed": 5}, "type": "Feature"}, {"geometry": {"coordinates": [-122.676985, 45.514722], "type": "Point"}, "properties": {"speed": 6}, "type": "Feature"}, {"geometry": {"coordinates": [-122.676638, 45.514618], "type": "Point"}, "properties": {"speed": 6}, "type": "Feature"}, {"geometry": {"coordinates": [-122.668125, 45.512397], "type": "Point"}, "properties": {"speed": 13}, "type": "Feature"}, {"geometry": {"coordinates": [-122.660997, 45.512288], "type": "Point"}, "properties": {"speed": 1}, "type": "Feature"}, {"geometry": {"coordinates": [-122.660673, 45.512617], "type": "Point"}, "properties": {"speed": 5}, "type": "Feature"}, {"geometry": {"coordinates": [-122.660702, 45.513123], "type": "Point"}, "properties": {"speed": 6}, "type": "Feature"}, {"geometry": {"coordinates": [-122.660748, 45.515385], "type": "Point"}, "properties": {"speed": 7}, "type": "Feature"}, {"geometry": {"coordinates": [-122.660707, 45.516433], "type": "Point"}, "properties": {"speed": 8}, "type": "Feature"}, {"geometry": {"coordinates": [-122.660723, 45.517632], "type": "Point"}, "properties": {"speed": 10}, "type": "Feature"}, {"geometry": {"coordinates": [-122.660725, 45.518087], "type": "Point"}, "properties": {"speed": 10}, "type": "Feature"}, {"geometry": {"coordinates": [-122.660727, 45.524605], "type": "Point"}, "properties": {"speed": 10}, "type": "Feature"}, {"geometry": {"coordinates": [-122.660658, 45.52856], "type": "Point"}, "properties": {"speed": 11}, "type": "Feature"}, {"geometry": {"coordinates": [-122.660632, 45.53172], "type": "Point"}, "properties": {"speed": 6}, "type": "Feature"}, {"geometry": {"coordinates": [-122.660615, 45.532905], "type": "Point"}, "properties": {"speed": 10}, "type": "Feature"}, {"geometry": {"coordinates": [-122.660612, 45.534155], "type": "Point"}, "properties": {"speed": 6}, "type": "Feature"}, {"geometry": {"coordinates": [-122.66061, 45.534917], "type": "Point"}, "properties": {"speed": 5}, "type": "Feature"}, {"geometry": {"coordinates": [-122.660603, 45.535375], "type": "Point"}, "properties": {"speed": 3}, "type": "Feature"}, {"geometry": {"coordinates": [-122.661542, 45.540053], "type": "Point"}, "properties": {"speed": 8}, "type": "Feature"}, {"geometry": {"coordinates": [-122.66152, 45.542987], "type": "Point"}, "properties": {"speed": 11}, "type": "Feature"}, {"geometry": {"coordinates": [-122.661558, 45.544452], "type": "Point"}, "properties": {"speed": 0}, "type": "Feature"}, {"geometry": {"coordinates": [-122.661558, 45.544452], "type": "Point"}, "properties": {"speed": 0}, "type": "Feature"}, {"geometry": {"coordinates": [-122.661562, 45.54446], "type": "Point"}, "properties": {"speed": 2}, "type": "Feature"}, {"geometry": {"coordinates": [-122.661533, 45.5476], "type": "Point"}, "properties": {"speed": 8}, "type": "Feature"}, {"geometry": {"coordinates": [-122.661515, 45.54791], "type": "Point"}, "properties": {"speed": 0}, "type": "Feature"}, {"geometry": {"coordinates": [-122.661515, 45.54791], "type": "Point"}, "properties": {"speed": 0}, "type": "Feature"}, {"geometry": {"coordinates": [-122.66152, 45.548228], "type": "Point"}, "properties": {"speed": 5}, "type": "Feature"}, {"geometry": {"coordinates": [-122.661528, 45.55021], "type": "Point"}, "properties": {"speed": 11}, "type": "Feature"}, {"geometry": {"coordinates": [-122.661438, 45.558998], "type": "Point"}, "properties": {"speed": 0}, "type": "Feature"}, {"geometry": {"coordinates": [-122.661438, 45.558998], "type": "Point"}, "properties": {"speed": 0}, "type": "Feature"}, {"geometry": {"coordinates": [-122.661373, 45.562455], "type": "Point"}, "properties": {"speed": 7}, "type": "Feature"}, {"geometry": {"coordinates": [-122.661367, 45.562592], "type": "Point"}, "properties": {"speed": 0}, "type": "Feature"}, {"geometry": {"coordinates": [-122.661338, 45.565977], "type": "Point"}, "properties": {"speed": 10}, "type": "Feature"}, {"geometry": {"coordinates": [-122.661267, 45.576878], "type": "Point"}, "properties": {"speed": 1}, "type": "Feature"}, {"geometry": {"coordinates": [-122.661295, 45.579308], "type": "Point"}, "properties": {"speed": 14}, "type": "Feature"}, {"geometry": {"coordinates": [-122.661273, 45.580335], "type": "Point"}, "properties": {"speed": 10}, "type": "Feature"}, {"geometry": {"coordinates": [-122.661237, 45.581143], "type": "Point"}, "properties": {"speed": 9}, "type": "Feature"}, {"geometry": {"coordinates": [-122.663755, 45.585953], "type": "Point"}, "properties": {"speed": 21}, "type": "Feature"}, {"geometry": {"coordinates": [-122.666012, 45.589875], "type": "Point"}, "properties": {"speed": 18}, "type": "Feature"}, {"geometry": {"coordinates": [-122.683022, 45.510353], "type": "Point"}, "properties": {"speed": 4}, "type": "Feature"}, {"geometry": {"coordinates": [-122.648225, 45.495928], "type": "Point"}, "properties": {"speed": 12}, "type": "Feature"}, {"geometry": {"coordinates": [-122.650458, 45.500438], "type": "Point"}, "properties": {"speed": 10}, "type": "Feature"}, {"geometry": {"coordinates": [-122.653057, 45.500957], "type": "Point"}, "properties": {"speed": 10}, "type": "Feature"}, {"geometry": {"coordinates": [-122.654052, 45.501227], "type": "Point"}, "properties": {"speed": 0}, "type": "Feature"}, {"geometry": {"coordinates": [-122.654052, 45.501227], "type": "Point"}, "properties": {"speed": 0}, "type": "Feature"}, {"geometry": {"coordinates": [-122.654052, 45.501227], "type": "Point"}, "properties": {"speed": 0}, "type": "Feature"}, {"geometry": {"coordinates": [-122.656782, 45.501682], "type": "Point"}, "properties": {"speed": 5}, "type": "Feature"}, {"geometry": {"coordinates": [-122.65876, 45.504985], "type": "Point"}, "properties": {"speed": 4}, "type": "Feature"}, {"geometry": {"coordinates": [-122.66317, 45.50655], "type": "Point"}, "properties": {"speed": 4}, "type": "Feature"}, {"geometry": {"coordinates": [-122.666243, 45.505438], "type": "Point"}, "properties": {"speed": 11}, "type": "Feature"}, {"geometry": {"coordinates": [-122.666762, 45.505102], "type": "Point"}, "properties": {"speed": 11}, "type": "Feature"}, {"geometry": {"coordinates": [-122.667238, 45.5048], "type": "Point"}, "properties": {"speed": 10}, "type": "Feature"}, {"geometry": {"coordinates": [-122.669197, 45.50353], "type": "Point"}, "properties": {"speed": 11}, "type": "Feature"}, {"geometry": {"coordinates": [-122.670307, 45.503035], "type": "Point"}, "properties": {"speed": 10}, "type": "Feature"}, {"geometry": {"coordinates": [-122.671335, 45.502733], "type": "Point"}, "properties": {"speed": 8}, "type": "Feature"}, {"geometry": {"coordinates": [-122.671692, 45.502632], "type": "Point"}, "properties": {"speed": 6}, "type": "Feature"}, {"geometry": {"coordinates": [-122.673522, 45.504107], "type": "Point"}, "properties": {"speed": 11}, "type": "Feature"}, {"geometry": {"coordinates": [-122.674072, 45.505042], "type": "Point"}, "properties": {"speed": 11}, "type": "Feature"}, {"geometry": {"coordinates": [-122.674433, 45.505473], "type": "Point"}, "properties": {"speed": 11}, "type": "Feature"}, {"geometry": {"coordinates": [-122.67605, 45.507908], "type": "Point"}, "properties": {"speed": 9}, "type": "Feature"}, {"geometry": {"coordinates": [-122.677057, 45.508013], "type": "Point"}, "properties": {"speed": 7}, "type": "Feature"}, {"geometry": {"coordinates": [-122.67959, 45.507987], "type": "Point"}, "properties": {"speed": 8}, "type": "Feature"}, {"geometry": {"coordinates": [-122.680158, 45.507978], "type": "Point"}, "properties": {"speed": 9}, "type": "Feature"}, {"geometry": {"coordinates": [-122.584702, 45.526432], "type": "Point"}, "properties": {"speed": 8}, "type": "Feature"}, {"geometry": {"coordinates": [-122.583673, 45.526422], "type": "Point"}, "properties": {"speed": 8}, "type": "Feature"}, {"geometry": {"coordinates": [-122.579853, 45.526392], "type": "Point"}, "properties": {"speed": 8}, "type": "Feature"}, {"geometry": {"coordinates": [-122.579443, 45.526388], "type": "Point"}, "properties": {"speed": 6}, "type": "Feature"}, {"geometry": {"coordinates": [-122.571172, 45.526328], "type": "Point"}, "properties": {"speed": 14}, "type": "Feature"}, {"geometry": {"coordinates": [-122.566915, 45.526323], "type": "Point"}, "properties": {"speed": 1}, "type": "Feature"}, {"geometry": {"coordinates": [-122.56262, 45.526305], "type": "Point"}, "properties": {"speed": 7}, "type": "Feature"}, {"geometry": {"coordinates": [-122.562438, 45.526305], "type": "Point"}, "properties": {"speed": 0}, "type": "Feature"}, {"geometry": {"coordinates": [-122.561923, 45.527517], "type": "Point"}, "properties": {"speed": 9}, "type": "Feature"}, {"geometry": {"coordinates": [-122.56191, 45.529348], "type": "Point"}, "properties": {"speed": 3}, "type": "Feature"}, {"geometry": {"coordinates": [-122.563825, 45.530637], "type": "Point"}, "properties": {"speed": 2}, "type": "Feature"}, {"geometry": {"coordinates": [-122.641348, 45.571978], "type": "Point"}, "properties": {"speed": 3}, "type": "Feature"}, {"geometry": {"coordinates": [-122.641343, 45.57193], "type": "Point"}, "properties": {"speed": 1}, "type": "Feature"}, {"geometry": {"coordinates": [-122.63848, 45.571858], "type": "Point"}, "properties": {"speed": 8}, "type": "Feature"}, {"geometry": {"coordinates": [-122.638203, 45.57183], "type": "Point"}, "properties": {"speed": 5}, "type": "Feature"}, {"geometry": {"coordinates": [-122.63816, 45.570935], "type": "Point"}, "properties": {"speed": 8}, "type": "Feature"}, {"geometry": {"coordinates": [-122.63817, 45.568093], "type": "Point"}, "properties": {"speed": 5}, "type": "Feature"}, {"geometry": {"coordinates": [-122.63816, 45.567318], "type": "Point"}, "properties": {"speed": 11}, "type": "Feature"}, {"geometry": {"coordinates": [-122.63817, 45.564502], "type": "Point"}, "properties": {"speed": 4}, "type": "Feature"}, {"geometry": {"coordinates": [-122.637883, 45.560768], "type": "Point"}, "properties": {"speed": 10}, "type": "Feature"}, {"geometry": {"coordinates": [-122.637925, 45.55671], "type": "Point"}, "properties": {"speed": 9}, "type": "Feature"}, {"geometry": {"coordinates": [-122.63795, 45.555372], "type": "Point"}, "properties": {"speed": 1}, "type": "Feature"}, {"geometry": {"coordinates": [-122.637933, 45.554998], "type": "Point"}, "properties": {"speed": 7}, "type": "Feature"}, {"geometry": {"coordinates": [-122.63795, 45.554408], "type": "Point"}, "properties": {"speed": 5}, "type": "Feature"}, {"geometry": {"coordinates": [-122.635912, 45.552085], "type": "Point"}, "properties": {"speed": 10}, "type": "Feature"}, {"geometry": {"coordinates": [-122.635935, 45.550683], "type": "Point"}, "properties": {"speed": 10}, "type": "Feature"}, {"geometry": {"coordinates": [-122.635938, 45.550423], "type": "Point"}, "properties": {"speed": 5}, "type": "Feature"}, {"geometry": {"coordinates": [-122.635923, 45.550017], "type": "Point"}, "properties": {"speed": 2}, "type": "Feature"}, {"geometry": {"coordinates": [-122.638787, 45.549877], "type": "Point"}, "properties": {"speed": 4}, "type": "Feature"}, {"geometry": {"coordinates": [-122.64071, 45.549442], "type": "Point"}, "properties": {"speed": 6}, "type": "Feature"}, {"geometry": {"coordinates": [-122.641162, 45.549093], "type": "Point"}, "properties": {"speed": 7}, "type": "Feature"}, {"geometry": {"coordinates": [-122.64116, 45.548513], "type": "Point"}, "properties": {"speed": 6}, "type": "Feature"}, {"geometry": {"coordinates": [-122.641148, 45.548078], "type": "Point"}, "properties": {"speed": 6}, "type": "Feature"}, {"geometry": {"coordinates": [-122.64114, 45.547722], "type": "Point"}, "properties": {"speed": 8}, "type": "Feature"}, {"geometry": {"coordinates": [-122.641138, 45.547358], "type": "Point"}, "properties": {"speed": 8}, "type": "Feature"}, {"geometry": {"coordinates": [-122.641142, 45.54549], "type": "Point"}, "properties": {"speed": 7}, "type": "Feature"}, {"geometry": {"coordinates": [-122.641152, 45.543778], "type": "Point"}, "properties": {"speed": 8}, "type": "Feature"}, {"geometry": {"coordinates": [-122.64115, 45.543035], "type": "Point"}, "properties": {"speed": 8}, "type": "Feature"}, {"geometry": {"coordinates": [-122.641198, 45.540535], "type": "Point"}, "properties": {"speed": 5}, "type": "Feature"}, {"geometry": {"coordinates": [-122.641177, 45.539562], "type": "Point"}, "properties": {"speed": 8}, "type": "Feature"}, {"geometry": {"coordinates": [-122.641168, 45.53836], "type": "Point"}, "properties": {"speed": 7}, "type": "Feature"}, {"geometry": {"coordinates": [-122.641197, 45.536312], "type": "Point"}, "properties": {"speed": 9}, "type": "Feature"}, {"geometry": {"coordinates": [-122.641205, 45.535312], "type": "Point"}, "properties": {"speed": 5}, "type": "Feature"}, {"geometry": {"coordinates": [-122.641292, 45.535138], "type": "Point"}, "properties": {"speed": 4}, "type": "Feature"}, {"geometry": {"coordinates": [-122.643077, 45.535032], "type": "Point"}, "properties": {"speed": 6}, "type": "Feature"}, {"geometry": {"coordinates": [-122.645587, 45.535042], "type": "Point"}, "properties": {"speed": 7}, "type": "Feature"}, {"geometry": {"coordinates": [-122.650108, 45.535032], "type": "Point"}, "properties": {"speed": 8}, "type": "Feature"}, {"geometry": {"coordinates": [-122.651122, 45.535033], "type": "Point"}, "properties": {"speed": 8}, "type": "Feature"}, {"geometry": {"coordinates": [-122.652607, 45.535038], "type": "Point"}, "properties": {"speed": 8}, "type": "Feature"}, {"geometry": {"coordinates": [-122.655597, 45.53505], "type": "Point"}, "properties": {"speed": 8}, "type": "Feature"}, {"geometry": {"coordinates": [-122.661525, 45.535108], "type": "Point"}, "properties": {"speed": 9}, "type": "Feature"}, {"geometry": {"coordinates": [-122.665277, 45.535077], "type": "Point"}, "properties": {"speed": 6}, "type": "Feature"}, {"geometry": {"coordinates": [-122.667075, 45.535132], "type": "Point"}, "properties": {"speed": 8}, "type": "Feature"}, {"geometry": {"coordinates": [-122.669385, 45.534625], "type": "Point"}, "properties": {"speed": 8}, "type": "Feature"}, {"geometry": {"coordinates": [-122.669832, 45.534368], "type": "Point"}, "properties": {"speed": 9}, "type": "Feature"}, {"geometry": {"coordinates": [-122.670853, 45.533765], "type": "Point"}, "properties": {"speed": 11}, "type": "Feature"}, {"geometry": {"coordinates": [-122.67205, 45.53309], "type": "Point"}, "properties": {"speed": 12}, "type": "Feature"}, {"geometry": {"coordinates": [-122.674743, 45.531543], "type": "Point"}, "properties": {"speed": 13}, "type": "Feature"}, {"geometry": {"coordinates": [-122.675398, 45.531178], "type": "Point"}, "properties": {"speed": 13}, "type": "Feature"}, {"geometry": {"coordinates": [-122.677688, 45.529397], "type": "Point"}, "properties": {"speed": 8}, "type": "Feature"}, {"geometry": {"coordinates": [-122.677645, 45.528577], "type": "Point"}, "properties": {"speed": 9}, "type": "Feature"}, {"geometry": {"coordinates": [-122.677617, 45.528248], "type": "Point"}, "properties": {"speed": 7}, "type": "Feature"}, {"geometry": {"coordinates": [-122.677057, 45.527968], "type": "Point"}, "properties": {"speed": 3}, "type": "Feature"}, {"geometry": {"coordinates": [-122.675787, 45.52804], "type": "Point"}, "properties": {"speed": 7}, "type": "Feature"}, {"geometry": {"coordinates": [-122.675527, 45.527777], "type": "Point"}, "properties": {"speed": 4}, "type": "Feature"}, {"geometry": {"coordinates": [-122.675522, 45.527637], "type": "Point"}, "properties": {"speed": 3}, "type": "Feature"}, {"geometry": {"coordinates": [-122.675493, 45.523967], "type": "Point"}, "properties": {"speed": 5}, "type": "Feature"}, {"geometry": {"coordinates": [-122.675497, 45.523923], "type": "Point"}, "properties": {"speed": 0}, "type": "Feature"}, {"geometry": {"coordinates": [-122.675937, 45.52187], "type": "Point"}, "properties": {"speed": 8}, "type": "Feature"}, {"geometry": {"coordinates": [-122.676293, 45.521328], "type": "Point"}, "properties": {"speed": 5}, "type": "Feature"}, {"geometry": {"coordinates": [-122.676862, 45.520132], "type": "Point"}, "properties": {"speed": 7}, "type": "Feature"}, {"geometry": {"coordinates": [-122.677555, 45.518902], "type": "Point"}, "properties": {"speed": 6}, "type": "Feature"}, {"geometry": {"coordinates": [-122.677903, 45.518245], "type": "Point"}, "properties": {"speed": 0}, "type": "Feature"}, {"geometry": {"coordinates": [-122.677903, 45.518245], "type": "Point"}, "properties": {"speed": 0}, "type": "Feature"}, {"geometry": {"coordinates": [-122.67823, 45.517742], "type": "Point"}, "properties": {"speed": 7}, "type": "Feature"}, {"geometry": {"coordinates": [-122.678295, 45.517627], "type": "Point"}, "properties": {"speed": 3}, "type": "Feature"}, {"geometry": {"coordinates": [-122.68134, 45.511892], "type": "Point"}, "properties": {"speed": 8}, "type": "Feature"}, {"geometry": {"coordinates": [-122.683038, 45.508133], "type": "Point"}, "properties": {"speed": 6}, "type": "Feature"}, {"geometry": {"coordinates": [-122.679278, 45.507855], "type": "Point"}, "properties": {"speed": 6}, "type": "Feature"}, {"geometry": {"coordinates": [-122.676732, 45.507933], "type": "Point"}, "properties": {"speed": 8}, "type": "Feature"}, {"geometry": {"coordinates": [-122.674318, 45.50519], "type": "Point"}, "properties": {"speed": 8}, "type": "Feature"}, {"geometry": {"coordinates": [-122.672623, 45.50246], "type": "Point"}, "properties": {"speed": 0}, "type": "Feature"}, {"geometry": {"coordinates": [-122.672623, 45.50246], "type": "Point"}, "properties": {"speed": 0}, "type": "Feature"}, {"geometry": {"coordinates": [-122.672623, 45.50246], "type": "Point"}, "properties": {"speed": 0}, "type": "Feature"}, {"geometry": {"coordinates": [-122.67103, 45.502787], "type": "Point"}, "properties": {"speed": 6}, "type": "Feature"}, {"geometry": {"coordinates": [-122.665723, 45.505782], "type": "Point"}, "properties": {"speed": 10}, "type": "Feature"}, {"geometry": {"coordinates": [-122.663682, 45.506548], "type": "Point"}, "properties": {"speed": 6}, "type": "Feature"}, {"geometry": {"coordinates": [-122.66356, 45.506545], "type": "Point"}, "properties": {"speed": 0}, "type": "Feature"}, {"geometry": {"coordinates": [-122.66356, 45.506545], "type": "Point"}, "properties": {"speed": 0}, "type": "Feature"}, {"geometry": {"coordinates": [-122.66356, 45.506545], "type": "Point"}, "properties": {"speed": 0}, "type": "Feature"}, {"geometry": {"coordinates": [-122.658768, 45.505703], "type": "Point"}, "properties": {"speed": 5}, "type": "Feature"}, {"geometry": {"coordinates": [-122.658103, 45.504795], "type": "Point"}, "properties": {"speed": 0}, "type": "Feature"}, {"geometry": {"coordinates": [-122.65803, 45.5048], "type": "Point"}, "properties": {"speed": 3}, "type": "Feature"}, {"geometry": {"coordinates": [-122.654283, 45.501508], "type": "Point"}, "properties": {"speed": 0}, "type": "Feature"}, {"geometry": {"coordinates": [-122.654283, 45.501508], "type": "Point"}, "properties": {"speed": 0}, "type": "Feature"}, {"geometry": {"coordinates": [-122.654283, 45.501508], "type": "Point"}, "properties": {"speed": 0}, "type": "Feature"}, {"geometry": {"coordinates": [-122.653658, 45.500908], "type": "Point"}, "properties": {"speed": 6}, "type": "Feature"}, {"geometry": {"coordinates": [-122.652902, 45.500717], "type": "Point"}, "properties": {"speed": 7}, "type": "Feature"}, {"geometry": {"coordinates": [-122.649648, 45.499917], "type": "Point"}, "properties": {"speed": 11}, "type": "Feature"}, {"geometry": {"coordinates": [-122.649075, 45.499685], "type": "Point"}, "properties": {"speed": 10}, "type": "Feature"}, {"geometry": {"coordinates": [-122.648318, 45.496778], "type": "Point"}, "properties": {"speed": 10}, "type": "Feature"}, {"geometry": {"coordinates": [-122.648657, 45.494283], "type": "Point"}, "properties": {"speed": 8}, "type": "Feature"}, {"geometry": {"coordinates": [-122.648638, 45.490807], "type": "Point"}, "properties": {"speed": 3}, "type": "Feature"}, {"geometry": {"coordinates": [-122.64159, 45.490247], "type": "Point"}, "properties": {"speed": 14}, "type": "Feature"}, {"geometry": {"coordinates": [-122.635642, 45.490277], "type": "Point"}, "properties": {"speed": 11}, "type": "Feature"}, {"geometry": {"coordinates": [-122.634863, 45.490278], "type": "Point"}, "properties": {"speed": 12}, "type": "Feature"}, {"geometry": {"coordinates": [-122.632883, 45.490603], "type": "Point"}, "properties": {"speed": 8}, "type": "Feature"}, {"geometry": {"coordinates": [-122.629932, 45.490348], "type": "Point"}, "properties": {"speed": 11}, "type": "Feature"}, {"geometry": {"coordinates": [-122.629227, 45.490315], "type": "Point"}, "properties": {"speed": 11}, "type": "Feature"}, {"geometry": {"coordinates": [-122.62845, 45.490308], "type": "Point"}, "properties": {"speed": 12}, "type": "Feature"}, {"geometry": {"coordinates": [-122.626878, 45.490307], "type": "Point"}, "properties": {"speed": 12}, "type": "Feature"}, {"geometry": {"coordinates": [-122.621772, 45.490293], "type": "Point"}, "properties": {"speed": 11}, "type": "Feature"}, {"geometry": {"coordinates": [-122.620425, 45.490292], "type": "Point"}, "properties": {"speed": 10}, "type": "Feature"}, {"geometry": {"coordinates": [-122.609185, 45.490278], "type": "Point"}, "properties": {"speed": 0}, "type": "Feature"}, {"geometry": {"coordinates": [-122.608305, 45.490287], "type": "Point"}, "properties": {"speed": 10}, "type": "Feature"}, {"geometry": {"coordinates": [-122.60747, 45.490292], "type": "Point"}, "properties": {"speed": 13}, "type": "Feature"}, {"geometry": {"coordinates": [-122.600385, 45.490272], "type": "Point"}, "properties": {"speed": 12}, "type": "Feature"}, {"geometry": {"coordinates": [-122.596197, 45.490298], "type": "Point"}, "properties": {"speed": 10}, "type": "Feature"}, {"geometry": {"coordinates": [-122.594873, 45.490297], "type": "Point"}, "properties": {"speed": 10}, "type": "Feature"}, {"geometry": {"coordinates": [-122.59452, 45.490285], "type": "Point"}, "properties": {"speed": 0}, "type": "Feature"}, {"geometry": {"coordinates": [-122.59452, 45.490285], "type": "Point"}, "properties": {"speed": 0}, "type": "Feature"}, {"geometry": {"coordinates": [-122.59452, 45.490285], "type": "Point"}, "properties": {"speed": 0}, "type": "Feature"}, {"geometry": {"coordinates": [-122.592757, 45.490237], "type": "Point"}, "properties": {"speed": 4}, "type": "Feature"}, {"geometry": {"coordinates": [-122.588253, 45.490225], "type": "Point"}, "properties": {"speed": 10}, "type": "Feature"}, {"geometry": {"coordinates": [-122.584675, 45.490233], "type": "Point"}, "properties": {"speed": 12}, "type": "Feature"}, {"geometry": {"coordinates": [-122.582517, 45.490227], "type": "Point"}, "properties": {"speed": 9}, "type": "Feature"}, {"geometry": {"coordinates": [-122.579662, 45.490228], "type": "Point"}, "properties": {"speed": 9}, "type": "Feature"}, {"geometry": {"coordinates": [-122.579338, 45.490227], "type": "Point"}, "properties": {"speed": 5}, "type": "Feature"}, {"geometry": {"coordinates": [-122.575977, 45.490212], "type": "Point"}, "properties": {"speed": 10}, "type": "Feature"}, {"geometry": {"coordinates": [-122.573693, 45.490132], "type": "Point"}, "properties": {"speed": 12}, "type": "Feature"}, {"geometry": {"coordinates": [-122.567132, 45.489932], "type": "Point"}, "properties": {"speed": 10}, "type": "Feature"}, {"geometry": {"coordinates": [-122.566918, 45.489923], "type": "Point"}, "properties": {"speed": 3}, "type": "Feature"}, {"geometry": {"coordinates": [-122.565548, 45.489933], "type": "Point"}, "properties": {"speed": 12}, "type": "Feature"}, {"geometry": {"coordinates": [-122.55976, 45.489805], "type": "Point"}, "properties": {"speed": 16}, "type": "Feature"}, {"geometry": {"coordinates": [-122.552155, 45.489755], "type": "Point"}, "properties": {"speed": 15}, "type": "Feature"}, {"geometry": {"coordinates": [-122.5482, 45.489742], "type": "Point"}, "properties": {"speed": 0}, "type": "Feature"}, {"geometry": {"coordinates": [-122.547823, 45.489738], "type": "Point"}, "properties": {"speed": 6}, "type": "Feature"}, {"geometry": {"coordinates": [-122.538138, 45.489598], "type": "Point"}, "properties": {"speed": 2}, "type": "Feature"}, {"geometry": {"coordinates": [-122.534592, 45.489615], "type": "Point"}, "properties": {"speed": 14}, "type": "Feature"}, {"geometry": {"coordinates": [-122.528273, 45.489648], "type": "Point"}, "properties": {"speed": 14}, "type": "Feature"}, {"geometry": {"coordinates": [-122.68303, 45.511038], "type": "Point"}, "properties": {"speed": 8}, "type": "Feature"}, {"geometry": {"coordinates": [-122.681957, 45.512903], "type": "Point"}, "properties": {"speed": 0}, "type": "Feature"}, {"geometry": {"coordinates": [-122.681957, 45.512903], "type": "Point"}, "properties": {"speed": 0}, "type": "Feature"}, {"geometry": {"coordinates": [-122.68154, 45.513532], "type": "Point"}, "properties": {"speed": 3}, "type": "Feature"}, {"geometry": {"coordinates": [-122.680902, 45.514788], "type": "Point"}, "properties": {"speed": 0}, "type": "Feature"}, {"geometry": {"coordinates": [-122.680902, 45.514788], "type": "Point"}, "properties": {"speed": 0}, "type": "Feature"}, {"geometry": {"coordinates": [-122.680293, 45.515893], "type": "Point"}, "properties": {"speed": 7}, "type": "Feature"}, {"geometry": {"coordinates": [-122.680127, 45.516143], "type": "Point"}, "properties": {"speed": 6}, "type": "Feature"}, {"geometry": {"coordinates": [-122.679178, 45.518132], "type": "Point"}, "properties": {"speed": 7}, "type": "Feature"}, {"geometry": {"coordinates": [-122.679023, 45.518398], "type": "Point"}, "properties": {"speed": 4}, "type": "Feature"}, {"geometry": {"coordinates": [-122.678433, 45.519325], "type": "Point"}, "properties": {"speed": 7}, "type": "Feature"}, {"geometry": {"coordinates": [-122.678328, 45.519523], "type": "Point"}, "properties": {"speed": 4}, "type": "Feature"}, {"geometry": {"coordinates": [-122.67722, 45.521687], "type": "Point"}, "properties": {"speed": 4}, "type": "Feature"}, {"geometry": {"coordinates": [-122.676538, 45.522745], "type": "Point"}, "properties": {"speed": 5}, "type": "Feature"}, {"geometry": {"coordinates": [-122.676497, 45.524305], "type": "Point"}, "properties": {"speed": 5}, "type": "Feature"}, {"geometry": {"coordinates": [-122.676528, 45.52495], "type": "Point"}, "properties": {"speed": 6}, "type": "Feature"}, {"geometry": {"coordinates": [-122.676523, 45.525282], "type": "Point"}, "properties": {"speed": 5}, "type": "Feature"}, {"geometry": {"coordinates": [-122.677597, 45.526918], "type": "Point"}, "properties": {"speed": 6}, "type": "Feature"}, {"geometry": {"coordinates": [-122.6776, 45.527185], "type": "Point"}, "properties": {"speed": 0}, "type": "Feature"}, {"geometry": {"coordinates": [-122.677598, 45.527188], "type": "Point"}, "properties": {"speed": 1}, "type": "Feature"}, {"geometry": {"coordinates": [-122.674912, 45.53133], "type": "Point"}, "properties": {"speed": 15}, "type": "Feature"}, {"geometry": {"coordinates": [-122.672637, 45.532602], "type": "Point"}, "properties": {"speed": 13}, "type": "Feature"}, {"geometry": {"coordinates": [-122.661528, 45.534342], "type": "Point"}, "properties": {"speed": 10}, "type": "Feature"}, {"geometry": {"coordinates": [-122.661212, 45.534328], "type": "Point"}, "properties": {"speed": 5}, "type": "Feature"}, {"geometry": {"coordinates": [-122.653803, 45.534302], "type": "Point"}, "properties": {"speed": 6}, "type": "Feature"}, {"geometry": {"coordinates": [-122.65279, 45.534315], "type": "Point"}, "properties": {"speed": 2}, "type": "Feature"}, {"geometry": {"coordinates": [-122.65085, 45.534312], "type": "Point"}, "properties": {"speed": 9}, "type": "Feature"}, {"geometry": {"coordinates": [-122.648925, 45.5343], "type": "Point"}, "properties": {"speed": 11}, "type": "Feature"}, {"geometry": {"coordinates": [-122.646608, 45.534288], "type": "Point"}, "properties": {"speed": 12}, "type": "Feature"}, {"geometry": {"coordinates": [-122.64132, 45.534317], "type": "Point"}, "properties": {"speed": 7}, "type": "Feature"}, {"geometry": {"coordinates": [-122.64115, 45.534902], "type": "Point"}, "properties": {"speed": 3}, "type": "Feature"}, {"geometry": {"coordinates": [-122.64108, 45.535363], "type": "Point"}, "properties": {"speed": 4}, "type": "Feature"}, {"geometry": {"coordinates": [-122.641157, 45.536958], "type": "Point"}, "properties": {"speed": 10}, "type": "Feature"}, {"geometry": {"coordinates": [-122.641132, 45.542962], "type": "Point"}, "properties": {"speed": 12}, "type": "Feature"}, {"geometry": {"coordinates": [-122.641128, 45.544897], "type": "Point"}, "properties": {"speed": 10}, "type": "Feature"}, {"geometry": {"coordinates": [-122.641137, 45.545443], "type": "Point"}, "properties": {"speed": 12}, "type": "Feature"}, {"geometry": {"coordinates": [-122.641138, 45.547658], "type": "Point"}, "properties": {"speed": 8}, "type": "Feature"}, {"geometry": {"coordinates": [-122.641125, 45.54935], "type": "Point"}, "properties": {"speed": 2}, "type": "Feature"}, {"geometry": {"coordinates": [-122.640135, 45.549537], "type": "Point"}, "properties": {"speed": 6}, "type": "Feature"}, {"geometry": {"coordinates": [-122.638767, 45.549855], "type": "Point"}, "properties": {"speed": 7}, "type": "Feature"}, {"geometry": {"coordinates": [-122.637713, 45.549687], "type": "Point"}, "properties": {"speed": 9}, "type": "Feature"}, {"geometry": {"coordinates": [-122.636608, 45.549745], "type": "Point"}, "properties": {"speed": 9}, "type": "Feature"}, {"geometry": {"coordinates": [-122.635885, 45.550242], "type": "Point"}, "properties": {"speed": 2}, "type": "Feature"}, {"geometry": {"coordinates": [-122.635912, 45.554108], "type": "Point"}, "properties": {"speed": 5}, "type": "Feature"}, {"geometry": {"coordinates": [-122.63737, 45.554335], "type": "Point"}, "properties": {"speed": 2}, "type": "Feature"}, {"geometry": {"coordinates": [-122.637683, 45.554317], "type": "Point"}, "properties": {"speed": 5}, "type": "Feature"}, {"geometry": {"coordinates": [-122.637968, 45.554378], "type": "Point"}, "properties": {"speed": 3}, "type": "Feature"}, {"geometry": {"coordinates": [-122.637942, 45.55652], "type": "Point"}, "properties": {"speed": 7}, "type": "Feature"}, {"geometry": {"coordinates": [-122.637927, 45.558012], "type": "Point"}, "properties": {"speed": 7}, "type": "Feature"}, {"geometry": {"coordinates": [-122.637875, 45.562592], "type": "Point"}, "properties": {"speed": 2}, "type": "Feature"}, {"geometry": {"coordinates": [-122.637942, 45.562708], "type": "Point"}, "properties": {"speed": 3}, "type": "Feature"}, {"geometry": {"coordinates": [-122.63815, 45.570368], "type": "Point"}, "properties": {"speed": 9}, "type": "Feature"}, {"geometry": {"coordinates": [-122.638143, 45.571462], "type": "Point"}, "properties": {"speed": 9}, "type": "Feature"}], "type": "FeatureCollection"}